"CASEID","POINT_X","POINT_Y","YEAR_","LOCATION","CHPTYPE","DAYWEEK","CRASHSEV","VIOLCAT","KILLED","INJURED","WEATHER1","PEDCOL","BICCOL","MCCOL","TRUCKCOL","ETOH","TIMECAT","MONTH_","CRASHTYP","INVOLVE","PED","PRIMARYRD","SECONDRD","DISTANCE","DIRECT","INTERSECT_","PROCDATE","JURIS","DATE_","TIME_","BADGE","JURIDIST","SHIFT","POP","SPECIAL","BEATTYPE","LAPDDIV","BEATCLAS","BEATNUMB","WEATHER2","STATEHW","CALTRANC","CALTRAND","STROUTE","ROUTESUF","POSTPRE","POSTMILE","LOCATYPE","RAMP","SIDEHW","TOWAWAY","PARTIES","PCF","VIOLCODE","VIOL","VIOLSUB","HITRUN","ROADSURF","RDCOND1","RDCOND2","LIGHTING","RIGHTWAY","CHPRDTYP","NOTPRIV","STFAULT","CHPFAULT","SEVINJ","OTHERINJ","COP","PEDKILL","PEDINJ","BICKILL","BICINJ","MCKILL","MCINJURE","RAMP1","RAMP2","CITY","COUNTY","STATE","X_CHP","Y_CHP"
"5852642",-121.643883186,39.1199951071,2012,"5102","0","3","4","14",0,1,"A",,"Y",,,"Y",2400,7,"D","G","A","WALTON AV","CHERRY ST",0,,"Y","2013-10-30",5102,"2012-07-04",2100,"2227","97","5","4","0","0",,"0","007","-","N",,0,0,,,0,,,,"N",2,"A","-",21201,"D","N","A","H","-","C","A","0","Y","L","04",0,0,1,0,0,0,1,0,0,"-","-","YUBA CITY","SUTTER","CA",0,0
"5849649",-121.632100367,39.003993579,2012,"5100","3","3","4","03",0,1,"A",,,,,,900,11,"C","C","A","RT 99","RT 113",0,,"Y","2014-01-04",9285,"2012-11-14",620,"15849",,"1","9","0","1",,"1","051","-","Y","SUT",3,99,"-","-",21,"H","-","S","Y",2,"A","-",22350,,"N","A","H","-","B","A","0","Y","A","07",0,0,1,0,0,0,0,0,0,"-","-","UNINCORPORATED","SUTTER","CA",-121.63198,39.00396
"5849645",-121.671943206,39.1270851088,2012,"5100","4","6","4","12",0,3,"A",,,,,,1800,11,"D","C","A","GEORGE WASHINGTON BL","FRANKLIN RD",0,,"Y","2014-01-04",9285,"2012-11-10",1635,"18522",,"2","9","0","2",,"2","052","-","N",,0,0,,,0,,,,"Y",2,"A","-",22450,"A","N","A","H","-","A","A","0","Y","D","22",0,0,3,0,0,0,0,0,0,"-","-","UNINCORPORATED","SUTTER","CA",0,0
"5849625",-121.642901589,39.224728464,2012,"5100","3","1","4","03",0,1,"A",,,,,,1800,11,"C","C","A","RT 99","KENT AV",1056,"N","N","2014-01-03",9285,"2012-11-19",1700,"014878",,"2","9","0","1",,"1","071","-","Y","SUT",3,99,"-","-",36.52,"H","-","S","Y",2,"A","-",22350,,"N","A","C","-","D","D","1","Y","A","01",0,0,1,0,0,0,0,0,0,"-","-","UNINCORPORATED","SUTTER","CA",-121.64283,39.22419
"5849613",-121.563015636,38.7499287079,2012,"5100","5","1","4","08",0,1,"A",,,,,,1500,11,"E","I","A","RIEGO RD","POWERLINE RD",3950,"E","N","2014-01-03",9285,"2012-11-05",1344,"13174",,"1","9","0","3",,"2","001","-","N",,0,0,,,0,,,,"Y",1,"A","-",22107,,"N","A","H","-","A","D","0","Y","D","22",0,0,1,0,0,0,0,0,0,"-","-","UNINCORPORATED","SUTTER","CA",-121.56261,38.74989
"5849605",-121.640329806,39.2354914946,2012,"5100","5","4","4","03",0,1,"A",,,,"Y",,1800,11,"F","A","A","KENT AV","HERMANSEN AV",144,"S","N","2014-01-09",9285,"2012-11-01",1550,"15048",,"2","9","0","3",,"2","007","-","N",,0,0,,,0,,,,"Y",1,"A","-",22350,,"N","A","H","-","A","A","0","Y","F","26",0,0,1,0,0,0,0,0,0,"-","-","UNINCORPORATED","SUTTER","CA",-121.64032,39.235
"5849501",-121.660629417,39.27348829,2012,"5101","0","3","4","14",0,1,"A",,,,,,2100,11,"D","C","A","RT 99","ELM ST",0,,"Y","2014-01-02",5100,"2012-11-07",1854,"2081","LOCA3","5","2","0","0",,"0","001","-","Y","SUT",3,99,"-","-",40.06,"I","5","S","Y",2,"A","-",24400,,"N","A","H","-","C","D","0","Y","D","22",0,0,1,0,0,0,0,0,0,"-","-","LIVE OAK","SUTTER","CA",0,0
"5849484",-121.634548275,39.124288533,2012,"5100","3","4","4","03",0,2,"A",,,,,,1800,10,"B","C","A","RT 99","FRANKLIN AV",1056,"S","N","2013-12-23",9285,"2012-10-18",1715,"017889",,"2","9","0","1",,"1","051","-","Y","SUT",3,99,"-","-",29.47,"H","-","N","Y",4,"A","-",22350,,"N","A","H","-","A","D","0","Y","A","07",0,0,2,0,0,0,0,0,0,"-","-","UNINCORPORATED","SUTTER","CA",-121.63443,39.12381
"5847418",-121.634442388,39.101841476,2012,"5100","3","6","4","09",0,1,"A",,,"Y",,,2100,9,"B","C","A","RT 99","SMITH RD",0,,"Y","2014-04-01",9285,"2012-09-29",1905,"18340",,"2","9","0","1",,"1","051","-","Y","SUT",3,99,"-","-",27.91,"I","5","N","Y",2,"A","-",21801,"A","N","A","H","-","C","D","0","Y","A","08",0,0,1,0,0,0,0,0,1,"-","-","UNINCORPORATED","SUTTER","CA",-121.63448,39.10194
"5847316",-121.738062356,39.1678176109,2012,"5100","4","4","3","01",0,1,"A",,,,,"Y",2100,10,"D","I","A","BUTTE HOUSE RD","OAK ST",690,"E","N","2013-12-17",9285,"2012-10-11",1835,"016343",,"2","9","0","2",,"2","073","-","N",,0,0,,,0,,,,"Y",1,"A","-",23152,"A","N","A","H","-","A","D","0","Y","A","07",0,1,0,0,0,0,0,0,0,"-","-","UNINCORPORATED","SUTTER","CA",-121.44168,39.10039
"5847312",0,0,2012,"5100","5","5","4","08",0,1,"A",,,,,,600,10,"E","I","A","PLEASANT GROVE RD","SYCAMORE ST",100,"S","N","2013-12-17",9285,"2012-10-12",520,"015849",,"3","9","0","3",,"2","001","-","N",,0,0,,,0,,,,"Y",1,"A","-",22107,,"N","A","H","-","D","D","0","Y","A","01",0,0,1,0,0,0,0,0,0,"-","-","UNINCORPORATED","SUTTER","CA",0,0
"5847300",-121.579285816,38.894100013,2012,"5100","3","1","3","18",0,1,"A",,,"Y",,,600,10,"D","H","A","RT 99","NICOLAUS AV",1584,"S","N","2013-12-17",9285,"2012-10-01",330,"018522",,"3","9","0","1",,"1","011","-","Y","SUT",3,99,"-","-",11.5,"H","-","N","N",1,"C","-",0,,"N","A","H","-","D","D","0","Y","-","-",0,1,0,0,0,0,0,0,1,"-","-","UNINCORPORATED","SUTTER","CA",-121.57787,38.89293
"5844518",-121.646943268,39.1576550213,2012,"5102","0","5","3","09",0,1,"A",,"Y",,,,1500,9,"D","C","A","BRADLEY ESTATES DR","PATTY DR",0,,"Y","2013-12-10",5102,"2012-09-21",1447,"4079","5102","5","4","0","0",,"0","002","-","N",,0,0,,,0,,,,"N",2,"A","-",21801,"A","N","A","H","-","A","D","0","Y","L","04",0,1,0,0,0,0,1,0,0,"-","-","YUBA CITY","SUTTER","CA",0,0
"5844480",-121.634531739,39.135698211,2012,"5102","0","5","4","03",0,2,"A",,,,,,2100,9,"C","C","A","RT 99","SUNSWEET BL",200,"S","N","2013-12-10",5102,"2012-09-21",1816,"4086","SUTTE","5","4","0","0",,"0","002","-","Y","SUT",3,99,"-","-",30.21,"H","-","S","Y",2,"A","-",22350,,"N","A","H","-","B","A","0","Y","A","01",0,0,2,0,0,0,0,0,0,"-","-","YUBA CITY","SUTTER","CA",0,0
"5837660",-121.662463227,39.1271451064,2012,"5100","5","5","3","01",0,2,"A",,,,,"Y",2400,9,"D","C","A","FRANKLIN RD","EL MARGARITA RD",0,,"Y","2013-12-10",9285,"2012-09-07",2300,"17889",,"3","9","0","3",,"2","005","-","N",,0,0,,,0,,,,"Y",2,"A","-",23152,"A","N","A","H","-","C","A","0","Y","A","01",0,1,1,0,0,0,0,0,0,"-","-","UNINCORPORATED","SUTTER","CA",-121.3945,39.0738
"5836879",-121.635775795,39.1323799697,2012,"5102","0","2","4","08",0,1,"A",,,"Y",,,1200,9,"B","C","A","BRIDGE ST","ONSTOTT FRONTAGE RD",100,"W","N","2013-12-04",5102,"2012-09-25",1127,"4040","5102","5","4","0","0",,"0","004","-","N",,0,0,,,0,,,,"N",2,"A","-",22107,,"N","A","H","-","A","D","0","Y","A","01",0,0,1,0,0,0,0,0,1,"-","-","YUBA CITY","SUTTER","CA",0,0
"5836875",-121.630914576,39.141627477,2012,"5102","0","1","2","11",0,1,"A","Y",,,,,1500,9,"G","B","D","RT 20","GRAY AV",60,"W","N","2014-04-30",5102,"2012-09-24",1346,"4083","5102","5","4","0","0",,"0","003","-","Y","SUT",3,20,"-","-",15.8,"H","-","E","Y",2,"A","-",21950,"B","N","A","H","-","A","A","0","Y","N","60",1,0,0,0,1,0,0,0,0,"-","-","YUBA CITY","SUTTER","CA",0,0
"5836871",-121.638653155,39.1464750054,2012,"5102","0","5","4","03",0,1,"A",,,,,,2100,9,"C","C","A","BUTTE HOUSE RD","CIVIC CENTER BL",0,,"Y","2014-02-03",5102,"2012-09-21",1813,"448","5102","5","4","0","0",,"0","002","-","N",,0,0,,,0,,,,"N",2,"A","-",22350,,"N","A","-","-","A","A","0","Y","A","01",0,0,1,0,0,0,0,0,0,"-","-","YUBA CITY","SUTTER","CA",0,0
"5836867",-121.623650074,39.127524496,2012,"5102","0","6","4","08",0,2,"A",,,,,,2100,9,"D","D","A","FRANKLIN AV","CLARK AV",335,"E","N","2013-12-04",5102,"2012-09-15",1817,"4050","5102","5","4","0","0",,"0","005","-","N",,0,0,,,0,,,,"Y",2,"A","-",22107,,"N","A","H","-","A","D","0","Y","A","01",0,0,2,0,0,0,0,0,0,"-","-","YUBA CITY","SUTTER","CA",0,0
"5836863",-121.615333191,39.1353250453,2012,"5102","0","1","4","03",0,1,"A",,,,,,1200,9,"C","C","A","BRIDGE ST","PLUMAS",0,"E","N","2013-12-04",5102,"2012-09-24",1122,"4083","5102","5","4","0","0",,"0","004","-","N",,0,0,,,0,,,,"N",2,"A","-",22350,,"N","A","H","-","A","A","0","Y","-","-",0,0,1,0,0,0,0,0,0,"-","-","YUBA CITY","SUTTER","CA",0,0
"5836859",-121.607486737,39.1379829258,2012,"5102","0","2","4","08",0,1,"A",,,,,,2100,9,"A","C","A","2ND ST","BRIDGE ST",45,"S","N","2013-12-04",5102,"2012-09-18",2009,"4076","5102","5","4","0","0",,"0","004","-","N",,0,0,,,0,,,,"Y",2,"A","-",22107,,"N","A","H","-","B","D","0","Y","A","01",0,0,1,0,0,0,0,0,0,"-","-","YUBA CITY","SUTTER","CA",0,0
"5836855",-121.606070785,39.1304912895,2012,"5102","0","1","4","21",0,2,"A",,,,,,1800,9,"C","C","A","GARDEN HWY","FRANKLIN AV",10,"S","N","2013-12-04",5102,"2012-09-17",1730,"441","5102","5","4","0","0",,"0","005","-","N",,0,0,,,0,,,,"N",2,"A","-",22106,,"F","A","H","-","A","A","0","Y","A","01",0,0,2,0,0,0,0,0,0,"-","-","YUBA CITY","SUTTER","CA",0,0
"5836851",-121.62819727,39.141750596,2012,"5102","0","1","3","06",0,1,"A",,,"Y",,,2100,9,"B","C","A","RT 20","STAFFORD WY",0,,"Y","2014-04-30",5102,"2012-09-17",2037,"4034","5102","5","4","0","0",,"0","004","-","Y","SUT",3,20,"-","-",15.95,"H","-","W","Y",2,"A","-",21755,,"N","A","H","-","C","A","0","Y","C","02",0,1,0,0,0,0,0,0,1,"-","-","YUBA CITY","SUTTER","CA",0,0
"5836847",-121.655480169,39.1496475676,2012,"5102","0","2","4","08",0,2,"A",,"Y","Y",,"Y",1200,9,"D","C","A","HARTER PKWY","BUTTE HOUSE RD",600,"S","N","2013-12-04",5102,"2012-09-18",938,"4081","5102","5","4","0","0",,"0","001","-","N",,0,0,,,0,,,,"N",2,"A","-",22107,,"N","A","H","-","A","D","0","Y","L","04",0,0,2,0,0,0,1,0,1,"-","-","YUBA CITY","SUTTER","CA",0,0
"5836804",-121.63090188,39.1272387095,2012,"5102","0","3","4","08",0,1,"A",,,,,,1500,9,"D","C","A","FRANKLIN RD","BARRETT AV",60,"E","N","2014-02-04",5102,"2012-09-26",1245,"4081","5102","5","4","0","0",,"0","004","-","N",,0,0,,,0,,,,"Y",2,"A","-",22107,,"N","A","H","-","A","D","0","Y","A","01",0,0,1,0,0,0,0,0,0,"-","-","YUBA CITY","SUTTER","CA",0,0
"5834705",-121.916918292,39.1870887664,2012,"5100","5","5","4","08",0,2,"A",,,,,,300,10,"E","I","A","PASS RD","MAWSON RD",214,"W","N","2013-12-26",9285,"2012-10-12",255,"017163",,"3","9","0","3",,"2","007","-","N",,0,0,,,0,,,,"Y",1,"A","-",22107,,"N","A","H","-","D","D","0","Y","A","01",0,0,2,0,0,0,0,0,0,"-","-","UNINCORPORATED","SUTTER","CA",-121.9167,39.18696
"5831777",-121.643872769,39.1323165524,2012,"5102","0","3","4","-",0,1,"A",,,,,,2100,9,"A","C","A","BRIDGE ST","WALTON AV",20,"E","N","2013-12-07",5102,"2012-09-12",1955,"4069","5102","5","4","0","0",,"0","002","-","N",,0,0,,,0,,,,"N",2,"-","-",0,,"N","A","H","-","C","A","0","Y","-","-",0,0,1,0,0,0,0,0,0,"-","-","YUBA CITY","SUTTER","CA",0,0
"5831776",-121.620342842,39.1084293021,2012,"5102","0","3","3","09",0,2,"A",,,,,,1200,9,"D","C","A","SCIROCCO DR","SCOTTEN CT",100,"N","N","2013-12-07",5102,"2012-09-12",908,"4040","5102","5","4","0","0",,"0","005","-","N",,0,0,,,0,,,,"N",2,"A","-",21804,"A","N","A","H","-","A","D","0","Y","A","07",0,1,1,0,0,0,0,0,0,"-","-","YUBA CITY","SUTTER","CA",0,0
"5831775",-121.633272795,39.132393001,2012,"5102","0","7","4","03",0,2,"A",,,"Y",,,2100,9,"C","C","A","BRIDGE ST","PALORA AV",20,"E","N","2013-12-07",5102,"2012-09-09",1956,"4067","5102","5","4","0","0",,"0","004","-","N",,0,0,,,0,,,,"Y",4,"A","-",22350,,"N","A","H","-","C","A","0","Y","A","01",0,0,2,0,0,0,0,0,0,"-","-","YUBA CITY","SUTTER","CA",0,0
"5830627",-121.62559313,39.1410350953,2012,"5102","0","1","4","09",0,2,"C",,,,,,1500,10,"D","C","A","CLARK AV","ELLIS WY",0,,"Y","2013-12-16",5102,"2012-10-22",1453,"4028","5102","5","4","0","0",,"0","003","-","N",,0,0,,,0,,,,"Y",2,"A","-",21802,"A","N","B","H","-","A","A","0","Y","A","01",0,0,2,0,0,0,0,0,0,"-","-","YUBA CITY","SUTTER","CA",0,0
"5830615",-121.634753243,39.1548850753,2012,"5102","0","2","3","09",0,1,"A",,,,,,1500,11,"A","C","A","E ONSTOTT FRONTAGE RD","CASITA DR",0,,"Y","2013-12-31",5102,"2012-11-06",1309,"4079","5102","5","4","0","0",,"0","003","-","N",,0,0,,,0,,,,"Y",2,"A","-",21801,"A","N","A","H","-","A","D","0","Y","D","22",0,1,0,0,0,0,0,0,0,"-","-","YUBA CITY","SUTTER","CA",0,0
"5830611",-121.630223236,39.1439350962,2012,"5102","0","5","4","17",0,1,"A",,"Y",,,,1800,10,"D","G","A","AINSLEY AV","GRAY AV",0,,"Y","2013-12-16",5102,"2012-10-26",1755,"4072","5102","5","4","0","0",,"0","003","-","N",,0,0,,,0,,,,,2,"A","-",21208,"A","N","A","H","-","A","A","0","Y","L","04",0,0,1,0,0,0,1,0,0,"-","-","YUBA CITY","SUTTER","CA",0,0
"5830607",-121.618318404,39.145693137,2012,"5102","0","6","3","21",0,1,"A",,,"Y",,,2100,11,"H","A","A","BIRD ST","PLUMAS ST",200,"W","N","2014-03-13",5102,"2012-11-03",2049,"4067","5102","5","4","0","0",,"0","003","-","N",,0,0,,,0,,,,"N",2,"A","-",22106,,"N","A","H","-","C","A","0","Y","D","22",0,1,0,0,0,0,0,0,1,"-","-","YUBA CITY","SUTTER","CA",0,0
"5830603",0,0,2012,"5102","0","7","3","05",0,1,"A",,"Y",,,,1200,10,"D","G","A","FRANKLIN RD","THARP RD",30,"W","N","2013-12-16",5102,"2012-10-14",1141,"4066","5102","5","4","0","0",,"0","001","-","N",,0,0,,,0,,,,"N",2,"A","-",21202,"A","N","A","H","-","A","D","0","Y","L","04",0,1,0,0,0,0,1,0,0,"-","-","YUBA CITY","SUTTER","CA",0,0
"5814199",-121.638698212,39.141845168,2012,"5102","S","2","4","09",0,1,"A",,,,,,1800,10,"D","C","A","RT 20","CIVIC CENTER BL",172,"E","N","2012-12-24",9285,"2012-10-30",1735,"18632",,"2","4","0","1",,"2","901","-","Y","SUT",3,20,"-","R",15.38,"H","-","W","N",2,"A","-",21801,"A","N","A","H","-","A","D","0","Y","A","07",0,0,1,0,0,0,0,0,0,"-","-","YUBA CITY","SUTTER","CA",-121.6385,39.1419
"5811826",-121.655453127,39.1512950853,2012,"5102","0","7","4","12",0,1,"A",,,,,,2100,8,"A","C","A","BUTTE HOUSE RD","HARTER PKWY",0,,"Y","2013-11-09",5102,"2012-08-05",1956,"4022","5102","5","4","0","0",,"0","001","-","N",,0,0,,,0,,,,"Y",2,"A","-",21453,"A","N","A","H","-","B","A","0","Y","A","01",0,0,1,0,0,0,0,0,0,"-","-","YUBA CITY","SUTTER","CA",0,0
"5811825",-121.623030205,39.141567667,2012,"5102","0","7","4","09",0,1,"A",,,,,,1800,8,"D","C","A","RT 20","ORANGE ST",0,,"Y","2014-04-30",5102,"2012-08-05",1620,"4034","5102","5","4","0","0",,"0","003","-","Y","SUT",3,20,"-","-",16.23,"I","5","W","Y",2,"A","-",21802,"A","N","A","H","-","A","A","0","Y","A","01",0,0,1,0,0,0,0,0,0,"-","-","YUBA CITY","SUTTER","CA",0,0
"5811824",-121.634533222,39.127779385,2012,"5102","0","5","4","03",0,1,"A",,,,,,1200,8,"C","C","A","RT 99","FRANKLIN RD",12,"N","N","2013-11-09",5102,"2012-08-03",916,"4081","5102","5","4","0","0",,"0","002","-","Y","SUT",3,99,"-","-",29.68,"H","-","S","N",2,"A","-",22350,,"N","A","H","-","A","A","0","Y","A","01",0,0,1,0,0,0,0,0,0,"-","-","YUBA CITY","SUTTER","CA",0,0
"5811823",-121.635082928,39.144165059,2012,"5102","0","3","4","04",0,1,"A",,,,,,1800,8,"C","C","A","RT 99","RT 20",15,"N","N","2013-11-09",5102,"2012-08-01",1507,"4028","5102","5","4","0","0",,"0","002","-","Y","SUT",3,99,"-","R",30.88,"H","-","S","Y",2,"A","-",21703,,"N","A","H","-","A","A","0","Y","A","01",0,0,1,0,0,0,0,0,0,"-","-","YUBA CITY","SUTTER","CA",0,0
"5811822",-121.61626319,39.1292650638,2012,"5102","0","4","4","09",0,2,"A",,,,,,1800,8,"D","C","A","FRANKLIN AV","PERCY AV",0,,"Y","2013-11-09",5102,"2012-08-02",1603,"4083","5102","5","4","0","0",,"0","004","-","N",,0,0,,,0,,,,"Y",2,"A","-",21802,"B","N","A","H","-","A","A","0","Y","-","-",0,0,2,0,0,0,0,0,0,"-","-","YUBA CITY","SUTTER","CA",0,0
"5811821",-121.634472023,39.132346218,2012,"5102","0","3","4","04",0,1,"A",,,"Y",,,1200,8,"C","C","A","BRIDGE ST","RT 99",0,,"Y","2013-11-09",5102,"2012-08-01",1112,"4081","5102","5","4","0","0",,"0","004","-","Y","SUT",3,99,"-","-",30.03,"I","5","N","N",3,"A","-",21703,,"N","A","H","-","A","A","0","Y","A","01",0,0,1,0,0,0,0,0,1,"-","-","YUBA CITY","SUTTER","CA",0,0
"5809268",-121.634233148,39.1516550825,2012,"5102","0","4","4","09",0,2,"A",,,,,,2400,10,"A","C","A","QUEENS AV","E ONSTOTT FRONTAGE RD",0,,"Y","2013-12-20",5102,"2012-10-18",2307,"4034","5102","5","4","0","0",,"0","003","-","N",,0,0,,,0,,,,"Y",2,"A","-",21801,"A","N","A","H","-","C","A","0","Y","D","22",0,0,2,0,0,0,0,0,0,"-","-","YUBA CITY","SUTTER","CA",0,0
"5805556",-121.636841532,39.2066725929,2012,"5100","4","2","2","08",0,1,"A",,"Y",,"Y",,1500,10,"B","G","A","LIVE OAK BL","EAGER RD",6336,"N","N","2013-12-17",9285,"2012-10-09",1340,"018632",,"1","9","0","2",,"2","073","-","N",,0,0,,,0,,,,"N",2,"A","-",22107,,"N","A","H","-","A","D","0","Y","L","04",1,0,0,0,0,0,1,0,0,"-","-","UNINCORPORATED","SUTTER","CA",-121.63715,39.20761
"5802867",-121.660906619,39.274740497,2012,"5101","0","1","4","03",0,1,"A",,,,,,1800,10,"C","C","A","RT 99","PENNINGTON RD",450,"S","N","2013-12-17",5100,"2012-10-01",1622,"2506","5100","5","2","0","0",,"0","002","-","Y","SUT",3,99,"-","-",40.16,"H","-","N","Y",2,"A","-",22350,,"N","A","H","-","A","A","0","Y","A","07",0,0,1,0,0,0,0,0,0,"-","-","LIVE OAK","SUTTER","CA",0,0
"5799050",-121.72481965,39.1667704918,2012,"5100","3","3","3","01",0,1,"A",,,,,,2100,8,"E","J","A","BUTTE HOUSE RD","HUMPHREY RD",320,"E","N","2014-03-03",9285,"2012-08-08",1820,"18658",,"2","9","0","1",,"1","071","-","N",,0,0,,,0,,,,"Y",1,"A","-",23152,"A","N","A","H","-","A","D","0","Y","A","01",0,1,0,0,0,0,0,0,0,"-","-","UNINCORPORATED","SUTTER","CA",-121.72531,39.1667
"5797758",-121.623826015,39.130279293,2012,"5102","0","2","4","01",0,1,"A",,,,,,1800,8,"C","C","A","B ST","COOPER AV",168,"W","N","2013-11-09",5102,"2012-08-14",1503,"4028","5102","5","4","0","0",,"0","004","-","N",,0,0,,,0,,,,"Y",2,"A","-",23153,"A","N","A","H","-","A","D","0","Y","A","01",0,0,1,0,0,0,0,0,0,"-","-","YUBA CITY","SUTTER","CA",0,0
"5797731",-121.629893172,39.1323251112,2012,"5102","0","3","4","08",0,2,"A",,,,,,1500,8,"B","C","A","GRAY AV","BRIDGE ST",0,,"Y","2013-12-03",5102,"2012-08-15",1301,"4083","5102","5","4","0","0",,"0","003","-","N",,0,0,,,0,,,,"Y",3,"A","-",22107,,"N","A","H","-","A","A","0","Y","-","-",0,0,2,0,0,0,0,0,0,"-","-","YUBA CITY","SUTTER","CA",0,0
"5797719",-121.620632597,39.15256148,2012,"5102","0","7","4","09",0,1,"A",,,,,,2100,8,"D","C","A","LIVE OAK BL","QUEENS AV",250,"N","N","2013-11-09",5102,"2012-08-05",2056,"4049","5102","5","4","0","0",,"0","003","-","N",,0,0,,,0,,,,"N",2,"A","-",21804,"A","N","A","H","-","C","D","0","Y","A","01",0,0,1,0,0,0,0,0,0,"-","-","YUBA CITY","SUTTER","CA",0,0
"5797711",-121.625662385,39.1425739305,2012,"5102","0","1","3","05",0,1,"A",,,"Y",,,1500,8,"B","C","A","CLARK AV","WILWICK WY",15,"S","N","2013-11-09",5102,"2012-08-06",1250,"4079","5102","5","4","0","0",,"0","003","-","N",,0,0,,,0,,,,"Y",2,"A","-",21650,,"N","A","H","-","A","D","0","Y","A","01",0,1,0,0,0,0,0,0,1,"-","-","YUBA CITY","SUTTER","CA",0,0
"5797577",-121.636445811,39.127278864,2012,"5102","0","2","4","04",0,1,"A",,,,,,1800,8,"C","C","A","FRANKLIN RD","RT 99",540,"W","N","2013-11-09",5102,"2012-08-07",1630,"4079",,"5","4","0","0",,"0","004","-","N",,0,0,,,0,,,,"N",2,"A","-",21703,,"N","A","H","-","A","A","0","Y","A","01",0,0,1,0,0,0,0,0,0,"-","-","YUBA CITY","SUTTER","CA",0,0
"5797569",-121.615758107,39.141279147,2012,"5102","0","2","4","07",0,1,"A",,,,,,1500,8,"B","C","A","RT 20","SHASTA WAY",126,"E","N","2014-04-30",5102,"2012-08-07",1216,"4028","5102","5","4","0","0",,"0","003","-","Y","SUT",3,20,"-","-",16.64,"H","-","W","N",2,"A","-",21658,"A","N","A","H","-","A","A","0","Y","A","01",0,0,1,0,0,0,0,0,0,"-","-","YUBA CITY","SUTTER","CA",0,0
"5797303",-121.715354172,38.810196521,2012,"5100","3","4","4","08",0,1,"A",,,,,,600,8,"C","C","A","RT 113","KNIGHTS RD",1056,"S","N","2013-11-16",9285,"2012-08-09",540,"015849",,"3","9","0","1",,"1","031","-","Y","SUT",3,113,"-","-",0.58,"H","-","S","Y",2,"A","-",22107,,"N","A","H","-","B","D","0","Y","A","01",0,0,1,0,0,0,0,0,0,"-","-","UNINCORPORATED","SUTTER","CA",-121.71905,38.8359
"5797299",-121.741673146,39.168135018,2012,"5100","4","3","4","09",0,1,"A",,,,,,900,8,"D","C","A","BUTTE HOUSE RD","CYPRESS ST",0,,"Y","2013-11-16",9285,"2012-08-08",853,"13174",,"1","9","0","2",,"2","073","-","N",,0,0,,,0,,,,"Y",2,"A","-",21802,"A","N","A","H","-","A","A","0","Y","A","01",0,0,1,0,0,0,0,0,0,"-","-","UNINCORPORATED","SUTTER","CA",-121.74163,39.16805
"5797295",-121.634413104,39.09795523,2012,"5100","3","1","4","04",0,3,"A",,,,,,1800,8,"C","C","A","RT 99","BOGUE RD",50,"S","N","2013-11-16",9285,"2012-08-06",1545,"13174",,"2","9","0","1",,"1","051","-","Y","SUT",3,99,"-","-",27.64,"H","-","N","Y",2,"A","-",21703,,"N","A","H","-","A","A","0","Y","A","01",0,0,3,0,0,0,0,0,0,"-","-","UNINCORPORATED","SUTTER","CA",-121.63442,39.0979
"5795762",-121.658193244,39.2719750072,2012,"5101","0","3","3","03",0,2,"A",,,,,,1200,8,"B","C","A","ARCHER AV","L ST",0,,"Y","2013-12-19",5100,"2012-08-08",1144,"2100","LOCA4","5","2","0","0",,"0","01A","-","N",,0,0,,,0,,,,"Y",2,"A","-",22350,,"N","A","H","-","A","D","0","Y","A","01",0,1,1,0,0,0,0,0,0,"-","-","LIVE OAK","SUTTER","CA",0,0
"5787471",-121.632082944,39.1127511522,2012,"5102","0","4","4","03",0,1,"A",,,,,,2100,8,"C","C","A","LINCOLN RD","PHILLIPS RD",20,"E","N","2013-11-12",5102,"2012-08-16",1905,"4069","5102","5","4","0","0",,"0","005","-","N",,0,0,,,0,,,,"N",2,"A","-",22350,,"N","A","H","-","A","D","0","Y","A","01",0,0,1,0,0,0,0,0,0,"-","-","YUBA CITY","SUTTER","CA",0,0
"5787467",0,0,2012,"5102","0","7","4","12",0,1,"A",,,,,,1800,8,"D","C","A","BUTTE HOUSE RD","YUBA PLAZA DR",0,,"Y","2013-11-12",5102,"2012-08-12",1622,"4073","5102","5","4","0","0",,"0","003","-","N",,0,0,,,0,,,,"N",2,"A","-",21453,"A","N","A","H","-","A","A","0","Y","A","01",0,0,1,0,0,0,0,0,0,"-","-","YUBA CITY","SUTTER","CA",0,0
"5787463",-121.623273238,39.1304450009,2012,"5102","0","3","4","09",0,2,"A",,,,,,1200,8,"A","C","A","B ST","COOPER AV",0,,"Y","2013-11-12",5102,"2012-08-15",941,"4028","5102","5","4","0","0",,"0","004","-","N",,0,0,,,0,,,,"Y",2,"A","-",21802,"A","N","A","H","-","A","A","0","Y","A","08",0,0,2,0,0,0,0,0,0,"-","-","YUBA CITY","SUTTER","CA",0,0