"CASEID","POINT_X","POINT_Y","YEAR_","LOCATION","CHPTYPE","DAYWEEK","CRASHSEV","VIOLCAT","KILLED","INJURED","WEATHER1","PEDCOL","BICCOL","MCCOL","TRUCKCOL","ETOH","TIMECAT","MONTH_","CRASHTYP","INVOLVE","PED","PRIMARYRD","SECONDRD","DISTANCE","DIRECT","INTERSECT_","PROCDATE","JURIS","DATE_","TIME_","BADGE","JURIDIST","SHIFT","POP","SPECIAL","BEATTYPE","LAPDDIV","BEATCLAS","BEATNUMB","WEATHER2","STATEHW","CALTRANC","CALTRAND","STROUTE","ROUTESUF","POSTPRE","POSTMILE","LOCATYPE","RAMP","SIDEHW","TOWAWAY","PARTIES","PCF","VIOLCODE","VIOL","VIOLSUB","HITRUN","ROADSURF","RDCOND1","RDCOND2","LIGHTING","RIGHTWAY","CHPRDTYP","NOTPRIV","STFAULT","CHPFAULT","SEVINJ","OTHERINJ","COP","PEDKILL","PEDINJ","BICKILL","BICINJ","MCKILL","MCINJURE","RAMP1","RAMP2","CITY","COUNTY","STATE","X_CHP","Y_CHP"
"5786611",-121.630302085,39.1323298211,2012,"5102","0","7","4","03",0,1,"A",,,,,"Y",2100,9,"C","C","A","BRIDGE ST","GRAY AV",116,"W","N","2013-12-04",5102,"2012-09-30",2033,"4071","5102","5","4","0","0",,"0","004","-","N",,0,0,,,0,,,,"N",3,"A","-",22350,,"F","A","H","-","C","A","0","Y","-","-",0,0,1,0,0,0,0,0,0,"-","-","YUBA CITY","SUTTER","CA",0,0
"5786610",-121.628325238,39.141640949,2012,"5102","0","5","3","09",0,2,"A",,,,,,1800,9,"D","C","A","RT 20","STAFFORD WY",0,,"Y","2014-04-30",5102,"2012-09-28",1639,"4056",,"5","4","0","0",,"0","004","-","Y","SUT",3,20,"-","-",15.94,"I","5","E","Y",3,"A","-",21801,"A","N","A","H","-","A","A","0","Y","A","01",0,2,0,0,0,0,0,0,0,"-","-","YUBA CITY","SUTTER","CA",0,0
"5782719",-121.620296819,39.133607351,2012,"5102","0","1","3","05",0,1,"A",,"Y",,,,1800,8,"D","G","A","BRIDGE ST","HAWTHORNE ST",2,"E","N","2013-11-25",5102,"2012-08-27",1542,"4028","5102","5","4","0","0",,"0","004","-","N",,0,0,,,0,,,,"N",2,"A","-",21650,"1","N","A","H","-","A","A","0","Y","L","04",0,1,0,0,0,0,1,0,0,"-","-","YUBA CITY","SUTTER","CA",0,0
"5782708",-121.618863123,39.1191450196,2012,"5102","0","3","4","10",0,1,"A","Y",,,,,900,8,"G","B","B","MAIN ST","WINSHIP DR",0,,"Y","2013-11-26",5102,"2012-08-29",842,"4040","5102","5","4","0","0",,"0","005","-","N",,0,0,,,0,,,,"N",2,"A","-",21950,"A","N","A","H","-","A","D","0","Y","A","01",0,0,1,0,1,0,0,0,0,"-","-","YUBA CITY","SUTTER","CA",0,0
"5782684",-121.64402321,39.141785159,2012,"5102","0","6","4","01",0,1,"A",,,,,,1500,8,"C","C","A","STABLER LN","RT 20",150,"S","N","2014-04-30",5102,"2012-08-11",1219,"4029","5102","5","4","0","0",,"0","002","-","Y","SUT",3,20,"-","R",15.094,"I","6","W","Y",3,"A","-",23152,"A","F","A","H","-","A","A","0","Y","-","-",0,0,1,0,0,0,0,0,0,"-","-","YUBA CITY","SUTTER","CA",0,0
"5778279",-121.661000771,39.275165804,2012,"5101","0","2","4","03",0,1,"A",,,,,,1500,6,"C","C","A","RT 99","PENNINGTON RD",296,"S","N","2014-01-15",5100,"2012-06-26",1437,"2091",,"5","2","0","0",,"0",,"-","Y","SUT",3,99,"-","-",40.19,"H","-","N","Y",2,"A","-",22350,,"N","A","H","-","A","A","0","Y","A","01",0,0,1,0,0,0,0,0,0,"-","-","LIVE OAK","SUTTER","CA",0,0
"5778275",-121.660557152,39.273181513,2012,"5101","0","2","4","03",0,1,"A",,,,,,1500,6,"C","C","A","RT 99","ELM ST",75,"S","N","2014-01-15",5100,"2012-06-12",1308,"2119",,"5","2","0","0",,"0",,"-","Y","SUT",3,99,"-","-",40.05,"H","-","N","Y",5,"A","-",22350,,"N","A","H","-","A","D","0","Y","D","22",0,0,1,0,0,0,0,0,0,"-","-","LIVE OAK","SUTTER","CA",0,0
"5778075",-121.772859154,39.142454038,2012,"5100","3","5","4","03",0,2,"A",,,,,,1200,9,"C","C","A","RT 20","ACACIA AV",5280,"W","N","2014-04-30",9285,"2012-09-28",1154,"015048",,"1","9","0","1",,"2","072","-","Y","SUT",3,20,"-","-",8.18,"H","-","W","Y",2,"A","-",22350,,"N","A","H","-","A","D","0","Y","A","01",0,0,2,0,0,0,0,0,0,"-","-","UNINCORPORATED","SUTTER","CA",-121.77748,39.14324
"5778071",-121.634772,39.040271667,2012,"5100","3","5","3","08",0,1,"A",,,"Y",,,1500,8,"B","C","A","RT 99","HUTCHINSON RD",80,"S","N","2013-11-09",9285,"2012-08-31",1225,"14825",,"1","9","0","1",,"1","051","-","Y","SUT",3,99,"-","-",23.59,"H","-","N","Y",2,"A","-",22107,,"N","-","A","H","A","D","0","Y","D","22",0,1,0,0,0,0,0,0,1,"-","-","UNINCORPORATED","SUTTER","CA",-121.63462,39.03964
"5778059",-121.755040935,39.1609939006,2012,"5100","5","5","4","03",0,1,"A","Y",,,,,1500,9,"B","B","E","WALNUT AV","NELSON ST",371,"N","N","2013-12-12",9285,"2012-09-21",1300,"014744",,"1","9","0","3",,"2","007","-","N",,0,0,,,0,,,,"N",2,"A","-",22350,,"N","A","H","-","A","D","0","Y","D","22",0,0,1,0,1,0,0,0,0,"-","-","UNINCORPORATED","SUTTER","CA",-121.75502,39.16093
"5778031",-121.540178007,38.747341582,2012,"5100","3","1","4","03",0,1,"A",,,,,,1800,9,"C","C","A","RT 99","RIEGO RD",950,"S","N","2013-12-04",9285,"2012-09-10",1630,"15873",,"2","9","0","1",,"1","011","-","Y","SUT",3,99,"-","-",0.77,"H","-","N","N",2,"A","-",22350,,"N","A","H","-","A","D","5","Y","A","08",0,0,1,0,0,0,0,0,0,"-","-","UNINCORPORATED","SUTTER","CA",-121.54004,38.74747
"5778012",-121.605413989,38.972459345,2012,"5100","3","1","4","03",0,1,"A",,,,"Y",,600,10,"C","C","A","RT 99","WILSON RD",600,"S","N","2013-12-17",9285,"2012-10-01",414,"017889",,"3","9","0","1",,"1","011","-","Y","SUT",3,99,"-","-",17.6,"H","-","S","Y",2,"A","-",22350,,"N","A","H","-","C","D","0","Y","A","01",0,0,1,0,0,0,0,0,0,"-","-","UNINCORPORATED","SUTTER","CA",-121.60881,38.97325
"5778008",-121.494373189,38.7512150669,2012,"5100","5","2","3","12",0,1,"A",,,,,,2100,9,"C","C","A","RIEGO RD","NATOMAS RD",0,,"Y","2013-12-12",9285,"2012-09-25",1810,"018340",,"2","9","0","3",,"2","001","-","N",,0,0,,,0,,,,"Y",2,"A","-",22450,,"N","A","H","-","A","A","0","Y","D","22",0,1,0,0,0,0,0,0,0,"-","-","UNINCORPORATED","SUTTER","CA",-121.49435,38.75123
"5778004",-121.634382123,39.005979704,2012,"5100","3","6","4","03",0,1,"A",,,,,,1800,9,"E","I","A","RT 99","RT 113",1056,"N","N","2013-12-12",9285,"2012-09-29",1500,"014825",,"2","9","0","1",,"1","051","-","Y","SUT",3,99,"-","-",21.19,"H","-","N","Y",1,"A","-",22350,,"N","A","H","-","A","D","0","Y","D","22",0,0,1,0,0,0,0,0,0,"-","-","UNINCORPORATED","SUTTER","CA",-121.63496,39.00865
"5771499",-121.594033102,38.7493450808,2012,"5100","5","6","2","01",0,3,"A",,,,,"Y",300,8,"E","I","A","RIEGO RD","GARDEN HWY",0,,"Y","2013-11-16",9285,"2012-08-18",10,"18107",,"3","9","0","3",,"2","001","-","N",,0,0,,,0,,,,"Y",1,"A","-",23152,"A","N","A","H","-","D","A","0","Y","A","07",1,2,0,0,0,0,0,0,0,"-","-","UNINCORPORATED","SUTTER","CA",-121.59393,38.74926
"5770397",-121.673963268,39.1299468117,2012,"5100","5","4","3","05",0,1,"A",,,,,,900,8,"E","I","A","DANIEL DR","FRANKLIN RD",1056,"N","N","2013-11-19",9285,"2012-08-23",730,"14744",,"1","9","0","3",,"2","005","-","N",,0,0,,,0,,,,"Y",1,"A","-",21650,,"N","A","H","-","A","D","0","Y","A","08",0,1,0,0,0,0,0,0,0,"-","-","UNINCORPORATED","SUTTER","CA",-121.67411,39.12901
"5770393",-121.681203037,39.1705679874,2012,"5100","5","1","4","08",0,1,"A",,,,,,1200,8,"D","C","A","PEASE RD","N TOWNSHIP RD",2112,"E","N","2013-11-19",9285,"2012-08-27",1027,"13174",,"1","9","0","3",,"2","007","-","N",,0,0,,,0,,,,"Y",2,"A","-",22107,,"N","A","H","-","A","D","0","Y","A","07",0,0,1,0,0,0,0,0,0,"-","-","UNINCORPORATED","SUTTER","CA",-121.68124,39.1706
"5770385",-121.672139135,38.977595205,2012,"5100","3","5","4","05",0,2,"A",,,,,,2100,8,"F","A","A","RT 113","EVERGLADE RD",1416,"S","N","2013-11-19",9285,"2012-08-17",1930,"18658",,"2","9","0","1",,"1","031","-","Y","SUT",3,113,"-","-",12.54,"H","-","S","Y",1,"A","-",21650,,"N","A","H","-","A","D","0","Y","A","01",0,0,2,0,0,0,0,0,0,"-","-","UNINCORPORATED","SUTTER","CA",-121.67211,38.97436
"5770369",-121.667940783,39.1706387439,2012,"5100","5","6","3","03",0,1,"A",,"Y",,,,2100,8,"B","G","A","PEASE RD","TIERRA BUENA RD",1584,"W","N","2013-11-19",9285,"2012-08-18",1903,"18561",,"2","9","0","3",,"2","007","-","N",,0,0,,,0,,,,"N",2,"A","-",22350,,"N","A","H","-","A","D","0","Y","A","01",0,1,0,0,0,0,1,0,0,"-","-","UNINCORPORATED","SUTTER","CA",-121.66793,39.17063
"5769756",-121.656062782,39.1514321192,2012,"5102","0","2","4","03",0,1,"A",,,,,,1200,7,"C","C","A","BUTTE HOUSE RD","HARTER RD",180,"W","N","2013-10-21",5102,"2012-07-31",911,"4067","5102","5","4","0","0",,"0","001","-","N",,0,0,,,0,,,,"Y",2,"A","-",22350,,"N","A","H","-","A","A","0","Y","A","01",0,0,1,0,0,0,0,0,0,"-","-","YUBA CITY","SUTTER","CA",0,0
"5769755",-121.634454914,39.133158148,2012,"5102","0","4","3","-",0,1,"A",,"Y",,,,1800,7,"B","G","A","BRIDGE ST","RT 99",75,"W","N","2013-10-21",5102,"2012-07-26",1753,"4079","5102","5","4","0","0",,"0","002","-","Y","SUT",3,99,"-","-",30.04,"H","-","S","N",2,"A","-",0,,"N","A","H","-","A","A","0","Y","L","04",0,1,0,0,0,0,1,0,0,"-","-","YUBA CITY","SUTTER","CA",0,0
"5769754",-121.618071206,39.14067047,2012,"5102","0","4","3","09",0,1,"A",,"Y",,,,1500,7,"D","G","A","RT 20","PLUMAS ST",0,,"Y","2014-04-30",5102,"2012-07-26",1439,"4083","5102","5","4","0","0",,"0","003","-","Y","SUT",3,20,"-","-",16.51,"H","-","W","Y",2,"A","-",21802,"A","N","A","H","-","A","A","0","Y","L","04",0,1,0,0,0,0,1,0,0,"-","-","YUBA CITY","SUTTER","CA",0,0
"5769753",-121.621663185,39.1319851,2012,"5102","0","3","4","09",0,1,"A",,,,,,1800,7,"D","C","A","PARK AV","A ST",0,,"Y","2013-10-21",5102,"2012-07-25",1645,"4083","5102","5","4","0","0",,"0","004","-","N",,0,0,,,0,,,,"Y",2,"A","-",21803,"A","N","A","H","-","A","A","0","Y","-","-",0,0,1,0,0,0,0,0,0,"-","-","YUBA CITY","SUTTER","CA",0,0
"5769752",-121.625483226,39.1394250029,2012,"5102","0","2","4","09",0,1,"A",,,,,,2100,7,"D","C","A","CLARK AV","LOUISE AV",0,,"Y","2013-10-21",5102,"2012-07-10",1810,"4056","PATRO","5","4","0","0",,"0","004","-","N",,0,0,,,0,,,,"Y",2,"A","-",21801,"A","N","A","H","-","A","A","0","Y","A","08",0,0,1,0,0,0,0,0,0,"-","-","YUBA CITY","SUTTER","CA",0,0
"5769751",-121.634472023,39.132346218,2012,"5102","0","3","4","03",0,1,"A",,,,,,1500,7,"C","C","A","BRIDGE ST","RT 99",5,"E","N","2013-10-21",5102,"2012-07-25",1311,"4040","5102","5","4","0","0",,"0","003","-","Y","SUT",3,99,"-","-",30.03,"I","5","N","N",2,"A","-",22350,,"N","A","H","-","A","A","0","Y","A","01",0,0,1,0,0,0,0,0,0,"-","-","YUBA CITY","SUTTER","CA",0,0
"5767838",-121.655344703,39.141555922,2012,"5102","0","2","4","04",0,3,"A",,,,,,900,8,"C","C","A","RT 20","HARTER PKWY",30,"E","N","2014-04-30",5102,"2012-08-28",814,"4067","5102","5","4","0","0",,"0","001","-","Y","SUT",3,20,"-","-",14.48,"H","-","W","Y",2,"A","-",21703,,"N","A","H","-","A","A","0","Y","E","22",0,0,3,0,0,0,0,0,0,"-","-","YUBA CITY","SUTTER","CA",0,0
"5767834",-121.647475396,39.1379051299,2012,"5102","0","4","3","08",0,2,"A",,,,,,1500,8,"D","C","A","LASSEN BL","THARP RD",300,"E","N","2013-11-25",5102,"2012-08-30",1347,"4040","5102","5","4","0","0",,"0","001","-","N",,0,0,,,0,,,,"Y",2,"A","-",22107,,"N","A","H","-","A","D","0","Y","A","01",0,2,0,0,0,0,0,0,0,"-","-","YUBA CITY","SUTTER","CA",0,0
"5767830",-121.627966977,39.1272451157,2012,"5102","0","4","4","03",0,3,"A",,,,,,900,8,"C","C","A","FRANKLIN AV","BROWN AV",50,"E","N","2013-11-25",5102,"2012-08-30",744,"4040","5102","5","4","0","0",,"0","004","-","N",,0,0,,,0,,,,"N",3,"A","-",22350,,"N","A","H","-","A","D","0","Y","D","22",0,0,3,0,0,0,0,0,0,"-","-","YUBA CITY","SUTTER","CA",0,0
"5767766",-121.671418707,39.141505158,2012,"5102","0","4","4","03",0,1,"A",,,,,,1800,8,"C","C","A","RT 20","GEORGE WASHINGTON BL",12,"E","N","2014-04-30",5102,"2012-08-16",1520,"4081","5102","5","4","0","0",,"0","001","-","Y","SUT",3,20,"-","-",13.61,"H","-","W","N",2,"A","-",22350,,"N","A","H","-","A","A","0","Y","D","22",0,0,1,0,0,0,0,0,0,"-","-","YUBA CITY","SUTTER","CA",0,0
"5767683",-121.625423224,39.1378650507,2012,"5102","0","5","4","12",0,1,"A",,,,,,900,8,"D","C","A","CLARK AV","FORBES AV",0,,"Y","2013-11-25",5102,"2012-08-17",808,"4056","PATRO","5","4","0","0",,"0","004","-","N",,0,0,,,0,,,,"Y",2,"A","-",22450,"A","N","A","H","-","A","A","0","Y","D","22",0,0,1,0,0,0,0,0,0,"-","-","YUBA CITY","SUTTER","CA",0,0
"5767646",-121.648500491,39.1406912931,2012,"5102","0","3","4","08",0,2,"A",,,,,,1200,9,"D","C","A","THARP RD","RT 20",300,"S","N","2014-01-08",5102,"2012-09-12",1149,"4040","5102","5","4","0","0",,"0","002","-","Y",,0,0,,,0,,,,"N",2,"A","-",22107,,"N","A","H","-","A","D","0","Y","A","07",0,0,2,0,0,0,0,0,0,"-","-","YUBA CITY","SUTTER","CA",0,0
"5767191",-121.622824402,39.1126354853,2012,"5102","0","1","3","10",0,1,"A","Y",,,,,2100,7,"G","B","B","LINCOLN RD","RAILROAD AV",6,"W","N","2013-10-22",5102,"2012-07-30",1910,"4011","5102","5","4","0","0",,"0","005","-","N",,0,0,,,0,,,,"N",2,"A","-",21950,"A","F","A","B","H","A","A","0","Y","D","22",0,1,0,0,1,0,0,0,0,"-","-","YUBA CITY","SUTTER","CA",0,0
"5766872",-121.621444352,39.1332135741,2012,"5102","0","4","3","08",0,1,"A",,,"Y",,,1200,8,"B","C","A","BRIDGE ST","PARK AV",200,"E","N","2013-11-27",5102,"2012-08-02",1037,"4079","5102","5","4","0","0",,"0","004","-","N",,0,0,,,0,,,,"Y",2,"A","-",22107,,"N","A","H","-","A","D","0","Y","D","22",0,1,0,0,0,0,0,0,1,"-","-","YUBA CITY","SUTTER","CA",0,0
"5766847",-121.609213268,39.1392117947,2012,"5102","0","1","4","08",0,1,"A",,,,,,1200,8,"D","C","A","SUTTER ST","AYLOR AV",180,"S","N","2013-11-27",5102,"2012-08-06",1151,"4028","5102","5","4","0","0",,"0","004","-","N",,0,0,,,0,,,,"N",2,"A","-",22107,,"N","A","H","-","A","D","0","Y","D","23",0,0,1,0,0,0,0,0,0,"-","-","YUBA CITY","SUTTER","CA",0,0
"5766843",-121.613660376,39.1358999775,2012,"5102","0","2","4","21",0,1,"A",,,,,,2400,8,"C","C","A","BRIDGE ST","SHASTA ST",20,"E","N","2013-11-27",5102,"2012-08-07",2134,"4049","5102","5","4","0","0",,"0","004","-","N",,0,0,,,0,,,,"N",2,"A","-",22106,,"N","A","H","-","A","A","0","Y","I","11",0,0,1,0,0,0,0,0,0,"-","-","YUBA CITY","SUTTER","CA",0,0
"5764183",-121.628382065,39.141748144,2012,"5102","0","4","4","12",0,1,"A",,,,,,900,9,"B","C","A","GRAY AV","RT 20",0,,"Y","2014-04-30",5102,"2012-09-27",652,"4040","5102","5","4","0","0",,"0","003","-","Y","SUT",3,20,"-","-",15.94,"I","5","W","N",3,"A","-",21453,"A","N","A","H","-","B","A","0","Y","D","22",0,0,1,0,0,0,0,0,0,"-","-","YUBA CITY","SUTTER","CA",0,0
"5764179",-121.644053266,39.1480785692,2012,"5102","0","5","4","04",0,2,"A",,,,,,1800,9,"C","C","A","BUTTE HOUSE RD","STABLER LN",15,"W","N","2013-12-10",5102,"2012-09-21",1653,"4081","5102","5","4","0","0",,"0","002","-","N",,0,0,,,0,,,,"N",2,"A","-",21703,,"N","A","H","-","A","A","0","Y","D","22",0,0,2,0,0,0,0,0,0,"-","-","YUBA CITY","SUTTER","CA",0,0
"5764175",-121.64752927,39.1490223475,2012,"5102","0","5","4","09",0,1,"A",,,,,,1500,9,"D","C","A","BUTTE HOUSE RD","THARP RD",300,"E","N","2013-12-10",5102,"2012-09-21",1207,"4016","5102","5","4","0","0",,"0","002","-","N",,0,0,,,0,,,,"Y",2,"A","-",21801,"A","N","A","H","-","A","D","0","Y","A","01",0,0,1,0,0,0,0,0,0,"-","-","YUBA CITY","SUTTER","CA",0,0
"5764171",-121.621243154,39.1311250124,2012,"5102","0","3","4","09",0,1,"A",,,,,,1800,9,"D","C","A","B ST","PARK AV",0,,"Y","2013-12-10",5102,"2012-09-19",1514,"448","5102","5","4","0","0",,"0","004","-","N",,0,0,,,0,,,,"Y",2,"A","-",21802,"A","N","A","H","-","A","D","0","Y","A","01",0,0,1,0,0,0,0,0,0,"-","-","YUBA CITY","SUTTER","CA",0,0
"5763125",-121.634533222,39.127779385,2012,"5102","0","5","4","03",0,1,"A",,,,"Y",,2400,8,"C","C","A","RT 99","FRANKLIN RD",20,"N","N","2013-11-12",5102,"2012-08-10",2211,"4076","5102","5","4","0","0",,"0","002","-","Y","SUT",3,99,"-","-",29.68,"H","-","S","Y",2,"A","-",22350,,"N","A","H","-","C","A","0","Y","A","01",0,0,1,0,0,0,0,0,0,"-","-","YUBA CITY","SUTTER","CA",0,0
"5762957",-121.605417103,38.972745733,2012,"5100","3","2","4","03",0,1,"A",,,,"Y",,300,8,"C","C","A","RT 99","WILSON RD",500,"S","N","2013-11-21",9285,"2012-08-21",20,"16868",,"3","9","0","1",,"1","011","-","Y","SUT",3,99,"-","-",17.62,"H","-","S","Y",2,"A","-",22350,,"N","A","H","-","C","D","0","Y","A","01",0,0,1,0,0,0,0,0,0,"-","-","UNINCORPORATED","SUTTER","CA",-121.60546,38.97377
"5762913",-121.596631932,38.910089658,2012,"5100","3","4","2","05",0,1,"A",,,,"Y",,600,8,"B","C","A","RT 99","SACRAMENTO AV",3696,"S","N","2013-11-21",9285,"2012-08-30",450,"17534",,"3","9","0","1",,"1","011","-","Y","SUT",3,99,"-","-",12.98,"H","-","N","Y",2,"A","-",21460,"A","F","A","H","-","D","D","0","Y","G","25",1,0,0,0,0,0,0,0,0,"-","-","UNINCORPORATED","SUTTER","CA",-121.59947,38.90849
"5754314",-121.753502543,39.167042416,2012,"5100","5","7","4","21",0,1,"A","Y",,,,,2100,7,"G","B","E","ACACIA AV","COLLEGE AV",50,"N","N","2013-10-26",9285,"2012-07-29",1800,"018107",,"2","9","0","3",,"2","007","-","N",,0,0,,,0,,,,"N",2,"A","-",22106,,"N","A","H","-","A","A","0","Y","M","96",0,0,1,0,1,0,0,0,0,"-","-","UNINCORPORATED","SUTTER","CA",-121.75349,39.16725
"5754310",-121.543306085,38.968428436,2012,"5100","3","5","3","08",0,1,"A",,,,,,600,7,"E","J","A","RT 70","KEMPTON RD",5280,"N","N","2014-05-06",9285,"2012-07-27",515,"015048",,"3","9","0","1",,"1","010","-","Y","SUT",3,70,"-","-",8.02,"H","-","E","Y",1,"A","-",22107,,"N","A","H","-","B","D","0","Y","A","01",0,1,0,0,0,0,0,0,0,"-","-","UNINCORPORATED","SUTTER","CA",-121.54297,38.96902
"5752218",-121.634629818,39.112983282,2012,"5100","3","6","3","12",0,2,"A",,,,,,900,7,"D","C","A","RT 99","LINCOLN RD",0,,"Y","2013-10-28",9285,"2012-07-28",705,"14878",,"1","9","0","1",,"1","051","-","Y","SUT",3,99,"-","-",28.67,"I","5","S","Y",2,"A","-",21453,"A","N","A","H","-","A","A","0","Y","D","22",0,1,1,0,0,0,0,0,0,"-","-","UNINCORPORATED","SUTTER","CA",-121.63467,39.11259
"5745677",-121.634722652,39.1562161134,2012,"5102","0","6","3","09",0,1,"A",,,,,,2400,5,"D","C","A","ONSTOTT RD","MELTON DR",106,"N","N","2013-09-17",5102,"2012-05-12",2151,"4083","5102","5","4","0","0",,"0",,"-","N",,0,0,,,0,,,,"Y",2,"A","-",21801,"A","N","A","H","-","C","D","0","Y","-","-",0,1,0,0,0,0,0,0,0,"-","-","YUBA CITY","SUTTER","CA",0,0
"5743023",-121.631923153,39.0983250963,2012,"5100","5","5","4","09",0,4,"A",,,,,,1500,7,"D","C","A","PHILLIPS RD","BOGUE RD",0,,"Y","2013-11-07",9285,"2012-07-13",1355,"015849",,"1","9","0","3",,"2","005","-","N",,0,0,,,0,,,,"Y",2,"A","-",21802,"A","N","A","H","-","A","D","0","Y","A","07",0,0,4,0,0,0,0,0,0,"-","-","UNINCORPORATED","SUTTER","CA",-121.6319,39.09833
"5743019",-121.662425291,39.1561349529,2012,"5100","5","6","4","09",0,2,"A",,,,,,900,7,"A","C","A","TIERRA BUENA RD","BUTTE HOUSE RD",1056,"N","N","2013-11-06",9285,"2012-07-21",815,"014744",,"1","9","0","3",,"2","007","-","N",,0,0,,,0,,,,"Y",3,"A","-",21801,"A","N","A","H","-","A","D","0","Y","A","01",0,0,2,0,0,0,0,0,0,"-","-","UNINCORPORATED","SUTTER","CA",-121.66236,39.15482
"5742915",-121.634530312,39.127023047,2012,"5102","0","5","4","03",0,1,"A",,,,,,1800,6,"C","C","A","RT 99","FRANKLIN RD",25,"S","N","2014-01-15",5102,"2012-06-29",1657,"4072","5102","5","4","0","0",,"0","002","-","Y","SUT",3,99,"-","-",29.66,"H","-","N","N",2,"A","-",22350,,"N","A","H","-","A","A","0","Y","A","01",0,0,1,0,0,0,0,0,0,"-","-","YUBA CITY","SUTTER","CA",0,0
"5742911",-121.629538834,39.1272451165,2012,"5102","0","5","4","03",0,1,"A",,,,,,2100,6,"C","C","A","FRANKLIN AV","GRAY AV",75,"E","N","2013-10-11",5102,"2012-06-29",1840,"4069","5102","5","4","0","0",,"0","004","-","N",,0,0,,,0,,,,"N",2,"A","-",22350,,"F","-","A","H","A","A","0","Y","-","-",0,0,1,0,0,0,0,0,0,"-","-","YUBA CITY","SUTTER","CA",0,0
"5742548",-121.63617604,39.141707731,2012,"5102","0","2","4","09",0,2,"A",,,,,,1500,7,"D","C","A","RT 20","RT 99",400,"W","N","2013-10-25",5102,"2012-07-03",1430,"4028","5102","5","4","0","0",,"0","002","-","Y","SUT",3,20,"-","R",15.51,"H","-","E","Y",2,"A","-",21801,"A","N","A","H","-","A","D","0","Y","A","01",0,0,2,0,0,0,0,0,0,"-","-","YUBA CITY","SUTTER","CA",0,0
"5742544",-121.620693252,39.1484550684,2012,"5102","0","2","3","05",0,1,"A",,"Y",,,,1200,7,"D","G","A","LYNN WY","LIVE OAK BL",0,,"Y","2013-10-24",5102,"2012-07-10",955,"4081","5102","5","4","0","0",,"0","003","-","N",,0,0,,,0,,,,"N",2,"A","-",21650,"1","N","A","H","-","A","A","0","Y","L","04",0,1,0,0,0,0,1,0,0,"-","-","YUBA CITY","SUTTER","CA",0,0
"5742540",-121.623683144,39.1709250187,2012,"5102","0","7","3","03",0,2,"A",,,,,,1500,7,"D","C","A","LIVE OAK BL","PEASE RD",0,,"Y","2013-10-24",5102,"2012-07-08",1436,"4073","5102","5","4","0","0",,"0","003","-","N",,0,0,,,0,,,,"Y",2,"A","-",22350,,"N","A","B","-","A","D","0","Y","-","-",0,1,1,0,0,0,0,0,0,"-","-","YUBA CITY","SUTTER","CA",0,0
"5742536",-121.630223965,39.144031229,2012,"5102","0","5","4","08",0,1,"A",,,,,,1500,7,"C","C","A","GRAY AV","AINSLEY AV",35,"N","N","2013-10-24",5102,"2012-07-06",1457,"445","5102","5","4","0","0",,"0","003","-","N",,0,0,,,0,,,,"N",2,"A","-",22107,,"N","A","H","-","A","D","0","Y","A","01",0,0,1,0,0,0,0,0,0,"-","-","YUBA CITY","SUTTER","CA",0,0
"5742532",-121.620723213,39.1482350113,2012,"5102","0","5","4","08",0,7,"A",,,,,,1500,7,"D","C","A","LIVE OAK BL","KING AV",0,,"Y","2013-10-23",5102,"2012-07-06",1201,"4016","5102","5","4","0","0",,"0","003","-","N",,0,0,,,0,,,,"Y",2,"A","-",22107,,"N","A","H","-","A","D","0","Y","A","01",0,0,7,0,0,0,0,0,0,"-","-","YUBA CITY","SUTTER","CA",0,0
"5742528",-121.622783291,39.141439669,2012,"5102","0","3","4","07",0,1,"A",,"Y",,,,1500,7,"D","G","A","RT 20","ORANGE ST",75,"E","N","2014-04-30",5102,"2012-07-11",1258,"4028","5102","5","4","0","0",,"0","004","-","Y","SUT",3,20,"-","-",16.24,"H","-","E","N",2,"A","-",21658,"A","N","A","H","-","A","A","0","Y","L","04",0,0,1,0,0,0,1,0,0,"-","-","YUBA CITY","SUTTER","CA",0,0
"5742524",-121.634533222,39.127779385,2012,"5102","0","6","4","04",0,1,"A",,,"Y",,,1200,7,"C","C","A","RT 99","FRANKLIN RD",0,,"Y","2013-10-23",5102,"2012-07-14",1138,"T9001","5102","5","4","0","0",,"0","002","-","Y","SUT",3,99,"-","-",29.68,"H","-","S","N",2,"A","-",21703,,"N","A","H","-","A","A","0","Y","C","02",0,0,1,0,0,0,0,0,1,"-","-","YUBA CITY","SUTTER","CA",0,0