"CASEID","POINT_X","POINT_Y","YEAR_","LOCATION","CHPTYPE","DAYWEEK","CRASHSEV","VIOLCAT","KILLED","INJURED","WEATHER1","PEDCOL","BICCOL","MCCOL","TRUCKCOL","ETOH","TIMECAT","MONTH_","CRASHTYP","INVOLVE","PED","PRIMARYRD","SECONDRD","DISTANCE","DIRECT","INTERSECT_","PROCDATE","JURIS","DATE_","TIME_","BADGE","JURIDIST","SHIFT","POP","SPECIAL","BEATTYPE","LAPDDIV","BEATCLAS","BEATNUMB","WEATHER2","STATEHW","CALTRANC","CALTRAND","STROUTE","ROUTESUF","POSTPRE","POSTMILE","LOCATYPE","RAMP","SIDEHW","TOWAWAY","PARTIES","PCF","VIOLCODE","VIOL","VIOLSUB","HITRUN","ROADSURF","RDCOND1","RDCOND2","LIGHTING","RIGHTWAY","CHPRDTYP","NOTPRIV","STFAULT","CHPFAULT","SEVINJ","OTHERINJ","COP","PEDKILL","PEDINJ","BICKILL","BICINJ","MCKILL","MCINJURE","RAMP1","RAMP2","CITY","COUNTY","STATE","X_CHP","Y_CHP"
"5742520",-121.632445611,39.141792742,2012,"5102","0","5","4","-",0,2,"A",,,,,,1200,7,"D","C","A","COLUSA AV","ROCCA WY",0,,"Y","2014-03-24",5102,"2012-07-13",1007,"448","5102","5","4","0","0",,"0","003","-","Y","SUT",3,20,"-","-",15.72,"I","5","W","N",2,"-","-",0,,"N","A","-","-","A","A","0","Y","-","-",0,0,2,0,0,0,0,0,0,"-","-","YUBA CITY","SUTTER","CA",0,0
"5742397",-121.633151731,39.069670926,2012,"5100","3","5","4","03",0,2,"A",,,,,,1800,7,"C","D","A","RT 99","OSWALD RD",206,"N","N","2013-11-05",9285,"2012-07-20",1645,"14744",,"2","9","0","1",,"1","051","-","Y","SUT",3,99,"-","-",25.66,"H","-","N","Y",2,"A","-",22350,,"N","A","H","-","A","D","0","Y","A","07",0,0,2,0,0,0,0,0,0,"-","-","UNINCORPORATED","SUTTER","CA",-121.63329,39.0702
"5742393",-121.634629818,39.112983282,2012,"5100","3","4","4","12",0,3,"A",,,,,,600,7,"D","C","A","RT 99","LINCOLN RD",0,,"Y","2013-11-05",9285,"2012-07-19",545,"15048",,"3","9","0","1",,"1","051","-","Y","SUT",3,99,"-","-",28.67,"I","5","S","Y",2,"A","-",21453,"A","N","A","H","-","B","A","0","Y","A","01",0,0,3,0,0,0,0,0,0,"-","-","UNINCORPORATED","SUTTER","CA",-121.63401,39.11267
"5742365",-121.711340837,38.860804671,2012,"5100","3","6","3","03",0,2,"A",,,,,,1500,7,"C","C","A","RT 113","DEL MONTE AV",3432,"S","N","2013-11-05",9285,"2012-07-14",1425,"15873",,"2","9","0","1",,"1","031","-","Y","SUT",3,113,"-","-",4.21,"H","-","N","Y",2,"A","-",22350,,"N","A","D","-","A","A","0","Y","A","07",0,1,1,0,0,0,0,0,0,"-","-","UNINCORPORATED","SUTTER","CA",-121.71167,38.85979
"5742357",-121.687684976,39.285994905,2012,"5100","5","5","3","05",0,1,"A",,,,,,600,7,"E","J","A","TOWNSHIP RD","WITT RD",1584,"N","N","2013-11-05",9285,"2012-07-06",515,"15048",,"3","9","0","3",,"2","007","-","N",,0,0,,,0,,,,"Y",1,"A","-",21650,,"N","A","H","-","B","D","0","Y","D","22",0,1,0,0,0,0,0,0,0,"-","-","UNINCORPORATED","SUTTER","CA",-121.68758,39.28553
"5742345",-121.694120545,38.906221941,2012,"5100","3","5","2","03",0,4,"A",,,,"Y",,900,7,"C","C","A","RT 113","KIRKVILLE RD",1056,"S","N","2013-10-26",9285,"2012-07-06",735,"14825",,"1","9","0","1",,"1","031","-","Y","SUT",3,113,"-","-",7.44,"H","-","S","Y",5,"A","-",22350,,"N","A","D","-","A","D","0","Y","G","25",2,1,1,0,0,0,0,0,0,"-","-","UNINCORPORATED","SUTTER","CA",-121.69446,38.9057
"5740118",-121.643967192,39.1388994657,2012,"5102","0","1","4","03",0,1,"A",,,,,,2100,7,"C","C","A","WALTON AV","RT 20",1000,"S","N","2013-11-04",5102,"2012-07-16",1916,"4042","5102","5","4","0","0",,"0","002","-","N",,0,0,,,0,,,,"Y",2,"A","-",22350,,"N","A","H","-","A","D","0","Y","D","22",0,0,1,0,0,0,0,0,0,"-","-","YUBA CITY","SUTTER","CA",0,0
"5740114",-121.623030205,39.141567667,2012,"5102","0","4","3","09",0,1,"A",,,,,,1500,7,"D","C","A","RT 20","ORANGE ST",0,,"Y","2014-04-30",5102,"2012-07-12",1212,"445","5102","5","4","0","0",,"0","003","-","Y","SUT",3,20,"-","-",16.23,"I","5","W","Y",2,"A","-",21802,"A","N","A","H","-","A","D","0","Y","A","07",0,1,0,0,0,0,0,0,0,"-","-","YUBA CITY","SUTTER","CA",0,0
"5740110",0,0,2012,"5102","0","2","3","03",0,3,"A",,,,,,2100,7,"A","C","A","SUTTER ST","COLUSA FRONTAGE",150,"N","N","2013-11-04",5102,"2012-07-03",1946,"4034",,"5","4","0","0",,"0","003","-","N",,0,0,,,0,,,,"Y",2,"A","-",22350,,"N","A","H","-","A","A","0","Y","A","01",0,2,1,0,0,0,0,0,0,"-","-","YUBA CITY","SUTTER","CA",0,0
"5740098",-121.616183205,39.141135161,2012,"5102","0","1","2","03",0,3,"A",,,"Y",,,2100,7,"C","C","A","RT 20","SHASTA ST",0,,"Y","2014-04-30",5102,"2012-07-02",2004,"4034",,"5","4","0","0",,"0","003","-","Y","SUT",3,20,"-","-",16.62,"H","-","W","Y",2,"A","-",22350,,"N","A","H","-","B","A","0","Y","D","22",1,0,2,0,0,0,0,0,2,"-","-","YUBA CITY","SUTTER","CA",0,0
"5740094",-121.655501733,39.1428476222,2012,"5102","0","1","3","01",0,1,"A",,,,,,2100,7,"C","C","A","HARTER PKWY","RT 20",522,"N","N","2013-11-02",5102,"2012-07-02",2051,"4011","5102","5","4","0","0",,"0","001","-","Y",,0,0,,,0,,,,,2,"A","-",23152,"A","M","A","H","-","B","A","0","Y","D","22",0,1,0,0,0,0,0,0,0,"-","-","YUBA CITY","SUTTER","CA",0,0
"5740086",0,0,2012,"5102","0","2","2","08",0,1,"A",,"Y",,,,900,6,"C","G","A","QUEENS AV","PLUMAS ST",396,"E","N","2013-10-19",5102,"2012-06-26",825,"4079","5102","5","4","0","0",,"0","003","-","N",,0,0,,,0,,,,"Y",2,"A","-",22107,,"N","A","H","-","A","D","0","Y","D","22",1,0,0,0,0,0,1,0,0,"-","-","YUBA CITY","SUTTER","CA",0,0
"5740082",-121.630063117,39.1380350347,2012,"5102","0","3","4","09",0,1,"A",,,"Y",,,1200,6,"F","C","A","GRAY AV","FORBES AV",0,,"Y","2013-10-19",5102,"2012-06-27",916,"4028","5102","5","4","0","0",,"0","004","-","N",,0,0,,,0,,,,"N",2,"A","-",21801,"A","N","A","H","-","A","A","0","Y","D","22",0,0,1,0,0,0,0,0,1,"-","-","YUBA CITY","SUTTER","CA",0,0
"5732646",-121.849577073,39.1608181852,2012,"5100","5","2","3","08",0,1,"A",,,,,,2400,7,"E","I","A","WEST BUTTE RD","SOUTH BUTTE RD",7814,"N","N","2013-10-31",9285,"2012-07-03",2100,"17163",,"2","9","0","3",,"2","007","-","N",,0,0,,,0,,,,"Y",1,"A","-",22107,,"N","A","H","-","D","D","0","Y","A","01",0,1,0,0,0,0,0,0,0,"-","-","UNINCORPORATED","SUTTER","CA",-121.8494,39.16115
"5732619",-121.606668172,38.962399158,2012,"5100","3","3","2","09",0,4,"A",,,,,,2400,6,"A","C","A","RT 99","CENTRAL AV",0,,"Y","2014-01-15",9285,"2012-06-06",2129,"18561",,"2","9","0","1",,"1","011","-","Y","SUT",3,99,"-","-",16.886,"I","5","N","Y",2,"A","-",21801,"A","N","A","H","-","D","D","0","Y","A","01",1,3,0,0,0,0,0,0,0,"-","-","UNINCORPORATED","SUTTER","CA",-121.60675,38.96289
"5732611",-121.578623112,38.8369697927,2012,"5100","5","1","2","18",0,3,"A",,,,,,1500,6,"H","A","A","CATLETT RD","GARWOOD RD",5808,"E","N","2013-10-01",9285,"2012-06-18",1340,"13174",,"1","9","0","3",,"2","001","-","N",,0,0,,,0,,,,"Y",1,"C","-",0,,"N","A","H","-","A","D","0","Y","-","-",1,2,0,0,0,0,0,0,0,"-","-","UNINCORPORATED","SUTTER","CA",-121.57883,38.83697
"5732607",-121.654716324,39.256527889,2012,"5100","3","6","4","05",0,1,"A",,,,,,1800,6,"E","I","A","RT 99","BISHOP AV",1056,"S","N","2014-02-06",9285,"2012-06-09",1535,"15873",,"2","9","0","1",,"1","071","-","Y","SUT",3,99,"-","-",38.85,"H","-","N","Y",1,"A","-",21650,,"N","A","H","-","A","D","1","Y","A","01",0,0,1,0,0,0,0,0,0,"-","-","UNINCORPORATED","SUTTER","CA",-121.65413,39.25535
"5732595",-121.543863537,38.81480472,2012,"5100","3","3","2","01",0,2,"A",,,"Y",,"Y",2100,6,"B","C","A","RT 99","HOWSLEY RD",1710,"S","N","2014-01-15",9285,"2012-06-27",1955,"17163",,"2","9","0","1",,"1","011","-","Y","SUT",3,99,"-","-",5.49,"H","-","S","Y",2,"A","-",23152,"A","N","A","H","-","A","D","5","Y","C","02",1,0,1,0,0,0,0,0,1,"-","-","UNINCORPORATED","SUTTER","CA",-121.54386,38.81559
"5732564",0,0,2012,"5100","5","4","4","08",0,1,"A",,,,,,2100,6,"F","A","A","ACACIA AV","FRANKLIN RD",65,"N","N","2013-10-02",9285,"2012-06-28",2035,"16868",,"2","9","0","3",,"2","007","-","N",,0,0,,,0,,,,"Y",1,"A","-",22107,,"N","A","B","-","B","D","0","Y","A","01",0,0,1,0,0,0,0,0,0,"-","-","UNINCORPORATED","SUTTER","CA",-121.75542,39.12881
"5730316",-121.543815911,38.798331716,2012,"5100","3","7","4","08",0,6,"A",,,,,,1500,7,"F","I","A","RT 99","HOWSLEY RD",7392,"S","N","2013-10-22",9285,"2012-07-15",1328,"13932",,"1","9","0","1",,"1","011","-","Y","SUT",3,99,"-","-",4.41,"H","-","S","Y",1,"A","-",22107,,"N","A","H","-","-","D","5","Y","A","07",0,0,6,0,0,0,0,0,0,"-","-","UNINCORPORATED","SUTTER","CA",-121.5439,38.79866
"5730308",-121.671993191,39.0689850356,2012,"5100","5","2","4","12",0,1,"A",,,,,,1500,7,"C","C","A","GEORGE WASHINGTON BL","OSWALD RD",0,,"Y","2013-10-22",9285,"2012-07-10",1445,"13932",,"2","9","0","3",,"2","005","-","N",,0,0,,,0,,,,"Y",2,"A","-",22450,"A","N","A","H","-","A","A","0","Y","A","08",0,0,1,0,0,0,0,0,0,"-","-","UNINCORPORATED","SUTTER","CA",-121.67198,39.06946
"5730300",-121.515997818,38.8236807293,2012,"5100","5","1","4","05",0,2,"A",,,,,,1200,7,"F","I","A","HOWSLEY RD","PACIFIC AV",2640,"E","N","2013-10-22",9285,"2012-07-09",1045,"13932",,"1","9","0","3",,"2","001","-","N",,0,0,,,0,,,,"Y",1,"A","-",21650,,"N","A","H","-","A","D","0","Y","A","01",0,0,2,0,0,0,0,0,0,"-","-","UNINCORPORATED","SUTTER","CA",-121.5153,38.82362
"5730168",-121.671588967,39.1343297044,2012,"5100","5","4","3","03",0,2,"A",,,"Y",,,1500,6,"C","C","A","GEORGE WASHINGTON BL","FRANKLIN RD",2640,"N","N","2013-09-27",9285,"2012-06-28",1445,"15873",,"2","9","0","3",,"2","005","-","N",,0,0,,,0,,,,"Y",2,"A","-",22350,,"N","A","H","-","A","D","0","Y","C","02",0,2,0,0,0,0,0,0,2,"-","-","UNINCORPORATED","SUTTER","CA",-121.67189,39.12021
"5723025",-121.687461691,39.2509543421,2012,"5100","5","3","3","08",0,1,"A",,,,,"Y",1200,7,"F","A","A","TOWNSHIP RD","PASEO AV",1584,"N","N","2013-11-05",9285,"2012-07-11",1115,"14744",,"1","9","0","3",,"2","007","-","N",,0,0,,,0,,,,"Y",1,"A","-",22107,,"F","A","H","-","A","D","0","Y","D","22",0,1,0,0,0,0,0,0,0,"-","-","UNINCORPORATED","SUTTER","CA",-121.68738,39.25548
"5722961",-121.675640981,39.0252466466,2012,"5100","5","1","4","03",0,1,"A",,,,,,1200,7,"C","D","A","OBANION RD","GEORGE WASHINGTON BL",1056,"W","N","2013-10-30",9285,"2012-07-09",1120,"18561",,"1","9","0","3",,"2","005","-","N",,0,0,,,0,,,,"N",2,"A","-",22350,,"N","A","H","-","A","D","0","Y","D","22",0,0,1,0,0,0,0,0,0,"-","-","UNINCORPORATED","SUTTER","CA",-121.67501,39.02537
"5722282",-121.631597836,39.003811164,2012,"5100","3","3","2","03",0,2,"A",,,,"Y",,1500,6,"C","C","A","RT 99","RT 113",120,"S","N","2014-02-06",9285,"2012-06-13",1304,"13932",,"1","9","0","1",,"1","011","-","Y","SUT",3,99,"-","-",20.97,"H","-","N","Y",2,"A","-",22350,,"N","A","H","-","A","A","0","Y","F","26",1,1,0,0,0,0,0,0,0,"-","-","UNINCORPORATED","SUTTER","CA",-121.63086,39.00294
"5720881",-121.625423224,39.1378650507,2012,"5102","0","4","4","09",0,1,"A",,,,,,1500,6,"D","C","A","CLARK AV","FORBES AV",0,,"Y","2013-09-28",5102,"2012-06-21",1349,"4016","5102","5","4","0","0",,"0","001","-","N",,0,0,,,0,,,,"N",2,"A","-",21802,"B","N","A","H","-","A","D","0","Y","A","01",0,0,1,0,0,0,0,0,0,"-","-","YUBA CITY","SUTTER","CA",0,0
"5686680",-121.594033102,38.7493450808,2012,"5100","3","6","3","12",0,2,"A",,,,,,2400,6,"E","I","A","RIEGO RD","GARDEN HWY",0,,"Y","2013-09-26",9285,"2012-06-09",2305,"017889",,"3","9","0","1",,"1","011","-","N",,0,0,,,0,,,,"Y",1,"A","-",22450,"A","N","A","H","-","D","D","0","Y","A","01",0,1,1,0,0,0,0,0,0,"-","-","UNINCORPORATED","SUTTER","CA",-121.3538,38.44584
"5686676",-121.540458626,38.744165693,2012,"5100","3","6","2","08",0,1,"A",,,,,,1200,6,"H","A","A","RT 99","RIEGO RD",2112,"S","N","2014-01-15",9285,"2012-06-09",1155,"014825",,"1","9","0","1",,"1","011","-","Y","SUT",3,99,"-","-",0.55,"H","-","S","Y",1,"A","-",22107,,"N","A","H","-","A","D","5","Y","-","-",1,0,0,0,0,0,0,0,0,"-","-","UNINCORPORATED","SUTTER","CA",-121.54037,38.74485
"5686672",-121.687611254,39.2985068415,2012,"5100","4","5","4","03",0,1,"A",,,,,,1800,6,"F","I","A","NORTH TOWNSHIP RD","RIVIERA RD",1056,"S","N","2013-09-26",9285,"2012-06-15",1600,"014825",,"2","9","0","2",,"2","073","-","N",,0,0,,,0,,,,"Y",1,"A","-",22350,,"N","A","H","-","A","D","0","Y","A","08",0,0,1,0,0,0,0,0,0,"-","-","UNINCORPORATED","SUTTER","CA",-121.68736,39.29855
"5686668",-121.634830148,39.076261461,2012,"5100","3","6","4","03",0,1,"A",,,,,,1500,6,"C","C","A","RT 99","BARRY RD",30,"N","N","2014-01-15",9285,"2012-06-16",1329,"13174",,"1","9","0","1",,"1","051","-","Y","SUT",3,99,"-","-",26.13,"H","-","S","N",2,"A","-",22350,,"N","A","H","-","A","A","0","Y","A","01",0,0,1,0,0,0,0,0,0,"-","-","UNINCORPORATED","SUTTER","CA",-121.63477,39.07655
"5686664",0,0,2012,"5100","4","7","2","08",0,1,"A",,"Y",,,,1800,6,"D","G","A","GARDEN HWY","BERRY RD",1056,"N","N","2013-09-27",9285,"2012-06-10",1531,"014825",,"2","9","0","2",,"2","052","-","N",,0,0,,,0,,,,"N",2,"A","-",22107,,"N","A","H","-","A","D","0","Y","L","04",1,0,0,0,0,0,1,0,0,"-","-","UNINCORPORATED","SUTTER","CA",-121.60642,39.08095
"5686660",-121.847009638,39.14277788,2012,"5100","3","3","4","06",0,3,"A",,,,,,1800,6,"B","C","A","RT 26","TARKE RD",0,"W","N","2014-01-15",9285,"2012-06-06",1625,"015849",,"2","9","0","1",,"2","072","-","Y","SUT",3,20,"-","-",3.98,"H","-","E","Y",2,"A","-",21750,,"N","A","H","-","A","D","0","Y","A","01",0,0,3,0,0,0,0,0,0,"-","-","UNINCORPORATED","SUTTER","CA",-121.8497,39.14282
"5686557",-121.661274936,39.277170733,2012,"5101","0","3","4","03",0,1,"A",,,,,,1500,5,"C","C","A","RT 99","IVY ST",49,"S","N","2014-01-15",5100,"2012-05-16",1313,"2222","LOCA2","5","2","0","0",,"0","002","-","Y","SUT",3,99,"-","-",40.32,"H","-","S","N",2,"A","-",22350,,"N","A","H","-","A","A","0","Y","A","01",0,0,1,0,0,0,0,0,0,"-","-","LIVE OAK","SUTTER","CA",0,0
"5686543",-121.698935547,39.1453675963,2012,"5100","5","5","4","05",0,1,"A",,,"Y",,,1800,5,"B","C","A","SOUTH BUTTE RD","RT 20",1584,"N","N","2013-11-20",9285,"2012-05-25",1640,"15873",,"2","9","0","3",,"2","007","-","N",,0,0,,,0,,,,"Y",2,"A","-",21651,"A","N","A","H","-","A","D","0","Y","D","22",0,0,1,0,0,0,0,0,1,"-","-","UNINCORPORATED","SUTTER","CA",0,0
"5686537",-121.778656988,39.1863388125,2012,"5100","5","6","2","01",0,3,"B",,,"Y",,"Y",1800,5,"D","C","A","PASS RD","KELLOGG RD",1056,"E","N","2013-08-29",9285,"2012-05-26",1735,"15048",,"2","9","0","3",,"2","007","-","N",,0,0,,,0,,,,"Y",2,"A","-",23152,"A","N","A","H","-","A","D","0","Y","C","02",2,1,0,0,0,0,0,0,2,"-","-","UNINCORPORATED","SUTTER","CA",-121.77766,39.18643
"5686533",-121.543483995,38.953913305,2012,"5100","3","2","3","09",0,2,"A",,,,,,2100,5,"D","C","A","RT 70","BERRY RD",0,,"Y","2014-02-03",9285,"2012-05-29",1900,"18522",,"2","9","0","1",,"1","010","-","Y","SUT",3,70,"-","-",7.02,"I","5","W","Y",2,"A","-",21802,"A","N","A","H","-","A","A","0","Y","A","08",0,1,1,0,0,0,0,0,0,"-","-","UNINCORPORATED","SUTTER","CA",-121.54424,38.95368
"5683651",-121.671611889,39.1270890284,2012,"5100","4","5","4","08",0,1,"A",,,,,,1800,6,"E","J","A","FRANKLIN RD","GEORGE WASHINGTON BL",94,"E","N","2013-10-04",9285,"2012-06-01",1630,"15048",,"2","9","0","2",,"2","073","-","N",,0,0,,,0,,,,"Y",1,"A","-",22107,,"N","A","H","-","A","D","0","Y","A","01",0,0,1,0,0,0,0,0,0,"-","-","UNINCORPORATED","SUTTER","CA",-121.67091,39.12708
"5681598",-121.632050867,39.1323555284,2012,"5102","0","4","2","11",0,1,"A","Y",,,,"Y",2400,6,"G","B","D","BRIDGE ST","LAWRENCE AV",83,"E","N","2013-10-05",5102,"2012-06-07",2124,"4081","5102","5","4","0","0",,"0","004","-","N",,0,0,,,0,,,,"N",2,"A","-",21954,"A","N","A","H","-","D","D","0","Y","N","60",1,0,0,0,1,0,0,0,0,"-","-","YUBA CITY","SUTTER","CA",0,0
"5681594",-121.623273238,39.1304450009,2012,"5102","0","4","4","03",0,1,"A",,,,,,2100,6,"C","C","A","COOPER AV","B ST",0,,"Y","2013-10-05",5102,"2012-06-07",2045,"4040","5102","5","4","0","0",,"0","004","-","N",,0,0,,,0,,,,"N",2,"A","-",22350,,"F","A","H","-","C","A","0","Y","A","08",0,0,1,0,0,0,0,0,0,"-","-","YUBA CITY","SUTTER","CA",0,0
"5681590",-121.643937259,39.1480457539,2012,"5102","0","6","4","03",0,2,"A",,,,,,1500,6,"C","C","A","BUTTE HOUSE RD","STABLER LN",20,"E","N","2013-10-05",5102,"2012-06-09",1302,"4016","5102","5","4","0","0",,"0","002","-","N",,0,0,,,0,,,,"N",3,"A","-",22350,,"F","A","H","-","A","A","0","Y","A","01",0,0,2,0,0,0,0,0,0,"-","-","YUBA CITY","SUTTER","CA",0,0
"5681538",-121.643946044,39.1324249376,2012,"5102","0","3","4","08",0,1,"A",,"Y",,,,2400,6,"B","G","A","WALTON AV","BRIDGE ST",40,"N","N","2013-10-05",5102,"2012-06-13",2240,"4008","5102","5","4","0","0",,"0","001","-","N",,0,0,,,0,,,,"N",2,"A","-",22107,,"F","A","H","-","C","A","0","Y","A","01",0,0,1,0,0,0,1,0,0,"-","-","YUBA CITY","SUTTER","CA",0,0
"5681534",-121.623287155,39.1355685943,2012,"5102","0","5","4","21",0,1,"A","Y",,,,,1500,6,"G","B","F","REEVES AV","COOPER AV",50,"E","N","2013-10-05",5102,"2012-06-08",1220,"4056","PATRO","5","4","0","0",,"0","004","-","N",,0,0,,,0,,,,"N",2,"A","-",22106,,"F","A","H","-","A","-","0","Y","A","01",0,0,1,0,1,0,0,0,0,"-","-","YUBA CITY","SUTTER","CA",0,0
"5681530",0,0,2012,"5102","0","4","4","08",0,1,"A",,,,,,1200,6,"D","C","A","WALTON AV","SAMS CLUB",150,"N","N","2013-10-05",5102,"2012-06-07",1140,"4081","5102","5","4","0","0",,"0",,"-","N",,0,0,,,0,,,,"N",2,"A","-",22107,,"N","A","H","-","A","D","0","Y","A","01",0,0,1,0,0,0,0,0,0,"-","-","YUBA CITY","SUTTER","CA",0,0
"5681526",-121.648500491,39.1406912931,2012,"5102","0","4","4","09",0,2,"A",,,,,,1500,6,"D","C","A","THARP RD","RT 20",300,"S","N","2013-10-05",5102,"2012-06-07",1303,"4040","5102","5","4","0","0",,"0","001","-","N",,0,0,,,0,,,,"N",2,"A","-",21804,"A","N","A","H","-","A","A","0","Y","A","01",0,0,2,0,0,0,0,0,0,"-","-","YUBA CITY","SUTTER","CA",0,0
"5679829",-121.742682961,39.1697843417,2012,"5100","5","2","4","09",0,1,"A",,,,,,1500,5,"D","C","A","CEDAR ST","BUTTE AV",150,"S","N","2013-10-29",9285,"2012-05-29",1320,"14401",,"1","9","0","3",,"2","007","-","N",,0,0,,,0,,,,"N",2,"A","-",21804,"A","N","A","H","-","A","D","0","Y","A","07",0,0,1,0,0,0,0,0,0,"-","-","UNINCORPORATED","SUTTER","CA",-121.74275,39.16962
"5679399",-121.543915973,38.832013098,2012,"5100","3","1","4","03",0,2,"A",,,,,,2100,6,"C","C","A","RT 99","CATLETT RD",2640,"S","N","2014-01-15",9285,"2012-06-04",1840,"018561",,"2","9","0","1",,"1","011","-","Y","SUT",3,99,"-","-",6.58,"H","-","S","N",2,"A","-",22350,,"N","A","H","-","A","D","5","Y","A","01",0,0,2,0,0,0,0,0,0,"-","-","UNINCORPORATED","SUTTER","CA",-121.54394,38.82844
"5679395",-121.576973209,38.7790515674,2012,"5100","3","3","3","01",0,1,"A",,,,,,2400,6,"E","I","A","POWERLINE RD","SANKEY RD",6,"N","N","2013-10-12",9285,"2012-06-06",2110,"018340",,"2","9","0","1",,"1","010","-","N",,0,0,,,0,,,,"Y",1,"A","-",23152,"A","N","A","H","-","D","D","0","Y","A","01",0,1,0,0,0,0,0,0,0,"-","-","UNINCORPORATED","SUTTER","CA",-121.57705,38.77905
"5673765",-121.617704543,39.14065071,2012,"5102","0","7","4","03",0,1,"A",,,,,,2400,6,"C","C","A","RT 20","PLUMAS ST",40,"E","N","2014-01-15",5102,"2012-06-10",2129,"4049","5102","5","4","0","0",,"0","003","-","Y","SUT",3,20,"-","-",16.53,"H","-","W","N",3,"A","-",22350,,"N","A","H","-","C","A","0","Y","I","11",0,0,1,0,0,0,0,0,0,"-","-","YUBA CITY","SUTTER","CA",0,0
"5672434",-121.661291938,39.279175073,2012,"5101","0","6","2","03",0,3,"A",,,,,,1800,5,"C","C","A","RT 99","KOLA ST",79,"N","N","2014-01-15",5100,"2012-05-19",1519,"5079","LOCA2","5","2","0","0",,"0","02A","-","Y","SUT",3,99,"-","-",40.46,"H","-","S","Y",3,"A","-",22350,,"N","A","H","-","A","D","0","Y","I","11",1,0,2,0,0,0,0,0,0,"-","-","LIVE OAK","SUTTER","CA",0,0
"5672431",0,0,2012,"5100","5","3","4","05",0,1,"A",,,,"Y",,1500,5,"F","A","A","MALLOTT RD","BUTTE HOUSE RD",53328,"N","N","2013-09-06",9285,"2012-05-16",1416,"015944",,"2","9","0","3",,"2","007","-","N",,0,0,,,0,,,,"Y",1,"A","-",21650,,"N","A","H","-","A","A","0","Y","G","25",0,0,1,0,0,0,0,0,0,"-","-","UNINCORPORATED","SUTTER","CA",0,0
"5672422",-121.659973195,39.2760350671,2012,"5101","0","7","4","09",0,1,"A",,,,,,1200,5,"D","C","A","PENNINGTON RD","LARKIN RD",0,,"Y","2013-10-28",5100,"2012-05-06",1031,"2160","LOCA1","5","2","0","0",,"0","01A","-","N",,0,0,,,0,,,,"N",2,"A","-",21802,"B","N","A","H","-","A","D","0","Y","D","22",0,0,1,0,0,0,0,0,0,"-","-","LIVE OAK","SUTTER","CA",0,0
"5672419",-121.634596384,39.118332435,2012,"5100","3","5","4","03",0,2,"A",,,,,,2100,6,"C","C","A","RT 99","RICHLAND RD",50,"N","N","2014-02-06",9285,"2012-06-01",1915,"15873",,"2","9","0","1",,"1","051","-","Y","SUT",3,99,"-","-",29.04,"H","-","S","N",2,"A","-",22350,,"N","A","H","-","A","A","0","Y","D","22",0,0,2,0,0,0,0,0,0,"-","-","UNINCORPORATED","SUTTER","CA",-121.63464,39.11834
"5672418",-121.655653247,39.1199450544,2012,"5102","0","6","2","03",0,2,"A",,,,,,1200,4,"D","C","A","CHERRY ST","SANBORN RD",0,,"Y","2013-08-29",5102,"2012-04-14",918,"5050","89","5","4","0","0",,"0","007","-","N",,0,0,,,0,,,,"N",2,"A","-",22350,,"N","A","H","-","A","D","0","Y","A","01",2,0,0,0,0,0,0,0,0,"-","-","YUBA CITY","SUTTER","CA",0,0
"5668214",-121.625460122,39.1389160582,2012,"5102","0","1","4","18",0,1,"C",,,,,,1200,6,"B","E","A","CLARK AV","BANDY WY",55,"N","N","2013-10-05",5102,"2012-06-04",1032,"4028","5102","5","4","0","0",,"0","004","-","N",,0,0,,,0,,,,"Y",3,"C","-",0,,"N","B","H","-","A","A","0","Y","-","-",0,0,1,0,0,0,0,0,0,"-","-","YUBA CITY","SUTTER","CA",0,0
"5668210",-121.635157577,39.14183516,2012,"5102","0","1","4","12",0,1,"A",,,,,,2400,6,"D","D","A","RT 20","RT 99",0,,"Y","2014-02-06",5102,"2012-06-04",2313,"T9001","YCPD","5","4","0","0",,"0","002","-","Y","SUT",3,20,"-","-",15.573,"I","5","W","Y",2,"A","-",21453,"A","N","A","H","-","C","A","0","Y","A","07",0,0,1,0,0,0,0,0,0,"-","-","YUBA CITY","SUTTER","CA",0,0
"5668206",-121.627538895,39.1410791369,2012,"5102","0","5","4","11",0,1,"A","Y",,,,,1500,6,"G","B","E","ELLIS WY","STAFFORD WY",75,"E","N","2013-10-05",5102,"2012-06-01",1410,"4081","5102","5","4","0","0",,"0","004","-","N",,0,0,,,0,,,,"N",2,"A","-",21954,"A","N","A","H","-","A","D","0","Y","N","60",0,0,1,0,1,0,0,0,0,"-","-","YUBA CITY","SUTTER","CA",0,0