"CASEID","POINT_X","POINT_Y","YEAR_","LOCATION","CHPTYPE","DAYWEEK","CRASHSEV","VIOLCAT","KILLED","INJURED","WEATHER1","PEDCOL","BICCOL","MCCOL","TRUCKCOL","ETOH","TIMECAT","MONTH_","CRASHTYP","INVOLVE","PED","PRIMARYRD","SECONDRD","DISTANCE","DIRECT","INTERSECT_","PROCDATE","JURIS","DATE_","TIME_","BADGE","JURIDIST","SHIFT","POP","SPECIAL","BEATTYPE","LAPDDIV","BEATCLAS","BEATNUMB","WEATHER2","STATEHW","CALTRANC","CALTRAND","STROUTE","ROUTESUF","POSTPRE","POSTMILE","LOCATYPE","RAMP","SIDEHW","TOWAWAY","PARTIES","PCF","VIOLCODE","VIOL","VIOLSUB","HITRUN","ROADSURF","RDCOND1","RDCOND2","LIGHTING","RIGHTWAY","CHPRDTYP","NOTPRIV","STFAULT","CHPFAULT","SEVINJ","OTHERINJ","COP","PEDKILL","PEDINJ","BICKILL","BICINJ","MCKILL","MCINJURE","RAMP1","RAMP2","CITY","COUNTY","STATE","X_CHP","Y_CHP"
"5668202",-121.63450476,39.129273699,2012,"5102","0","5","4","03",0,1,"A",,,,,,1500,6,"C","C","A","RT 99","FRANKLIN AV",600,"N","N","2014-01-15",5102,"2012-06-01",1226,"4083","5102","5","4","0","0",,"0",,"-","Y","SUT",3,99,"-","-",29.78,"H","-","S","N",3,"A","-",22350,,"N","A","H","-","A","A","0","Y","-","-",0,0,1,0,0,0,0,0,0,"-","-","YUBA CITY","SUTTER","CA",0,0
"5668156",-121.606123972,39.1357005399,2012,"5102","0","1","3","08",0,1,"A",,,,,,1500,5,"D","C","A","2ND ST","B ST",180,"S","N","2013-08-30",5102,"2012-05-21",1405,"4046","5102","5","4","0","0",,"0","004","-","N",,0,0,,,0,,,,"Y",6,"A","-",22107,,"N","A","H","-","A","A","0","Y","A","07",0,1,0,0,0,0,0,0,0,"-","-","YUBA CITY","SUTTER","CA",0,0
"5668144",-121.613723212,39.1358750493,2012,"5102","0","3","4","05",0,1,"A",,"Y",,,,1800,5,"D","C","A","BRIDGE ST","SHASTA ST",0,,"Y","2013-08-30",5102,"2012-05-09",1610,"4081","5102","5","4","0","0",,"0","001","-","N",,0,0,,,0,,,,"N",2,"A","-",21650,"1","M","A","H","-","A","A","0","Y","L","04",0,0,1,0,0,0,1,0,0,"-","-","YUBA CITY","SUTTER","CA",0,0
"5668116",-121.627686037,39.1469707236,2012,"5102","0","3","4","08",0,1,"A",,,,,,900,5,"B","E","A","STAFFORD WY","KING AV",475,"S","N","2013-08-30",5102,"2012-05-30",732,"4039","5102","5","4","0","0",,"0","003","-","N",,0,0,,,0,,,,"Y",2,"A","-",22107,,"N","A","H","-","A","D","0","Y","A","01",0,0,1,0,0,0,0,0,0,"-","-","YUBA CITY","SUTTER","CA",0,0
"5662930",-121.671593214,39.141335157,2012,"5102","0","2","3","00",0,3,"-",,,,,,1800,6,"D","C","A","RT 20","GEORGE WASHINGTON",0,,"Y","2014-01-15",5102,"2012-06-05",1500,"4081","5102","5","4","0","0",,"0","001","-","Y","SUT",3,20,"-","-",13.6,"I","5","E","Y",2,"D","-",0,,"N","A","H","-","A","A","0","Y","-","-",0,1,2,0,0,0,0,0,0,"-","-","YUBA CITY","SUTTER","CA",0,0
"5662918",-121.62526325,39.1352650842,2012,"5102","0","4","3","12",0,1,"A",,,"Y",,,1500,5,"D","C","A","CLARK AV","SPIVA AV",0,,"Y","2013-09-10",5102,"2012-05-31",1409,"4066","5102","5","4","0","0",,"0","004","-","N",,0,0,,,0,,,,"Y",2,"A","-",22450,"A","N","A","H","-","A","A","0","Y","D","22",0,1,0,0,0,0,0,0,1,"-","-","YUBA CITY","SUTTER","CA",0,0
"5645816",-121.630221203,39.143770357,2012,"5102","0","3","4","21",0,1,"A",,,,,,1800,5,"C","C","A","GRAY AV","AINSLEY AV",60,"S","N","2013-09-14",5102,"2012-05-23",1747,"445","5102","5","4","0","0",,"0","003","-","N",,0,0,,,0,,,,"N",2,"A","-",22106,,"N","A","H","-","A","D","0","Y","A","01",0,0,1,0,0,0,0,0,0,"-","-","YUBA CITY","SUTTER","CA",0,0
"5645566",0,0,2012,"5102","0","7","3","08",0,1,"A",,,,,,2100,5,"E","I","A","BOGUE RD","SINGHS WY",120,"E","N","2013-12-05",5102,"2012-05-27",1833,"4011","5102","5","4","0","0",,"0","005","-","N",,0,0,,,0,,,,"Y",1,"A","-",22107,,"N","A","H","-","A","A","0","Y","A","08",0,1,0,0,0,0,0,0,0,"-","-","YUBA CITY","SUTTER","CA",0,0
"5641772",-121.634445035,39.101995847,2012,"5100","3","2","2","09",0,4,"A",,,,,,900,5,"D","C","A","RT 99","SMITH RD",0,,"Y","2014-01-15",9285,"2012-05-29",755,"14401",,"1","9","0","1",,"1","051","-","Y","SUT",3,99,"-","-",27.91,"I","5","S","Y",2,"A","-",21802,"A","N","A","H","-","A","A","0","Y","A","07",1,2,1,0,0,0,0,0,0,"-","-","UNINCORPORATED","SUTTER","CA",-121.63449,39.10169
"5640890",-121.623732271,39.1518532335,2012,"5102","0","7","4","01",0,3,"A",,,,,"Y",2100,4,"D","C","A","QUEENS AV","YOUNGS LN",99,"W","N","2013-08-10",5102,"2012-04-22",1859,"4066","5102","5","4","0","0",,"0","003","-","N",,0,0,,,0,,,,"Y",2,"A","-",23152,"A","N","A","H","-","A","D","0","Y","A","08",0,0,3,0,0,0,0,0,0,"-","-","YUBA CITY","SUTTER","CA",0,0
"5639711",0,0,2012,"5100","5","3","1","08",1,0,"A",,,,,,900,11,"F","A","A","MIDDLETON RD","MORONI RD",707,"S","N","2014-04-15",9285,"2012-11-14",750,"15849",,"1","9","0","3",,"2","005","-","N",,0,0,,,0,,,,"Y",1,"A","-",22107,,"N","A","H","-","A","D","0","Y","A","01",0,0,0,0,0,0,0,0,0,"-","-","UNINCORPORATED","SUTTER","CA",-121.84175,39.10477
"5639410",-121.606772879,39.0748536062,2012,"5100","4","6","1","03",1,1,"B",,,,,,2400,11,"E","I","A","GARDEN HWY","BARRY RD",792,"S","N","2013-01-30",9285,"2012-11-17",2305,"017163",,"3","9","0","2",,"2","052","C","N",,0,0,,,0,,,,"Y",1,"A","-",22350,,"N","B","H","-","D","A","0","Y","A","01",0,0,1,0,0,0,0,0,0,"-","-","UNINCORPORATED","SUTTER","CA",-121.60694,39.07428
"5639305",-121.630065004,39.1380597935,2012,"5102","0","7","1","00",1,0,"A","Y",,,,,1800,11,"G","B","B","GRAY AV","FORBES AV",9,"N","N","2014-04-07",5102,"2012-11-18",1720,"4083","5102","5","4","0","0",,"0","003","-","N",,0,0,,,0,,,,"Y",2,"D","-",0,,"N","A","H","-","C","D","0","Y","-","-",0,0,0,1,0,0,0,0,0,"-","-","YUBA CITY","SUTTER","CA",0,0
"5638723",-121.614547429,39.1463076606,2012,"5102","0","2","1","-",1,0,"A",,"Y",,,,600,4,"H","G","A","MARKET ST","AINSLEY AV",41,"N","N","2014-04-16",5102,"2012-04-17",558,"4028","5102","5","4","0","0",,"0","003","-","N",,0,0,,,0,,,,"Y",2,"-","-",0,,"N","A","H","-","C","D","0","Y","-","-",0,0,0,0,0,1,0,0,0,"-","-","YUBA CITY","SUTTER","CA",0,0
"5638013",-121.634615709,39.12040365,2012,"5100","3","4","1","08",1,1,"A",,"Y",,,,1500,6,"H","G","A","RT 99","RICHLAND RD",820,"N","N","2012-08-01",9285,"2012-06-14",1250,"015048",,"1","9","0","1",,"1","051","-","Y","SUT",3,99,"-","-",29.2,"H","-","N","Y",2,"A","-",22107,,"N","A","H","-","A","D","0","Y","L","04",0,1,0,0,0,1,0,0,0,"-","-","UNINCORPORATED","SUTTER","CA",-121.63449,39.12034
"5636674",-121.633531253,39.071781352,2012,"5100","3","6","3","11",0,1,"A","Y",,,,"Y",2400,5,"B","B","E","RT 99","OSWALD RD",1000,"N","N","2014-01-15",9285,"2012-05-12",2240,"16343",,"3","9","0","1",,"1","051","-","Y","SUT",3,99,"-","-",25.81,"H","-","N","N",2,"A","-",21956,,"N","A","H","-","D","D","0","Y","N","60",0,1,0,0,1,0,0,0,0,"-","-","UNINCORPORATED","SUTTER","CA",-121.63387,39.07225
"5636670",-121.846084235,39.1884991884,2012,"5100","5","6","3","05",0,1,"A",,,"Y",,,1800,5,"F","A","A","PASS RD","WEST BUTTE RD",12144,"E","N","2014-01-08",9285,"2012-05-05",1630,"10840",,"2","9","0","3",,"2","007","-","N",,0,0,,,0,,,,"Y",1,"A","-",21650,,"N","A","H","-","A","D","0","Y","C","02",0,1,0,0,0,0,0,0,1,"-","-","UNINCORPORATED","SUTTER","CA",-121.83151,39.18645
"5635734",0,0,2012,"5100","5","6","2","08",0,2,"A",,,"Y",,,1800,4,"F","A","A","WHEATLAND RD","PLEASANT GROVE RD",1584,"E","N","2013-08-14",9285,"2012-04-28",1515,"015048",,"2","9","0","3",,"2","001","-","N",,0,0,,,0,,,,"Y",1,"A","-",22107,,"N","A","H","-","A","A","0","Y","C","02",1,1,0,0,0,0,0,0,2,"-","-","UNINCORPORATED","SUTTER","CA",-121.48398,38.99269
"5634096",-121.626292153,39.141581592,2012,"5102","0","6","4","03",0,1,"A",,,,,"Y",2400,5,"C","C","A","RT 20","CLARK AV",22,"W","N","2014-01-15",5102,"2012-05-26",2310,"4071","5102","5","4","0","0",,"0","004","-","Y","SUT",3,20,"-","-",16.05,"H","-","E","N",2,"A","-",22350,,"F","A","H","-","C","A","0","Y","D","22",0,0,1,0,0,0,0,0,0,"-","-","YUBA CITY","SUTTER","CA",0,0
"5633977",-121.634404049,39.098381508,2012,"5100","3","5","4","01",0,1,"A",,,,,"Y",1200,5,"C","C","A","RT 99","BOGUE RD",16,"N","N","2014-02-06",9285,"2012-05-18",1148,"15873",,"1","9","0","1",,"1","051","-","Y","SUT",3,99,"-","-",27.66,"H","-","S","N",2,"A","-",23152,"A","F","A","H","-","A","D","0","Y","D","22",0,0,1,0,0,0,0,0,0,"-","-","UNINCORPORATED","SUTTER","CA",-121.63451,39.09854
"5633973",-121.631950597,39.003939214,2012,"5100","3","1","3","08",0,3,"A",,,,,,2400,5,"D","C","A","RT 99","RT 113",0,,"Y","2014-02-06",9285,"2012-05-21",2237,"18561",,"3","9","0","1",,"1","051","-","Y","SUT",3,99,"-","-",20.991,"I","5","S","Y",3,"A","-",22107,,"N","A","H","-","A","A","0","Y","A","01",0,1,2,0,0,0,0,0,0,"-","-","UNINCORPORATED","SUTTER","CA",-121.63171,39.00359
"5632971",-121.796843306,39.149779922,2012,"5100","3","5","4","01",0,1,"A",,,,,,2400,5,"E","I","A","RT 20","SOUTHRIDGE BL",317,"W","N","2014-01-15",9285,"2012-05-18",2154,"18561",,"2","9","0","1",,"2","072","-","Y","SUT",3,20,"-","-",6.77,"H","-","E","Y",1,"A","-",23152,"A","N","A","H","-","D","D","0","Y","D","22",0,0,1,0,0,0,0,0,0,"-","-","UNINCORPORATED","SUTTER","CA",-121.79647,39.14974
"5632970",-121.605406859,38.975459306,2012,"5100","3","7","4","03",0,1,"A",,,,,,1800,5,"C","C","A","RT 99","WILSON RD",528,"N","N","2014-02-03",9285,"2012-05-13",1640,"15873",,"2","9","0","1",,"1","011","-","Y","SUT",3,99,"-","-",17.81,"H","-","N","N",2,"A","-",22350,,"N","A","H","-","A","D","0","Y","D","22",0,0,1,0,0,0,0,0,0,"-","-","UNINCORPORATED","SUTTER","CA",-121.61103,38.97663
"5631548",-121.616023198,39.1031150517,2012,"5102","0","1","3","09",0,5,"A",,,,,,1800,5,"D","C","A","GARDEN HWY","RIVER OAKS DR",0,,"Y","2013-09-18",5102,"2012-05-07",1512,"4063","5120","5","4","0","0",,"0","005","-","N",,0,0,,,0,,,,"Y",3,"A","-",21802,"A","N","A","H","-","A","A","0","Y","A","08",0,2,3,0,0,0,0,0,0,"-","-","YUBA CITY","SUTTER","CA",0,0
"5631544",-121.615236388,39.1353582102,2012,"5102","0","1","4","04",0,3,"A",,,,,,1500,5,"C","C","A","BRIDGE ST","PLUMAS ST",30,"E","N","2013-09-18",5102,"2012-05-14",1224,"4028","5102","5","4","0","0",,"0","004","-","N",,0,0,,,0,,,,"Y",3,"A","-",21703,,"N","A","H","-","A","A","0","Y","A","01",0,0,3,0,0,0,0,0,0,"-","-","YUBA CITY","SUTTER","CA",0,0
"5631536",-121.634530312,39.127023047,2012,"5102","0","3","4","03",0,1,"A",,,,,,2100,5,"C","C","A","RT 99","FRANKLIN RD",36,"S","N","2014-01-15",5102,"2012-05-16",2047,"4062","5102","5","4","0","0",,"0","002","-","Y","SUT",3,99,"-","-",29.66,"H","-","N","N",2,"A","-",22350,,"N","A","H","-","C","A","0","Y","A","01",0,0,1,0,0,0,0,0,0,"-","-","YUBA CITY","SUTTER","CA",0,0
"5628024",-121.800599295,39.0771851799,2012,"5100","5","7","3","08",0,1,"A",,,,,,1200,5,"F","A","A","PROGRESS RD","OSWALD RD",2640,"N","N","2013-09-03",9285,"2012-05-06",1055,"17163",,"1","9","0","3",,"2","007","-","N",,0,0,,,0,,,,"Y",1,"A","-",22107,,"N","A","H","-","A","D","0","Y","-","-",0,1,0,0,0,0,0,0,0,"-","-","UNINCORPORATED","SUTTER","CA",-121.80041,39.07816
"5628008",-121.592712156,38.907020054,2012,"5100","3","5","4","03",0,1,"A",,,,,,1200,4,"C","C","A","RT 99","SACRAMENTO AV",5280,"S","N","2013-11-12",9285,"2012-04-27",920,"013932",,"1","9","0","1",,"1","011","-","Y","SUT",3,99,"-","-",12.68,"H","-","S","Y",2,"A","-",22350,,"N","A","D","-","A","D","0","Y","A","01",0,0,1,0,0,0,0,0,0,"-","-","UNINCORPORATED","SUTTER","CA",-121.67186,39.90487
"5627561",-121.64400329,39.1480568765,2012,"5102","0","7","4","02",0,2,"A",,,,,,1500,5,"C","C","A","STABLER LN","BUTTE HOUSE RD",3,"S","N","2013-09-21",5102,"2012-05-13",1210,"4063","5102","5","4","0","0",,"0","002","-","N",,0,0,,,0,,,,"N",2,"A","-",22400,"A","N","A","H","-","A","A","0","Y","D","22",0,0,2,0,0,0,0,0,0,"-","-","YUBA CITY","SUTTER","CA",0,0
"5620804",-121.576973145,38.7790350738,2012,"5100","5","5","4","12",0,1,"A",,,,,,1800,4,"D","C","A","SANKEY RD","POWER LINE RD",0,,"Y","2013-08-24",9285,"2012-04-27",1514,"013932",,"2","9","0","3",,"2","001","-","N",,0,0,,,0,,,,"Y",2,"A","-",22450,"A","N","A","B","-","A","A","0","Y","D","22",0,0,1,0,0,0,0,0,0,"-","-","UNINCORPORATED","SUTTER","CA",-121.57697,38.77903
"5619670",0,0,2012,"5102","0","6","3","03",0,1,"A",,"Y",,,"Y",2100,4,"H","G","A","SUTTER ST","MARKET ST",150,"W","N","2013-08-28",5102,"2012-04-14",2030,"4072","5102","5","4","0","0",,"0","003","-","N",,0,0,,,0,,,,"N",1,"A","-",22350,,"N","A","H","-","C","D","0","Y","L","04",0,1,0,0,0,0,1,0,0,"-","-","YUBA CITY","SUTTER","CA",0,0
"5619669",-121.616442871,39.1377437896,2012,"5102","0","1","3","21",0,1,"A",,"Y",,,,1200,4,"H","G","A","PLUMAS ST","FORBES AV",42,"N","N","2013-08-28",5102,"2012-04-23",1008,"4079","5102","5","4","0","0",,"0","004","-","N",,0,0,,,0,,,,"N",2,"A","-",22106,,"N","A","H","-","A","D","0","Y","A","01",0,1,0,0,0,0,1,0,0,"-","-","YUBA CITY","SUTTER","CA",0,0
"5619668",-121.662364442,39.141465843,2012,"5102","0","3","4","03",0,2,"B",,,,,,1200,4,"C","C","A","RT 20","EL MARGARITA RD",45,"E","N","2013-11-18",5102,"2012-04-25",1054,"4028","5102","5","4","0","0",,"0","002","-","Y","SUT",3,20,"-","-",14.1,"H","-","W","Y",2,"A","-",22349,"A","N","B","H","-","A","D","0","Y","A","01",0,0,2,0,0,0,0,0,0,"-","-","YUBA CITY","SUTTER","CA",0,0
"5619666",0,0,2012,"5102","0","4","3","18",0,1,"A",,,,,,2400,4,"E","J","A","5TH ST BRIDGE","BRIDGE ST",500,"E","N","2013-08-28",5102,"2012-04-26",2126,"4042","5102","5","4","0","0",,"0","004","-","N",,0,0,,,0,,,,"Y",1,"C","-",0,,"N","A","H","-","C","D","0","Y","-","-",0,1,0,0,0,0,0,0,0,"-","-","YUBA CITY","SUTTER","CA",0,0
"5619667",-121.631287284,39.1323365385,2012,"5102","0","1","4","03",0,1,"A",,,,,,1800,4,"C","C","A","BRIDGE ST","BARRETT RD",21,"W","N","2013-08-28",5102,"2012-04-30",1531,"1028","5102","5","4","0","0",,"0","004","-","N",,0,0,,,0,,,,"Y",2,"A","-",22350,,"N","A","H","-","A","A","0","Y","A","08",0,0,1,0,0,0,0,0,0,"-","-","YUBA CITY","SUTTER","CA",0,0
"5619484",-121.617811037,39.1406515006,2012,"5102","0","5","4","21",0,1,"A",,,,,,1800,5,"C","C","A","COLUSA HWY","PLUMAS ST",25,"W","N","2014-01-08",5102,"2012-05-04",1520,"4052","5102","5","4","0","0",,"0","003","-","N",,0,0,,,0,,,,"N",3,"A","-",22106,,"N","A","H","-","A","A","0","Y","A","01",0,0,1,0,0,0,0,0,0,"-","-","YUBA CITY","SUTTER","CA",0,0
"5619483",-121.634536069,39.127629951,2012,"5102","0","4","4","03",0,1,"A",,,,,,1200,5,"C","C","A","FRANKLIN AV","RT 99",115,"W","N","2014-02-06",5102,"2012-05-03",1136,"4028","5102","5","4","0","0",,"0","002","-","Y","SUT",3,99,"-","-",29.67,"I","6","S","N",2,"A","-",22350,,"N","A","H","-","A","A","0","Y","A","01",0,0,1,0,0,0,0,0,0,"-","-","YUBA CITY","SUTTER","CA",0,0
"5615555",-121.620774177,39.1461321715,2012,"5102","0","3","4","03",0,1,"B",,,,,,1800,4,"C","C","A","LIVE OAK BL","MILLER ST",12,"S","N","2013-08-20",5102,"2012-04-25",1746,"4079","5102","5","4","0","0",,"0","003","-","N",,0,0,,,0,,,,"Y",2,"A","-",22350,,"N","B","H","-","A","D","0","Y","D","22",0,0,1,0,0,0,0,0,0,"-","-","YUBA CITY","SUTTER","CA",0,0
"5615552",0,0,2012,"5102","0","4","4","03",0,1,"B",,,,,,1500,4,"C","C","A","5TH ST BRIDGE","2ND ST",407,"E","N","2013-08-21",5102,"2012-04-26",1225,"4079","5102","5","4","0","0",,"0","003","-","N",,0,0,,,0,,,,"N",2,"A","-",22350,,"N","A","H","-","A","D","0","Y","D","22",0,0,1,0,0,0,0,0,0,"-","-","YUBA CITY","SUTTER","CA",0,0
"5603908",0,0,2012,"5100","5","3","4","08",0,1,"B",,,,,,900,4,"F","A","A","ACACIA AV","FRANKLIN RD",1263,"N","N","2014-01-10",9285,"2012-04-11",715,"13174",,"1","9","0","3",,"2","007","C",,,0,0,,,0,,,,"N",1,"A","-",22107,,"N","B","H","-","A","D","0","Y","A","01",0,0,1,0,0,0,0,0,0,"-","-","UNINCORPORATED","SUTTER","CA",-121.75398,39.13192
"5603688",-121.661097905,39.275604574,2012,"5101","0","3","3","09",0,1,"A",,,,,,1800,3,"A","C","A","RT 99","PENNINGTON RD",187,"S","N","2013-09-30",5100,"2012-03-28",1726,"2040","LOCA3","5","2","0","0",,"0","02A","-","Y","SUT",3,99,"-","-",40.21,"H","-","S","N",2,"A","-",21804,"A","N","A","H","-","A","D","0","Y","A","01",0,1,0,0,0,0,0,0,0,"-","-","LIVE OAK","SUTTER","CA",0,0
"5600519",-121.487674282,38.922925312,2012,"5100","5","7","2","01",0,1,"A",,,,,"Y",2400,4,"E","I","A","PLEASANT GROVE RD","CORNELIUS AV",1005,"S","N","2013-08-24",9285,"2012-04-22",2300,"17163",,"3","9","0","3",,"2","001","-","N",,0,0,,,0,,,,"Y",1,"A","-",23152,"A","N","A","H","-","D","D","0","Y","A","01",1,0,0,0,0,0,0,0,0,"-","-","UNINCORPORATED","SUTTER","CA",-121.48765,38.92334
"5599483",0,0,2012,"5100","5","5","2","-",0,1,"A",,"Y",,,,1800,4,"A","G","A","SOUTH BUTTE RD","LYTLE RD",528,"W","N","2013-08-10",9285,"2012-04-27",1505,"14744",,"2","9","0","3",,"2","007","-","N",,0,0,,,0,,,,"N",2,"A","-",0,,"N","A","H","-","A","D","0","Y","-","99",1,0,0,0,0,0,1,0,0,"-","-","UNINCORPORATED","SUTTER","CA",-121.71612,39.14936
"5598890",-121.543318924,38.925333259,2012,"5100","3","1","3","08",0,2,"A",,,,,,1800,5,"D","C","A","RT 70","CORNELIUS AV",175,"N","N","2014-02-03",9285,"2012-05-07",1700,"17163",,"2","9","0","1",,"1","010","-","Y","SUT",3,70,"-","-",5.05,"H","-","E","Y",2,"A","-",22107,,"N","A","H","-","A","D","0","Y","D","22",0,1,1,0,0,0,0,0,0,"-","-","UNINCORPORATED","SUTTER","CA",-121.54414,38.92644
"5598877",-121.671973196,39.001425971,2012,"5100","3","4","4","08",0,1,"A",,,,"Y",,1800,4,"F","A","A","RT 113","GEORGE WASHINGTON BL",526,"S","N","2013-12-18",9285,"2012-04-26",1728,"015849",,"2","9","0","1",,"1","031","-","Y","SUT",3,113,"-","-",14.19,"H","-","S","Y",1,"A","-",22107,,"N","A","H","-","A","D","0","Y","G","27",0,0,1,0,0,0,0,0,0,"-","-","UNINCORPORATED","SUTTER","CA",0,0
"5598869",-121.689014033,39.141326004,2012,"5100","3","4","3","12",0,1,"A",,,,,,2100,4,"D","C","A","RT 20","TOWNSHIP RD",0,,"Y","2013-11-18",9285,"2012-04-26",1806,"17889",,"2","9","0","1",,"2","072","-","Y","SUT",3,20,"-","-",12.67,"I","5","E","Y",2,"A","-",21453,"A","N","A","H","-","A","D","0","Y","D","22",0,1,0,0,0,0,0,0,0,"-","-","UNINCORPORATED","SUTTER","CA",-121.41204,39.08287
"5598841",0,0,2012,"5100","5","7","4","21",0,1,"A",,,,,,1500,5,"-","C","A","PLEASANT GROVE RD","KEYS RD",4202,"N","N","2013-10-30",9285,"2012-05-06",1451,"13174",,"2","9","0","3",,"2","001","-","N",,0,0,,,0,,,,"Y",2,"A","-",22106,,"N","A","H","-","A","D","0","Y","D","22",0,0,1,0,0,0,0,0,0,"-","-","UNINCORPORATED","SUTTER","CA",-121.48362,38.80664
"5595989",-121.659973195,39.2760350671,2012,"5101","0","4","2","09",0,1,"A",,,,,,1800,4,"A","C","A","PENNINGTON RD","LARKIN RD",0,,"Y","2013-08-20",5100,"2012-04-05",1531,"5070",,"5","2","0","0",,"0","02A","-","N",,0,0,,,0,,,,"Y",2,"A","-",21801,"A","N","A","H","-","A","D","0","Y","D","22",1,0,0,0,0,0,0,0,0,"-","-","LIVE OAK","SUTTER","CA",0,0
"5595957",-121.661293231,39.278745283,2012,"5101","0","6","4","03",0,1,"B",,,,,,1500,2,"C","C","A","RT 99","KOLA ST",0,,"Y","2013-09-17",5100,"2012-02-18",1237,"2222","LOCA2","5","2","0","0",,"0","02A","-","Y","SUT",3,99,"-","-",40.43,"H","-","S","Y",2,"A","-",22350,,"N","A","H","-","A","A","0","Y","-","-",0,0,1,0,0,0,0,0,0,"-","-","LIVE OAK","SUTTER","CA",0,0
"5595756",-121.487792346,38.9076500258,2012,"5100","3","6","3","03",0,1,"A","Y",,,,,300,4,"C","C","E","PLEASANT GROVE RD","NICOLAUS AV",20,"N","N","2013-08-16",9285,"2012-04-14",15,"18522",,"3","9","0","1",,"1","010","-","N",,0,0,,,0,,,,"Y",4,"A","-",22350,,"N","B","C","-","D","C","0","Y","A","07",0,1,0,0,1,0,0,0,0,"-","-","UNINCORPORATED","SUTTER","CA",-121.48779,38.90753
"5592864",-121.614687445,39.1355457402,2012,"5102","0","4","4","03",0,1,"A",,,,,,1800,4,"C","C","A","BRIDGE ST","PLUMAS ST",200,"E","N","2013-08-27",5102,"2012-04-12",1620,"4072","5102","5","4","0","0",,"0","004","-","N",,0,0,,,0,,,,"N",2,"A","-",22350,,"N","A","H","-","A","A","0","Y","A","01",0,0,1,0,0,0,0,0,0,"-","-","YUBA CITY","SUTTER","CA",0,0
"5592832",-121.617951172,39.1103468811,2012,"5102","0","7","3","01",0,1,"A",,,,,"Y",300,4,"C","E","A","SCIROCCO DR","EASTWIND DR",65,"W","N","2013-08-27",5102,"2012-04-15",140,"4029","5102","5","4","0","0",,"0","005","-","N",,0,0,,,0,,,,"N",3,"A","-",23152,"A","F","A","H","-","C","A","0","Y","A","01",0,1,0,0,0,0,0,0,0,"-","-","YUBA CITY","SUTTER","CA",0,0
"5592828",-121.644669929,39.1482445043,2012,"5102","0","6","4","08",0,1,"A",,,"Y",,,1800,4,"D","C","A","BUTTE HOUSE RD","STABLER LN",200,"W","N","2013-08-27",5102,"2012-04-21",1615,"4076","5102","5","4","0","0",,"0","002","-","N",,0,0,,,0,,,,"Y",2,"A","-",22107,,"N","A","H","-","A","D","0","Y","A","01",0,0,1,0,0,0,0,0,1,"-","-","YUBA CITY","SUTTER","CA",0,0
"5591663",-121.634409359,39.1545158094,2012,"5102","0","4","2","13",0,1,"A","Y",,,,,1500,4,"G","B","E","CASA LOMA LN","E ONSTOTT FRONTAGE",89,"E","N","2013-08-17",5102,"2012-04-19",1203,"4081","5102","5","4","0","0",,"0","003","-","N",,0,0,,,0,,,,"N",2,"A","-",22515,"A","N","A","H","-","A","D","0","Y","N","60",1,0,0,0,1,0,0,0,0,"-","-","YUBA CITY","SUTTER","CA",0,0
"5591659",-121.626905346,39.141720854,2012,"5102","0","3","4","03",0,2,"A",,,,,,1500,4,"C","C","A","RT 20","CLARK AV",200,"W","N","2013-11-12",5102,"2012-04-18",1418,"4028","5102","5","4","0","0",,"0","003","-","Y","SUT",3,20,"-","-",16.02,"H","-","W","N",3,"A","-",22350,,"N","A","H","-","A","A","0","Y","D","22",0,0,2,0,0,0,0,0,0,"-","-","YUBA CITY","SUTTER","CA",0,0
"5588066",-121.716266252,38.819899552,2012,"5100","3","2","4","21",0,1,"A",,,,,,900,4,"C","C","A","RT 113","LEISER RD",522,"S","N","2013-12-18",9285,"2012-04-17",804,"13174",,"1","9","0","1",,"1","031","-","Y","SUT",3,113,"-","-",1.26,"H","-","S","N",2,"A","-",22106,,"N","A","D","-","A","D","0","Y","A","07",0,0,1,0,0,0,0,0,0,"-","-","UNINCORPORATED","SUTTER","CA",-121.7162,38.81952
"5584870",-121.579725226,38.9032762345,2012,"5100","5","1","3","03",0,1,"B",,,"Y",,,1800,4,"F","A","A","GARDEN HWY","MARCUM RD",550,"W","N","2013-08-28",9285,"2012-04-09",1600,"13174",,"2","9","0","3",,"2","001","-","N",,0,0,,,0,,,,"N",1,"A","-",22350,,"N","A","H","-","A","D","0","Y","C","02",0,1,0,0,0,0,0,0,1,"-","-","UNINCORPORATED","SUTTER","CA",-121.57979,38.90308
"5583244",-121.814271935,39.1540289488,2012,"5100","5","6","3","09",0,1,"B",,"Y",,,,1200,4,"D","G","A","SOUTH BUTTE RD","MOREHEAD RD",2640,"W","N","2013-10-18",9285,"2012-04-14",1140,"14744",,"1","9","0","3",,"2","007","-","N",,0,0,,,0,,,,"N",2,"A","-",21804,"A","N","A","H","-","A","D","0","Y","D","22",0,1,0,0,0,0,1,0,0,"-","-","UNINCORPORATED","SUTTER","CA",-121.81479,39.15406