"CASEID","POINT_X","POINT_Y","YEAR_","LOCATION","CHPTYPE","DAYWEEK","CRASHSEV","VIOLCAT","KILLED","INJURED","WEATHER1","PEDCOL","BICCOL","MCCOL","TRUCKCOL","ETOH","TIMECAT","MONTH_","CRASHTYP","INVOLVE","PED","PRIMARYRD","SECONDRD","DISTANCE","DIRECT","INTERSECT_","PROCDATE","JURIS","DATE_","TIME_","BADGE","JURIDIST","SHIFT","POP","SPECIAL","BEATTYPE","LAPDDIV","BEATCLAS","BEATNUMB","WEATHER2","STATEHW","CALTRANC","CALTRAND","STROUTE","ROUTESUF","POSTPRE","POSTMILE","LOCATYPE","RAMP","SIDEHW","TOWAWAY","PARTIES","PCF","VIOLCODE","VIOL","VIOLSUB","HITRUN","ROADSURF","RDCOND1","RDCOND2","LIGHTING","RIGHTWAY","CHPRDTYP","NOTPRIV","STFAULT","CHPFAULT","SEVINJ","OTHERINJ","COP","PEDKILL","PEDINJ","BICKILL","BICINJ","MCKILL","MCINJURE","RAMP1","RAMP2","CITY","COUNTY","STATE","X_CHP","Y_CHP"
"5582918",-121.617704543,39.14065071,2012,"5102","0","1","3","04",0,1,"A",,,"Y",,,1500,4,"H","J","A","RT 20","PLUMAS ST",16,"E","N","2013-11-12",5102,"2012-04-16",1332,"4028","5102","5","4","0","0",,"0","003","-","Y","SUT",3,20,"-","-",16.53,"H","-","W","N",1,"A","-",21703,,"N","A","H","-","A","A","0","Y","C","02",0,1,0,0,0,0,0,0,1,"-","-","YUBA CITY","SUTTER","CA",0,0
"5582914",0,0,2012,"5102","0","5","4","03",0,2,"B",,,,,,1800,4,"C","C","A","BRIDGE ST","SUTTER ST",300,"E","N","2013-10-15",5102,"2012-04-13",1551,"4052","5102","5","4","0","0",,"0","004","C","N",,0,0,,,0,,,,"Y",4,"A","-",22350,,"N","B","H","-","A","D","0","Y","A","01",0,0,2,0,0,0,0,0,0,"-","-","YUBA CITY","SUTTER","CA",0,0
"5582910",-121.630783837,39.141738026,2012,"5102","0","7","4","09",0,1,"A",,,,,,2100,4,"D","C","A","RT 20","GRAY AV",0,,"Y","2013-11-12",5102,"2012-04-15",2016,"4077","5102","5","4","0","0",,"0","003","-","Y","SUT",3,20,"-","-",15.81,"I","5","W","Y",2,"A","-",21453,"B","N","A","H","-","B","A","0","Y","A","01",0,0,1,0,0,0,0,0,0,"-","-","YUBA CITY","SUTTER","CA",0,0
"5582906",0,0,2012,"5102","0","1","3","08",0,2,"A",,,,,,1800,4,"D","C","A","PEASE RD","GRAY AV",125,"E","N","2013-08-26",5102,"2012-04-09",1609,"4028","5102","5","4","0","0",,"0","003","-","N",,0,0,,,0,,,,"Y",2,"A","-",22100,"B","N","A","H","-","A","D","0","Y","A","01",0,1,1,0,0,0,0,0,0,"-","-","YUBA CITY","SUTTER","CA",0,0
"5581657",-121.624888858,39.1518311267,2012,"5102","0","5","3","18",0,1,"A",,,,,,1500,3,"E","I","A","QUEENS AV","UPLAND DR",75,"E","N","2013-07-31",5102,"2012-03-30",1422,"4081","5102","5","4","0","0",,"0","003","-","N",,0,0,,,0,,,,"Y",1,"C","-",0,,"N","A","H","-","A","D","0","Y","-","-",0,1,0,0,0,0,0,0,0,"-","-","YUBA CITY","SUTTER","CA",0,0
"5565382",-121.626027491,39.1321840367,2012,"5102","0","4","4","03",0,1,"B",,,,,,1500,4,"C","C","A","BRIDGE ST","MARIE AV",30,"E","N","2013-08-17",5102,"2012-04-12",1321,"4079","5102","5","4","0","0",,"0","004","-","N",,0,0,,,0,,,,"N",2,"A","-",22350,,"N","A","H","-","A","D","0","Y","A","01",0,0,1,0,0,0,0,0,0,"-","-","YUBA CITY","SUTTER","CA",0,0
"5565379",-121.624763146,39.125605108,2012,"5102","0","3","4","03",0,1,"A",,,,,,900,4,"C","C","A","CLARK AV","JEWELL AV",0,,"Y","2013-08-28",5102,"2012-04-04",813,"4028",,"5","4","0","0",,"0","005","-","N",,0,0,,,0,,,,"Y",3,"A","-",22350,,"N","A","H","-","A","A","0","Y","D","22",0,0,1,0,0,0,0,0,0,"-","-","YUBA CITY","SUTTER","CA",0,0
"5565378",-121.606338635,39.1360919812,2012,"5102","0","4","4","03",0,1,"C",,,,,,1800,3,"C","C","A","2ND ST","B ST",25,"S","N","2013-08-03",5102,"2012-03-29",1645,"4072","5102","5","4","0","0",,"0","004","-","N",,0,0,,,0,,,,"N",2,"A","-",22350,,"N","B","H","-","A","A","0","Y","A","01",0,0,1,0,0,0,0,0,0,"-","-","YUBA CITY","SUTTER","CA",0,0
"5565376",-121.634510453,39.12897483,2012,"5102","0","7","4","03",0,1,"A",,,,,,1500,4,"C","C","A","RT 99","FRANKLIN AV",460,"N","N","2013-11-12",5102,"2012-04-01",1335,"4063",,"5","4","0","0",,"0","002","-","Y","SUT",3,99,"-","-",29.76,"H","-","S","Y",3,"A","-",22350,,"N","A","H","-","A","A","0","Y","A","01",0,0,1,0,0,0,0,0,0,"-","-","YUBA CITY","SUTTER","CA",0,0
"5564137",-121.742731593,39.1684018798,2012,"5100","5","1","3","01",0,3,"A",,,,,"Y",2400,2,"A","C","A","BUTTE HOSUE RD","CYPRESS AV",320,"W","N","2013-07-12",9285,"2012-02-27",2338,"017100",,"3","9","0","3",,"2","007","-","N",,0,0,,,0,,,,"Y",2,"A","-",23152,"A","N","A","H","-","D","D","0","Y","A","08",0,1,2,0,0,0,0,0,0,"-","-","UNINCORPORATED","SUTTER","CA",-121.74247,39.16826
"5561680",-121.629943261,39.1351105032,2012,"5102","0","3","4","04",0,1,"B",,,,,,1200,3,"C","C","A","GRAY AV","SPIVA AV",100,"S","N","2013-07-27",5102,"2012-03-28",1055,"4065","5102","5","4","0","0",,"0","004","-","N",,0,0,,,0,,,,"Y",2,"A","-",21703,,"N","A","H","-","A","D","0","Y","A","01",0,0,1,0,0,0,0,0,0,"-","-","YUBA CITY","SUTTER","CA",0,0
"5558398",-121.634472023,39.132346218,2012,"5102","0","2","3","17",0,1,"A",,"Y",,,,2400,3,"G","G","A","RT 99","BRIDGE ST",0,,"Y","2013-09-25",5102,"2012-03-20",2224,"4042","5102","5","4","0","0",,"0","004","-","Y","SUT",3,99,"-","-",30.03,"I","5","N","Y",2,"A","-",21451,"A","F","A","H","-","C","A","0","Y","A","01",0,1,0,0,0,0,1,0,0,"-","-","YUBA CITY","SUTTER","CA",0,0
"5558394",-121.634538313,39.12716705,2012,"5102","0","7","4","12",0,1,"B",,,,,,1500,3,"D","C","A","RT 99","FRANKLIN AV",0,,"Y","2013-09-26",5102,"2012-03-18",1345,"4065","5102","5","4","0","0",,"0","004","-","Y","SUT",3,99,"-","-",29.67,"I","5","N","Y",3,"A","-",21453,"A","N","A","H","-","A","A","0","Y","A","01",0,0,1,0,0,0,0,0,0,"-","-","YUBA CITY","SUTTER","CA",0,0
"5558390",-121.630063117,39.1380350347,2012,"5102","0","6","4","09",0,1,"B",,,,,,1200,3,"D","C","A","GRAY AV","FORBES AV",0,,"Y","2013-07-26",5102,"2012-03-17",1119,"4056","PATRO","5","4","0","0",,"0","004","-","N",,0,0,,,0,,,,"Y",2,"A","-",21802,"A","N","A","H","-","A","A","0","Y","A","01",0,0,1,0,0,0,0,0,0,"-","-","YUBA CITY","SUTTER","CA",0,0
"5558386",-121.613723212,39.1358750493,2012,"5102","0","5","4","12",0,2,"B",,,,,,1500,3,"D","C","A","BRIDGE ST","SHASTA ST",0,,"Y","2013-12-03",5102,"2012-03-16",1259,"4011","5102","5","4","0","0",,"0","004","C","N",,0,0,,,0,,,,"Y",2,"A","-",21453,"A","N","B","H","-","A","A","0","Y","-","-",0,0,2,0,0,0,0,0,0,"-","-","YUBA CITY","SUTTER","CA",0,0
"5558382",-121.612684635,39.1362511172,2012,"5102","0","4","4","03",0,1,"B",,,,,,1500,3,"C","C","A","BRIDGE ST","SHASTA ST",325,"E","N","2013-07-26",5102,"2012-03-15",1456,"4011","5102","5","4","0","0",,"0","004","C","N",,0,0,,,0,,,,"N",2,"A","-",22350,,"N","B","H","-","A","A","0","Y","A","01",0,0,1,0,0,0,0,0,0,"-","-","YUBA CITY","SUTTER","CA",0,0
"5558004",-121.724744971,38.923646695,2012,"5100","5","2","3","03",0,1,"A",,,,,,1500,3,"F","I","A","SUBACCO RD","RT 113",10560,"W","N","2013-07-31",9285,"2012-03-06",1300,"14401",,"1","9","0","3",,"2","003","-","N",,0,0,,,0,,,,"Y",1,"A","-",22350,,"N","A","H","-","A","D","0","Y","A","07",0,1,0,0,0,0,0,0,0,"-","-","UNINCORPORATED","SUTTER","CA",-121.72588,38.92371
"5550585",0,0,2012,"5100","5","5","3","03",0,1,"A",,,,,,2100,3,"E","I","A","MERIDIAN RD","MERIDIAN RD 250",14,"N","N","2014-04-09",9285,"2012-03-09",1935,"017163",,"2","9","0","3",,"2","007","-","N",,0,0,,,0,,,,"Y",1,"A","-",22350,,"N","A","H","-","D","D","0","Y","D","22",0,1,0,0,0,0,0,0,0,"-","-","UNINCORPORATED","SUTTER","CA",-121.91293,39.12886
"5550561",-121.896997439,39.143509825,2012,"5100","3","7","4","03",0,2,"A",,,,,,1500,3,"C","C","A","RT 20","WOOD RD",0,,"Y","2013-09-27",9285,"2012-03-11",1320,"015491",,"1","9","0","1",,"2","072","-","Y","SUT",3,20,"-","R",1.143,"I","5","W","Y",3,"A","-",22350,,"N","A","H","-","A","D","0","Y","D","22",0,0,2,0,0,0,0,0,0,"-","-","UNINCORPORATED","SUTTER","CA",-121.89704,39.14328
"5546418",-121.707694292,39.1655854555,2012,"5100","4","4","4","05",0,1,"B",,,,,,1500,3,"E","J","A","BUTTE HOUSE RD","E BUTTE RD",2640,"E","N","2013-06-21",9285,"2012-03-01",1250,"015849",,"1","9","0","2",,"2","073","-","N",,0,0,,,0,,,,"Y",1,"A","-",21650,,"N","A","H","-","A","D","0","Y","A","01",0,0,1,0,0,0,0,0,0,"-","-","UNINCORPORATED","SUTTER","CA",-121.7094,39.16623
"5544119",-121.67123703,39.301503967,2012,"5100","3","4","3","09",0,1,"A",,,,,,1500,3,"D","C","A","RT 99","RIVIERA RD",0,,"Y","2013-09-30",9285,"2012-03-08",1320,"16868",,"1","9","0","1",,"1","071","-","Y","SUT",3,99,"-","-",42.135,"I","5","S","Y",2,"A","-",21802,"A","N","A","H","-","A","A","1","Y","D","22",0,1,0,0,0,0,0,0,0,"-","-","UNINCORPORATED","SUTTER","CA",-121.67129,39.30154
"5542539",-121.594033102,38.7493450808,2012,"5100","5","4","1","12",1,0,"A",,,,,"Y",300,2,"E","I","A","RIEGO RD","GARDEN HWY",0,,"Y","2014-04-07",9285,"2012-02-23",110,"017163",,"3","9","0","3",,"2","001","-","N",,0,0,,,0,,,,"Y",1,"A","-",22450,"A","N","A","H","-","D","A","0","Y","A","01",0,0,0,0,0,0,0,0,0,"-","-","UNINCORPORATED","SUTTER","CA",-121.59392,38.74945
"5542086",-121.639092812,39.1272848215,2012,"5102","0","4","1","18",1,0,"A","Y",,,,,2100,5,"G","B","D","FRANKLIN RD","LITTLEJOHN RD",37,"E","N","2014-04-15",5102,"2012-05-17",2050,"4028","5102","5","4","0","0",,"0","002","-","N",,0,0,,,0,,,,"Y",2,"C","-",0,,"F","A","H","-","C","D","0","Y","-","-",0,0,0,1,0,0,0,0,0,"-","-","YUBA CITY","SUTTER","CA",0,0
"5541868",-121.65549317,39.1418950747,2012,"5102","0","2","4","12",0,1,"A",,,,,,2100,3,"D","C","A","HARTER PKWY","NORTH COLUSA FRONTAGE RD",0,,"Y","2013-08-13",5102,"2012-03-20",1956,"4071","5102","5","4","0","0",,"0","001","-","N",,0,0,,,0,,,,"Y",2,"A","-",21453,"A","N","A","H","-","C","A","0","Y","A","01",0,0,1,0,0,0,0,0,0,"-","-","YUBA CITY","SUTTER","CA",0,0
"5540999",-121.634602825,39.121802527,2012,"5100","3","5","4","08",0,1,"A",,,,,,2100,3,"D","C","A","RT 99","HUNN RD",0,,"Y","2013-09-30",9285,"2012-03-02",1939,"15849",,"2","9","0","1",,"1","051","-","Y","SUT",3,99,"-","-",29.28,"I","5","S","Y",2,"A","-",22107,,"N","A","H","-","C","D","0","Y","A","01",0,0,1,0,0,0,0,0,0,"-","-","UNINCORPORATED","SUTTER","CA",-121.6347,39.12205
"5540991",-121.606795008,38.959018391,2012,"5100","3","4","4","03",0,1,"A",,,,,,2100,3,"C","C","A","RT 99","CENTRAL AV",1109,"S","N","2013-10-11",9285,"2012-03-01",1840,"17889",,"2","9","0","1",,"1","011","-","Y","SUT",3,99,"-","-",16.65,"H","-","S","Y",2,"A","-",22350,,"N","A","H","-","D","D","0","Y","A","01",0,0,1,0,0,0,0,0,0,"-","-","UNINCORPORATED","SUTTER","CA",-121.60694,38.95966
"5539555",-121.63318342,39.054350665,2012,"5100","3","4","1","05",1,1,"A",,,,,,900,2,"A","C","A","RT 99","MESSICK RD",1146,"N","N","2012-04-12",9285,"2012-02-16",605,"15048",,"1","9","0","1",,"1","051","-","Y","SUT",3,99,"-","-",24.59,"H","-","N","Y",2,"A","-",21651,"A","N","A","H","-","D","D","0","Y","A","01",1,0,0,0,0,0,0,0,0,"-","-","UNINCORPORATED","SUTTER","CA",-121.63338,39.05423
"5539083",0,0,2012,"5102","0","6","4","00",0,1,"A",,,,,"Y",1500,3,"D","D","A","WALTON AV","SAMS CLUB WY",100,"N","N","2013-07-30",5102,"2012-03-10",1228,"4065","5102","5","4","0","0",,"0","002","-","N",,0,0,,,0,,,,"Y",2,"D","-",0,,"F","A","H","-","A","D","0","Y","-","-",0,0,1,0,0,0,0,0,0,"-","-","YUBA CITY","SUTTER","CA",0,0
"5539079",-121.643904256,39.1480360735,2012,"5102","0","5","4","03",0,1,"A",,,,,,1800,3,"C","C","A","BUTTE HOUSE RD","STABLER LN",30,"E","N","2013-07-30",5102,"2012-03-02",1559,"4062","5102","5","4","0","0",,"0","002","-","N",,0,0,,,0,,,,"N",2,"A","-",22350,,"N","A","H","-","A","D","0","Y","A","01",0,0,1,0,0,0,0,0,0,"-","-","YUBA CITY","SUTTER","CA",0,0
"5535109",-121.897987278,39.1871812479,2012,"5100","5","5","4","08",0,1,"C",,,,,,1200,3,"E","I","A","PASS RD","WEST BUTTE RD",2640,"W","N","2013-07-24",9285,"2012-03-16",1035,"015048",,"1","9","0","3",,"2","007","-","N",,0,0,,,0,,,,"Y",1,"A","-",22107,,"N","B","H","-","A","D","0","Y","A","01",0,0,1,0,0,0,0,0,0,"-","-","UNINCORPORATED","SUTTER","CA",-121.89868,39.18706
"5535101",-121.50489177,38.7510312758,2012,"5100","5","6","3","08",0,1,"B",,,,,,2100,3,"F","A","A","RIEGO RD","PACIFIC AV",5808,"E","N","2013-07-24",9285,"2012-03-17",1905,"017889",,"2","9","0","3",,"2","001","C","N",,0,0,,,0,,,,"Y",1,"A","-",22107,,"N","B","H","-","B","D","0","Y","A","07",0,1,0,0,0,0,0,0,0,"-","-","UNINCORPORATED","SUTTER","CA",-121.50373,38.75109
"5535081",-121.662353271,39.1707050528,2012,"5100","5","6","3","09",0,1,"A",,,"Y",,,1200,3,"D","C","A","TIERRA BUENA RD","PEASE RD",0,,"Y","2013-07-24",9285,"2012-03-03",918,"15873",,"1","9","0","3",,"2","007","-","N",,0,0,,,0,,,,"Y",2,"A","-",21802,"A","N","A","H","-","A","A","0","Y","A","01",0,1,0,0,0,0,0,0,1,"-","-","UNINCORPORATED","SUTTER","CA",-121.66237,39.17091
"5532345",-121.629380178,39.1272451172,2012,"5102","0","2","4","03",0,2,"A",,,,,,1800,2,"C","C","A","FRANKLIN AV","GRAY AV",120,"E","N","2013-07-15",5102,"2012-02-21",1526,"4034","5102","5","4","0","0",,"0","004","-","N",,0,0,,,0,,,,"Y",2,"A","-",22350,,"N","A","H","-","A","A","0","Y","A","01",0,0,2,0,0,0,0,0,0,"-","-","YUBA CITY","SUTTER","CA",0,0
"5532341",-121.637850685,39.1323436284,2012,"5102","0","5","4","09",0,1,"A",,,,,,1500,2,"D","C","A","BRIDGE ST","OJI WY",300,"W","N","2013-07-15",5102,"2012-02-24",1320,"4081","5102","5","4","0","0",,"0","002","-","N",,0,0,,,0,,,,"N",2,"A","-",21804,"A","N","A","H","-","A","D","0","Y","A","01",0,0,1,0,0,0,0,0,0,"-","-","YUBA CITY","SUTTER","CA",0,0
"5532337",-121.629629505,39.1518429923,2012,"5102","0","1","4","03",0,1,"A",,,,,,1800,2,"C","C","A","QUEENS AV","GRAY AV",140,"E","N","2013-07-15",5102,"2012-02-27",1537,"4028","5102","5","4","0","0",,"0","003","-","N",,0,0,,,0,,,,"N",2,"A","-",22350,,"N","A","H","-","A","A","0","Y","A","01",0,0,1,0,0,0,0,0,0,"-","-","YUBA CITY","SUTTER","CA",0,0
"5530551",-121.635564275,39.1323830569,2012,"5102","0","4","3","01",0,3,"B",,,,,,1500,3,"C","C","A","BRIDGE ST","W ONSTOTT FRONTAGE RD",40,"W","N","2013-09-24",5102,"2012-03-15",1348,"4028","5102","5","4","0","0",,"0","004","-","N",,0,0,,,0,,,,"Y",3,"A","-",23152,"A","N","B","H","-","A","A","0","Y","A","01",0,3,0,0,0,0,0,0,0,"-","-","YUBA CITY","SUTTER","CA",0,0
"5530539",-121.625153181,39.1321750951,2012,"5102","0","6","4","00",0,3,"A",,,,,,1800,3,"D","C","A","BRIDGE ST","CLARK AV",0,,"Y","2013-08-10",5102,"2012-03-03",1705,"4029","5102","5","4","0","0",,"0","004","-","N",,0,0,,,0,,,,"Y",3,"D","-",0,,"N","A","H","-","A","A","0","Y","-","-",0,0,3,0,0,0,0,0,0,"-","-","YUBA CITY","SUTTER","CA",0,0
"5530527",-121.643989435,39.1437496853,2012,"5102","0","5","4","03",0,2,"A",,,,,,1500,3,"C","C","A","STABLER LN","STARR DR",100,"N","N","2013-08-10",5102,"2012-03-02",1451,"4065","5102","5","4","0","0",,"0","002","-","N",,0,0,,,0,,,,"Y",3,"A","-",22350,,"N","A","H","-","A","D","0","Y","D","22",0,0,2,0,0,0,0,0,0,"-","-","YUBA CITY","SUTTER","CA",0,0
"5530515",-121.6253936,39.1373163782,2012,"5102","0","5","3","08",0,1,"A",,,,,,1500,3,"C","E","A","CLARK AV","FORBES AV",200,"S","N","2013-07-27",5102,"2012-03-02",1345,"4065","5102","5","4","0","0",,"0","004","-","N",,0,0,,,0,,,,"Y",2,"A","-",22107,,"N","A","H","-","A","D","0","Y","A","01",0,1,0,0,0,0,0,0,0,"-","-","YUBA CITY","SUTTER","CA",0,0
"5530507",-121.628428841,39.1272451166,2012,"5102","0","2","4","04",0,1,"A",,,,,,1800,2,"C","C","A","FRANKLIN AV","BROWN ST",81,"W","N","2013-07-13",5102,"2012-02-21",1514,"4062","5102","5","4","0","0",,"0","004","-","N",,0,0,,,0,,,,"Y",2,"A","-",21703,,"N","A","H","-","A","D","0","Y","A","01",0,0,1,0,0,0,0,0,0,"-","-","YUBA CITY","SUTTER","CA",0,0
"5526835",-121.687283256,39.2323750955,2012,"5100","5","1","2","01",0,1,"A",,,"Y",,"Y",1800,2,"E","I","A","TOWNSHIP RD","CLARK AV",0,,"Y","2013-07-05",9285,"2012-02-27",1611,"14401",,"2","9","0","3",,"2","007","-","N",,0,0,,,0,,,,"Y",1,"A","-",23152,"A","N","A","H","-","A","A","0","Y","C","02",1,0,0,0,0,0,0,0,1,"-","-","UNINCORPORATED","SUTTER","CA",-121.68725,39.23233
"5526831",-121.633187156,39.054780314,2012,"5100","3","4","4","18",0,1,"A",,,,,,900,2,"D","J","A","RT 99","MESSICK RD",1199,"N","N","2013-09-25",9285,"2012-02-16",607,"15048",,"1","9","0","1",,"1","051","-","Y","SUT",3,99,"-","-",24.62,"H","-","N","Y",2,"C","-",0,,"N","A","H","-","D","D","0","Y","-","-",0,0,1,0,0,0,0,0,0,"-","-","UNINCORPORATED","SUTTER","CA",-121.63338,39.05423
"5526827",-121.633188404,39.054923927,2012,"5100","3","4","2","18",0,2,"A",,,,,,900,2,"D","C","A","RT 99","MESSICK RD",0,"N","N","2013-09-23",9285,"2012-02-16",606,"15849",,"1","9","0","1",,"1","051","-","Y","SUT",3,99,"-","-",24.63,"H","-","S","Y",2,"C","-",0,,"N","A","H","-","D","D","0","Y","-","-",1,0,1,0,0,0,0,0,0,"-","-","UNINCORPORATED","SUTTER","CA",-121.6336,39.05417
"5524923",-121.637850685,39.1323436284,2012,"5102","0","2","4","09",0,1,"B",,,,,,1500,2,"D","C","A","BRIDGE ST","OJI WY",300,"W","N","2013-07-06",5102,"2012-02-07",1310,"4081","5102","5","4","0","0",,"0","002","-","N",,0,0,,,0,,,,"N",2,"A","-",21804,"A","N","A","H","-","A","D","0","Y","A","01",0,0,1,0,0,0,0,0,0,"-","-","YUBA CITY","SUTTER","CA",0,0
"5524919",-121.634445076,39.13191507,2012,"5102","0","2","4","03",0,1,"A",,,,,,2100,2,"C","C","A","RT 99","BRIDGE ST",150,"S","N","2013-09-23",5102,"2012-02-14",2058,"4067","5102","5","4","0","0",,"0","002","-","Y","SUT",3,99,"-","-",30,"H","-","N","Y",2,"A","-",22350,,"N","A","H","-","C","A","0","Y","A","01",0,0,1,0,0,0,0,0,0,"-","-","YUBA CITY","SUTTER","CA",0,0
"5523849",-121.671232056,39.301486973,2012,"5100","3","2","4","09",0,1,"C",,,,"Y",,900,3,"D","C","A","RT 99","RIVIERA RD",0,,"Y","2013-09-25",9285,"2012-03-13",817,"14401",,"1","9","0","1",,"1","071","-","Y","SUT",3,99,"-","-",42.135,"I","5","N","Y",2,"A","-",21802,"A","N","B","H","-","A","A","1","Y","A","01",0,0,1,0,0,0,0,0,0,"-","-","UNINCORPORATED","SUTTER","CA",-121.6711,39.30157
"5521264",-121.638643483,39.1323275132,2012,"5102","0","2","4","09",0,1,"A",,,,,"Y",2100,3,"D","C","A","BRIDGE ST","JOY WY",173,"E","N","2013-10-14",5102,"2012-03-06",1857,"4071","5102","5","4","0","0",,"0","002","-","N",,0,0,,,0,,,,"Y",2,"A","-",21804,"A","F","A","H","-","C","D","0","Y","A","01",0,0,1,0,0,0,0,0,0,"-","-","YUBA CITY","SUTTER","CA",0,0
"5518823",-121.65992464,39.270970838,2012,"5101","0","7","4","09",0,1,"A",,,,,,1800,1,"D","C","A","RT 99","LARKIN RD",0,,"Y","2013-09-11",5100,"2012-01-29",1746,"2091","LOCA3","5","2","0","0",,"0","02A","-","Y","SUT",3,99,"-","-",39.88,"I","5","S","Y",2,"A","-",21802,"A","N","A","H","-","C","A","0","Y","A","01",0,0,1,0,0,0,0,0,0,"-","-","LIVE OAK","SUTTER","CA",0,0
"5518105",-121.660629417,39.27348829,2012,"5101","0","1","3","03",0,1,"B",,"Y",,,,1800,2,"H","G","A","RT 99","ELM ST",0,,"Y","2013-09-25",5100,"2012-02-13",1642,"2119","LOCA3","5","2","0","0",,"0","02A","-","Y","SUT",3,99,"-","-",40.06,"I","5","S","N",2,"A","-",22350,,"N","A","H","-","A","D","0","Y","A","01",0,1,0,0,0,0,1,0,0,"-","-","LIVE OAK","SUTTER","CA",0,0
"5515757",-121.54339719,38.778659429,2012,"5100","3","7","3","03",0,1,"A",,,,,,1800,1,"C","C","A","RT 99","SANKEY RD",189,"S","N","2013-09-16",9285,"2012-01-08",1714,"16868",,"2","9","0","1",,"1","011","-","Y","SUT",3,99,"-","-",3,"H","-","N","Y",2,"A","-",22350,,"N","A","H","-","B","D","5","Y","D","22",0,1,0,0,0,0,0,0,0,"-","-","UNINCORPORATED","SUTTER","CA",-121.54327,38.77977
"5515741",-121.633166663,39.067953974,2012,"5100","3","5","2","05",0,3,"A",,,,"Y",,1800,2,"B","C","A","RT 99","OSWALD RD",400,"S","N","2013-09-17",9285,"2012-02-24",1600,"15048",,"2","9","0","1",,"1","051","-","Y","SUT",3,99,"-","-",25.54,"H","-","N","Y",3,"A","-",21460,"A","N","A","H","-","A","D","0","Y","D","22",1,1,1,0,0,0,0,0,0,"-","-","UNINCORPORATED","SUTTER","CA",-121.63297,39.06715
"5513319",-121.620153598,39.141176655,2012,"5102","0","1","4","03",0,1,"A",,,,,,1800,2,"C","C","A","RT 20","CHESTNUT ST",0,,"Y","2013-09-17",5102,"2012-02-27",1553,"4028","5102","5","4","0","0",,"0","003","-","Y","SUT",3,20,"-","-",16.39,"I","5","W","N",2,"A","-",22350,,"N","A","H","-","A","A","0","Y","D","22",0,0,1,0,0,0,0,0,0,"-","-","YUBA CITY","SUTTER","CA",0,0
"5513315",-121.620415531,39.1543360436,2012,"5102","0","1","3","22",0,1,"B",,,,,,300,2,"A","I","A","LIVE OAK BL","LOREL WY",280,"S","N","2013-07-06",5102,"2012-02-20",122,"4076","5102","5","4","0","0",,"0","003","-","N",,0,0,,,0,,,,"Y",1,"B","-",0,,"N","A","H","-","C","D","0","Y","D","22",0,1,0,0,0,0,0,0,0,"-","-","YUBA CITY","SUTTER","CA",0,0
"5513311",-121.630914576,39.141627477,2012,"5102","0","7","4","03",0,3,"A",,,,,,2100,2,"C","C","A","RT 20","GRAY AV",0,,"Y","2013-09-17",5102,"2012-02-19",1826,"4042","5102","5","4","0","0",,"0","004","-","Y","SUT",3,20,"-","-",15.8,"H","-","E","N",2,"A","-",22350,,"N","A","H","-","C","A","0","Y","E","22",0,0,3,0,0,0,0,0,0,"-","-","YUBA CITY","SUTTER","CA",0,0
"5511798",-121.651333085,39.1501489741,2012,"5102","0","4","2","08",0,4,"A",,,,,,1200,2,"A","C","A","BUTTE HOUSE RD","BLEVIN RD",15,"W","N","2013-07-19",5102,"2012-02-02",1016,"4052","5102","5","4","0","0",,"0","002","-","N",,0,0,,,0,,,,"Y",2,"A","-",22107,,"N","A","H","-","A","D","0","Y","A","07",1,1,2,0,0,0,0,0,0,"-","-","YUBA CITY","SUTTER","CA",0,0
"5511794",-121.643933153,39.1314250093,2012,"5102","0","7","3","08",0,1,"A",,,,,,1500,2,"D","C","A","WALTON AV","WILDFLOWER CIR",0,,"Y","2013-07-19",5102,"2012-02-05",1326,"4034","5102","5","4","0","0",,"0","002","-","N",,0,0,,,0,,,,"Y",2,"A","-",22107,,"N","A","H","-","A","A","0","Y","A","01",0,1,0,0,0,0,0,0,0,"-","-","YUBA CITY","SUTTER","CA",0,0
"5510055",-121.623693523,39.1250329444,2012,"5102","0","7","3","17",0,1,"C",,,,,,2100,2,"E","I","A","MORTON ST","CLARK AV",321,"E","N","2013-08-13",5102,"2012-02-12",1857,"4066","5102","5","4","0","0",,"0","005","-","N",,0,0,,,0,,,,"Y",2,"A","-",21701,,"N","B","H","-","C","D","0","Y","-","-",0,1,0,0,0,0,0,0,0,"-","-","YUBA CITY","SUTTER","CA",0,0
"5509694",-121.624168336,39.141499357,2012,"5102","0","5","3","09",0,1,"B",,,,,,1500,2,"A","C","A","RT 20","COOPER AV",0,,"Y","2013-09-17",5102,"2012-02-10",1416,"4065","5102","5","4","0","0",,"0","004","-","Y","SUT",3,20,"-","-",16.165,"I","5","E","Y",2,"A","-",21801,"A","N","A","H","-","A","D","0","Y","D","22",0,1,0,0,0,0,0,0,0,"-","-","YUBA CITY","SUTTER","CA",0,0