"CASEID","POINT_X","POINT_Y","YEAR_","LOCATION","CHPTYPE","DAYWEEK","CRASHSEV","VIOLCAT","KILLED","INJURED","WEATHER1","PEDCOL","BICCOL","MCCOL","TRUCKCOL","ETOH","TIMECAT","MONTH_","CRASHTYP","INVOLVE","PED","PRIMARYRD","SECONDRD","DISTANCE","DIRECT","INTERSECT_","PROCDATE","JURIS","DATE_","TIME_","BADGE","JURIDIST","SHIFT","POP","SPECIAL","BEATTYPE","LAPDDIV","BEATCLAS","BEATNUMB","WEATHER2","STATEHW","CALTRANC","CALTRAND","STROUTE","ROUTESUF","POSTPRE","POSTMILE","LOCATYPE","RAMP","SIDEHW","TOWAWAY","PARTIES","PCF","VIOLCODE","VIOL","VIOLSUB","HITRUN","ROADSURF","RDCOND1","RDCOND2","LIGHTING","RIGHTWAY","CHPRDTYP","NOTPRIV","STFAULT","CHPFAULT","SEVINJ","OTHERINJ","COP","PEDKILL","PEDINJ","BICKILL","BICINJ","MCKILL","MCINJURE","RAMP1","RAMP2","CITY","COUNTY","STATE","X_CHP","Y_CHP"
"5507469",-121.621903456,39.1330322,2012,"5102","0","7","4","02",0,2,"A",,,,,,1800,2,"C","C","A","BRIDGE ST","PARK AV",54,"E","N","2013-07-09",5102,"2012-02-05",1714,"4046","5102","5","4","0","0",,"0","004","-","N",,0,0,,,0,,,,"Y",3,"A","-",22400,"A","N","A","H","-","A","A","0","Y","D","22",0,0,2,0,0,0,0,0,0,"-","-","YUBA CITY","SUTTER","CA",0,0
"5507465",-121.655529425,39.141554576,2012,"5102","0","7","3","12",0,2,"A",,,,,"Y",2100,2,"D","C","A","RT 20","HARTER PKWY",0,,"Y","2013-09-17",5102,"2012-02-05",1912,"4076","5102","5","4","0","0",,"0","001","-","Y","SUT",3,20,"-","-",14.47,"I","5","W","Y",2,"A","-",21453,"A","N","A","H","-","C","A","0","Y","A","01",0,2,0,0,0,0,0,0,0,"-","-","YUBA CITY","SUTTER","CA",0,0
"5507404",-121.64402321,39.141785159,2012,"5102","0","4","4","17",0,1,"A",,"Y",,,,900,2,"D","G","A","RT 20","STABLER LN",0,,"Y","2013-09-17",5102,"2012-02-02",637,"4065","5102","5","4","0","0",,"0","002","G","Y","SUT",3,20,"-","R",15.094,"I","5","W","N",2,"A","-",21451,"A","N","A","H","-","C","A","0","Y","D","22",0,0,1,0,0,0,1,0,0,"-","-","YUBA CITY","SUTTER","CA",0,0
"5506797",-121.655778215,39.0688938909,2012,"5100","5","3","4","08",0,1,"B",,,,,,600,2,"E","I","A","OSWALD RD","CARLSON RD",714,"W","N","2013-06-28",9285,"2012-02-08",530,"18340",,"3","9","0","3",,"2","005","-","N",,0,0,,,0,,,,"Y",1,"A","-",22107,,"N","B","H","-","D","D","0","Y","A","01",0,0,1,0,0,0,0,0,0,"-","-","UNINCORPORATED","SUTTER","CA",-121.65638,39.06893
"5506785",-121.543421699,38.879976039,2012,"5100","3","7","3","08",0,2,"E",,,,,"Y",600,2,"F","A","A","RT 70","STRIPIN RD",6336,"N","N","2013-09-23",9285,"2012-02-12",401,"17100",,"3","9","0","1",,"1","010","-","Y","SUT",3,70,"-","-",2.2,"H","-","W","Y",1,"A","-",22107,,"N","B","H","-","D","D","0","Y","A","01",0,2,0,0,0,0,0,0,0,"-","-","UNINCORPORATED","SUTTER","CA",-121.54349,38.88451
"5506722",-121.736243227,39.0694050727,2012,"5100","5","1","3","08",0,1,"A",,,,,,1200,2,"E","I","A","OSWALD RD","SCHLAG RD",0,,"Y","2013-06-28",9285,"2012-02-06",1140,"13932",,"1","9","0","3",,"2","005","-","N",,0,0,,,0,,,,"Y",1,"A","-",22107,,"N","A","H","-","A","D","0","Y","A","01",0,1,0,0,0,0,0,0,0,"-","-","UNINCORPORATED","SUTTER","CA",-121.73588,39.06936
"5502670",-121.625453132,39.087285107,2012,"5100","5","2","4","09",0,1,"A",,,,,,900,1,"D","C","A","RAILROAD AV","STEWART RD",0,,"Y","2013-06-13",9285,"2012-01-31",755,"13174",,"1","9","0","3",,"2","005","-","N",,0,0,,,0,,,,"Y",2,"A","-",21800,"A","N","A","H","-","A","A","0","Y","A","01",0,0,1,0,0,0,0,0,0,"-","-","UNINCORPORATED","SUTTER","CA",-121.62539,39.08271
"5502647",-121.634405134,39.098236932,2012,"5100","5","7","4","21",0,1,"A",,,,,,2100,2,"C","C","A","BOGUE RD","RT 99",18,"W","N","2013-09-23",9285,"2012-02-05",1835,"017163",,"2","9","0","3",,"2","005","-","Y","SUT",3,99,"-","-",27.65,"I","6","S","N",2,"A","-",22106,,"N","A","H","-","C","A","0","Y","A","01",0,0,1,0,0,0,0,0,0,"-","-","UNINCORPORATED","SUTTER","CA",-121.63467,39.09813
"5501975",-121.620609829,39.14117762,2012,"5102","0","2","4","03",0,1,"A",,,,,,1800,1,"C","C","A","RT 20","OLIVE ST",160,"E","N","2013-10-09",5102,"2012-01-31",1547,"4079","5102","5","4","0","0",,"0","004","-","Y","SUT",3,20,"-","-",16.36,"H","-","E","Y",2,"A","-",22350,,"N","A","H","-","A","D","0","Y","A","01",0,0,1,0,0,0,0,0,0,"-","-","YUBA CITY","SUTTER","CA",0,0
"5501971",-121.62601324,39.1475850837,2012,"5102","0","1","4","10",0,1,"A","Y",,,,,900,1,"G","B","F","CLARK AV","ROSEMARY AV",0,,"Y","2013-06-07",5102,"2012-01-30",740,"4079","5102","5","4","0","0",,"0","003","-","N",,0,0,,,0,,,,"N",2,"A","-",21952,,"N","A","H","-","A","A","0","Y","A","01",0,0,1,0,1,0,0,0,0,"-","-","YUBA CITY","SUTTER","CA",0,0
"5501967",-121.631642114,39.1272451148,2012,"5102","0","5","4","03",0,1,"A",,,,,,1800,1,"C","C","A","FRANKLIN AV","BARRETT AV",150,"W","N","2013-06-07",5102,"2012-01-27",1525,"4052","5102","5","4","0","0",,"0","004","-","N",,0,0,,,0,,,,"N",2,"A","-",22350,,"N","A","H","-","A","D","0","Y","A","07",0,0,1,0,0,0,0,0,0,"-","-","YUBA CITY","SUTTER","CA",0,0
"5501959",0,0,2012,"5102","0","7","4","03",0,2,"C",,,,,,1200,1,"A","C","A","SUTTER ST","COLUSA FR",105,"N","N","2013-06-07",5102,"2012-01-22",1122,"4034","5102","5","4","0","0",,"0","003","-","N",,0,0,,,0,,,,"Y",2,"A","-",22350,,"N","B","H","-","A","A","0","Y","A","01",0,0,2,0,0,0,0,0,0,"-","-","YUBA CITY","SUTTER","CA",0,0
"5501955",-121.615561377,39.1358452979,2012,"5102","0","5","2","10",0,1,"C","Y",,,,,1500,1,"G","B","D","PLUMAS ST","FREMONT WY",41,"S","N","2013-06-07",5102,"2012-01-20",1247,"4052","5102","5","4","0","0",,"0","004","-","N",,0,0,,,0,,,,"N",2,"A","-",21954,"B","N","B","H","-","A","A","0","Y","A","08",1,0,0,0,1,0,0,0,0,"-","-","YUBA CITY","SUTTER","CA",0,0
"5493959",-121.646813008,39.141715135,2012,"5102","0","6","4","09",0,3,"A",,,,,,1500,2,"D","C","A","RT 20","THARP RD",500,"E","N","2013-09-17",5102,"2012-02-18",1303,"4065","5102","5","4","0","0",,"0","002","-","Y","SUT",3,20,"-","R",14.94,"H","-","W","Y",2,"A","-",21802,"A","N","A","H","-","A","D","0","Y","A","08",0,0,3,0,0,0,0,0,0,"-","-","YUBA CITY","SUTTER","CA",0,0
"5493955",-121.63049773,39.145308079,2012,"5102","0","4","3","03",0,1,"A",,,,,,900,2,"C","C","A","BUTTE HOUSE RD","GRAY AV",75,"W","N","2013-07-13",5102,"2012-02-23",756,"4028",,"5","4","0","0",,"0","003","-","N",,0,0,,,0,,,,"Y",3,"A","-",22350,,"N","A","H","-","A","A","0","Y","A","01",0,1,0,0,0,0,0,0,0,"-","-","YUBA CITY","SUTTER","CA",0,0
"5491727",-121.615535644,38.7844964223,2012,"5100","3","4","2","01",0,1,"A",,,,,"Y",2100,2,"B","E","A","GARDEN HWY","VERNON AV",1056,"S","N","2013-09-13",9285,"2012-02-09",1825,"17889",,"2","9","0","1",,"1","011","-","N",,0,0,,,0,,,,"Y",2,"A","-",23152,"A","N","A","H","-","D","D","0","Y","D","22",1,0,0,0,0,0,0,0,0,"-","-","UNINCORPORATED","SUTTER","CA",-121.61558,38.78452
"5486828",-121.614951332,39.1345092741,2012,"5102","0","3","4","04",0,1,"A",,,,,,1500,2,"C","C","A","PLUMAS ST","A ST",10,"S","N","2013-06-27",5102,"2012-02-22",1339,"4028","5102","5","4","0","0",,"0","003","-","N",,0,0,,,0,,,,"Y",2,"A","-",21703,,"N","A","H","-","A","D","0","Y","A","07",0,0,1,0,0,0,0,0,0,"-","-","YUBA CITY","SUTTER","CA",0,0
"5485873",-121.617724031,39.1406670773,2012,"5102","0","1","4","11",0,1,"A",,"Y",,,,1800,1,"D","G","A","PLUMAS ST","RT 20",8,"N","N","2013-06-19",5102,"2012-01-16",1607,"4079",,"5","4","0","0",,"0","003","-","Y",,0,0,,,0,,,,"N",2,"A","-",21456,"A","N","A","H","-","A","A","0","Y","L","04",0,0,1,0,0,0,1,0,0,"-","-","YUBA CITY","SUTTER","CA",0,0
"5485869",0,0,2012,"5102","0","5","4","10",0,1,"A","Y",,,,,900,1,"G","B","D","ROYO RANCHERO DR","LIBBY LN",0,,"Y","2013-06-19",5102,"2012-01-13",758,"448",,"5","4","0","0",,"0","001","-","N",,0,0,,,0,,,,"N",2,"A","-",21950,"A","N","A","-","-","A","D","0","Y","-","-",0,0,1,0,1,0,0,0,0,"-","-","YUBA CITY","SUTTER","CA",0,0
"5485865",-121.613513243,39.132235055,2012,"5102","0","4","4","09",0,2,"A",,,,,,1800,1,"D","C","A","PLUMAS ST","C ST",0,,"Y","2013-06-19",5102,"2012-01-12",1537,"4052",,"5","4","0","0",,"0","004","-","N",,0,0,,,0,,,,"Y",2,"A","-",21804,"A","N","A","H","-","A","D","0","Y","A","01",0,0,2,0,0,0,0,0,0,"-","-","YUBA CITY","SUTTER","CA",0,0
"5485861",0,0,2012,"5102","0","2","4","10",0,1,"A","Y",,,,,2100,1,"G","B","B","TWIN RIVERS DR","GOLD RIVER DR",0,,"Y","2013-06-19",5102,"2012-01-10",1815,"4060",,"5","4","0","0",,"0","005","-","N",,0,0,,,0,,,,"N",2,"A","-",21950,"A","N","A","H","-","C","A","0","Y","A","01",0,0,1,0,1,0,0,0,0,"-","-","YUBA CITY","SUTTER","CA",0,0
"5485857",-121.629893172,39.1323251112,2012,"5102","0","6","3","03",0,1,"A",,,,,,1800,1,"D","C","A","GRAY AV","BRIDGE ST",0,,"Y","2013-06-19",5102,"2012-01-14",1633,"4050","5102","5","4","0","0",,"0","004","-","N",,0,0,,,0,,,,"Y",2,"A","-",22350,,"N","A","H","-","A","A","0","Y","A","01",0,1,0,0,0,0,0,0,0,"-","-","YUBA CITY","SUTTER","CA",0,0
"5485853",-121.674873669,39.1411315129,2012,"5102","0","7","4","11",0,1,"A","Y",,,,,2100,1,"G","B","E","COLUSA FR RD","GEORGE WASHINGTON BL",950,"W","N","2013-06-19",5102,"2012-01-08",1914,"4046","5102","5","4","0","0",,"0","001","-","N",,0,0,,,0,,,,"N",2,"A","-",21954,"A","N","A","H","-","D","A","0","Y","N","60",0,0,1,0,1,0,0,0,0,"-","-","YUBA CITY","SUTTER","CA",0,0
"5485849",-121.618071206,39.14067047,2012,"5102","0","3","3","03",0,2,"A",,,,,,1500,1,"C","C","A","RT 20","PLUMAS ST",30,"W","N","2013-09-11",5102,"2012-01-04",1342,"4028","5102","5","4","0","0",,"0","003","-","Y","SUT",3,20,"-","-",16.51,"H","-","W","Y",2,"A","-",22350,,"N","A","H","-","A","A","0","Y","A","01",0,1,1,0,0,0,0,0,0,"-","-","YUBA CITY","SUTTER","CA",0,0
"5485334",-121.634715432,39.087020506,2012,"5100","5","6","4","21",0,1,"A",,,,,,2100,2,"C","C","A","STEWART RD","RT 99",13,"E","N","2013-09-17",9285,"2012-02-04",1855,"17163",,"2","9","0","3",,"2","005","-","Y","SUT",3,99,"-","-",26.88,"I","6","N","N",2,"A","-",22106,,"N","A","H","-","C","A","0","Y","A","01",0,0,1,0,0,0,0,0,0,"-","-","UNINCORPORATED","SUTTER","CA",-121.63449,39.08718
"5485326",-121.617358576,39.0234157754,2012,"5100","5","7","3","08",0,3,"A",,,,,,1800,1,"D","C","A","GARDEN HWY","OBANION RD",892,"S","N","2013-06-08",9285,"2012-01-29",1613,"13174",,"2","9","0","3",,"2","005","-","N",,0,0,,,0,,,,"Y",2,"A","-",22107,,"N","A","H","-","A","D","0","Y","A","01",0,1,2,0,0,0,0,0,0,"-","-","UNINCORPORATED","SUTTER","CA",-121.61724,39.02341
"5484181",-121.62559313,39.1410350953,2012,"5102","0","3","3","09",0,2,"A",,,,,,2100,1,"D","C","A","CLARK AV","ELLIS WY",0,,"Y","2013-06-15",5102,"2012-01-04",2022,"4072","5102","5","4","0","0",,"0","004","-","N",,0,0,,,0,,,,"Y",2,"A","-",21802,"B","N","A","H","-","C","D","0","Y","A","01",0,1,1,0,0,0,0,0,0,"-","-","YUBA CITY","SUTTER","CA",0,0
"5480065",-121.634521467,39.14083106,2012,"5102","0","2","4","03",0,2,"B",,,,,,900,1,"C","C","A","RT 99","RT 20",38,"S","N","2013-09-11",5102,"2012-01-24",821,"4028","5102","5","4","0","0",,"0","002","-","Y","SUT",3,99,"-","-",30.62,"H","-","N","Y",2,"A","-",22350,,"N","A","H","-","A","A","0","Y","D","22",0,0,2,0,0,0,0,0,0,"-","-","YUBA CITY","SUTTER","CA",0,0
"5480061",-121.643792249,39.1272562413,2012,"5102","0","3","4","04",0,1,"A",,,,,,1200,1,"C","C","A","FRANKLIN AV","WALTON AV",40,"E","N","2013-06-27",5102,"2012-01-25",948,"4052","5102","5","4","0","0",,"0","002","-","N",,0,0,,,0,,,,"N",2,"A","-",21703,,"N","A","H","-","A","A","0","Y","D","22",0,0,1,0,0,0,0,0,0,"-","-","YUBA CITY","SUTTER","CA",0,0
"5468593",-121.623756804,39.1323788004,2012,"5102","0","2","4","01",0,4,"A",,,,,"Y",1800,1,"C","C","A","BRIDGE ST","COOPER AV",132,"W","N","2013-06-19",5102,"2012-01-17",1612,"4028","5102","5","4","0","0",,"0","004","-","N",,0,0,,,0,,,,"Y",3,"A","-",23152,"A","N","A","H","-","A","A","0","Y","A","07",0,0,4,0,0,0,0,0,0,"-","-","YUBA CITY","SUTTER","CA",0,0
"5468589",-121.63542316,39.1323850838,2012,"5102","0","3","3","09",0,1,"A",,"Y",,,,900,1,"B","C","A","BRIDGE ST","WEST ONSTOTT RD",0,,"Y","2013-06-19",5102,"2012-01-18",807,"4079","5102","5","4","0","0",,"0","002","-","N",,0,0,,,0,,,,"Y",3,"A","-",21802,"A","N","A","H","-","A","A","0","Y","D","22",0,1,0,0,0,0,1,0,0,"-","-","YUBA CITY","SUTTER","CA",0,0
"5468585",-121.622783291,39.141439669,2012,"5102","0","5","3","11",0,1,"A","Y",,,,,1800,1,"G","B","D","RT 20","ORANGE ST",30,"E","N","2013-09-11",5102,"2012-01-13",1515,"4081","5102","5","4","0","0",,"0","004","-","Y","SUT",3,20,"-","-",16.24,"H","-","E","N",2,"A","-",21954,"A","N","A","H","-","A","D","0","Y","N","60",0,1,0,0,1,0,0,0,0,"-","-","YUBA CITY","SUTTER","CA",0,0
"5465243",-121.634599302,39.117957542,2012,"5100","3","4","4","03",0,1,"A",,,,,,1200,1,"C","C","A","RT 99","RICHLAND RD",25,"S","N","2013-09-11",9285,"2012-01-12",900,"014744",,"1","9","0","1",,"1","051","-","Y","SUT",3,99,"-","-",29.03,"H","-","N","Y",2,"A","-",22350,,"N","A","H","-","A","D","0","Y","D","22",0,0,1,0,0,0,0,0,0,"-","-","UNINCORPORATED","SUTTER","CA",-121.63449,39.1189
"5465080",-121.487922937,38.8821256858,2012,"5100","5","2","4","18",0,1,"A",,,,"Y",,1500,1,"H","C","A","PLEASANT GROVE RD","MARCUM RD",5280,"S","N","2013-06-08",9285,"2012-01-10",1301,"13174",,"1","9","0","3",,"2","001","-","N",,0,0,,,0,,,,"N",2,"C","-",0,,"N","A","H","-","A","D","0","Y","-","-",0,0,1,0,0,0,0,0,0,"-","-","UNINCORPORATED","SUTTER","CA",-121.48787,38.88146
"5461731",0,0,2012,"5102","0","2","3","01",0,1,"E",,,"Y",,"Y",300,1,"F","I","A","5TH ST BRIDGE","SUTTER ST",70,"E","N","2013-06-12",5102,"2012-01-24",19,"4066","5102","5","4","0","0",,"0","004","-","N",,0,0,,,0,,,,"Y",1,"A","-",23152,"A","N","A","H","-","C","D","0","Y","O","05",0,1,0,0,0,0,0,0,1,"-","-","YUBA CITY","SUTTER","CA",0,0
"5461727",-121.644462067,39.127249489,2012,"5102","0","3","4","03",0,3,"A",,,,,,900,1,"C","C","A","FRANKLIN AV","WALTON AV",150,"W","N","2013-06-12",5102,"2012-01-18",800,"4028","5102","5","4","0","0",,"0","004","-","N",,0,0,,,0,,,,"N",3,"A","-",22350,,"N","A","H","-","A","D","0","Y","A","01",0,0,3,0,0,0,0,0,0,"-","-","YUBA CITY","SUTTER","CA",0,0
"5461723",0,0,2012,"5102","0","5","4","03",0,1,"C",,,,,,900,1,"E","I","A","5TH ST BRIDGE","BRIDGE ST",300,"E","N","2013-06-12",5102,"2012-01-20",624,"445","5102","5","4","0","0",,"0","004","-","N",,0,0,,,0,,,,"Y",1,"A","-",22350,,"N","B","H","-","C","D","0","Y","A","07",0,0,1,0,0,0,0,0,0,"-","-","YUBA CITY","SUTTER","CA",0,0
"5461719",-121.628325238,39.141640949,2012,"5102","0","7","4","09",0,3,"C",,,,,,1500,1,"D","C","A","RT 20","STAFFORD WY",10,"W","N","2013-09-11",5102,"2012-01-22",1325,"4063","5102","5","4","0","0",,"0","004","-","Y","SUT",3,20,"-","-",15.94,"I","5","E","Y",2,"A","-",21802,"A","N","B","H","-","A","A","0","Y","A","01",0,0,3,0,0,0,0,0,0,"-","-","YUBA CITY","SUTTER","CA",0,0
"5461707",-121.634522829,39.135399399,2012,"5102","0","1","4","03",0,5,"A",,,,,,1800,1,"C","C","A","RT 99","SUNSWEET BL",100,"S","N","2013-09-11",5102,"2012-01-23",1658,"441","5102","5","4","0","0",,"0","002","-","Y","SUT",3,99,"-","-",30.19,"H","-","S","Y",5,"A","-",22350,,"N","B","H","-","A","A","0","Y","A","01",0,0,5,0,0,0,0,0,0,"-","-","YUBA CITY","SUTTER","CA",0,0
"5458592",-121.634522615,39.125584128,2012,"5102","0","5","4","03",0,1,"A",,,,,,1800,1,"C","D","A","RT 99","FRANKLIN RD",600,"S","N","2013-09-11",5102,"2012-01-27",1501,"04081","5102","5","4","0","0",,"0","002","-","Y","SUT",3,99,"-","-",29.56,"H","-","N","N",2,"A","-",22350,,"N","A","H","-","A","A","0","Y","D","22",0,0,1,0,0,0,0,0,0,"-","-","YUBA CITY","SUTTER","CA",0,0
"90229411",0,0,2016,"5100","3","7","4","03",0,3,"A",,,,,,2400,7,"C","C","A","SR-99 N/B","HOWSLEY RD",3168,"S","N","2016-07-25",9285,"2016-07-17",2225,"018475",,"3","9","0","1",,"1","011","-","Y",,0,0,,,0,,,,"Y",2,"A","-",22350,,"N","A","H","-","D","D","0","Y","A","07",0,0,3,0,0,0,0,0,0,"-","-","UNINCORPORATED","SUTTER","CA",-121.54344,38.81401
"90229316",0,0,2016,"5100","3","1","4","03",0,1,"A",,,,,,1800,7,"C","C","A","SR-99 S/B (FEATHER RIVER BRIDGE)","GARDEN HWY",1850,"N","N","2016-07-25",9285,"2016-07-11",1625,"015976",,"2","9","0","1",,"1","011","-","Y",,0,0,,,0,,,,"Y",2,"A","-",22350,,"N","A","H","-","A","D","0","Y","A","08",0,0,1,0,0,0,0,0,0,"-","-","UNINCORPORATED","SUTTER","CA",-121.58408,38.89892
"90229244",-121.6059132,38.9164451,2016,"5100","3","5","4","09",0,1,"A",,,,,,900,7,"D","C","A","SR-99","SACRAMENTO AVE",0,,"Y","2016-07-25",9285,"2016-07-08",720,"015976",,"1","9","0","1",,"1","011","-","Y",,0,0,,,0,,,,"Y",2,"A","-",21802,"A","N","A","H","-","A","A","0","Y","E","22",0,0,1,0,0,0,0,0,0,"-","-","UNINCORPORATED","SUTTER","CA",-121.60586,38.91646
"90225068",-121.6870256,39.2323795,2016,"5100","5","3","3","03",0,1,"A",,,,,,1800,7,"E","I","A","CLARK ROAD","TOWNSHIP ROAD",73,"E","N","2016-07-18",9285,"2016-07-13",1700,"014793",,"2","9","0","3",,"1","007","-","N",,0,0,,,0,,,,"Y",1,"A","-",22350,,"N","A","H","-","A","A","0","Y","A","01",0,1,0,0,0,0,0,0,0,"-","-","UNINCORPORATED","SUTTER","CA",-121.68682,39.23232
"90224950",0,0,2016,"5100","3","4","2","07",0,1,"A",,,,,,1200,7,"C","C","A","SR-99 N/B","SANKEY RD",27,"S","N","2016-07-18",9285,"2016-07-07",1155,"015976",,"1","9","0","1",,"1","011","-","Y",,0,0,,,0,,,,"Y",2,"A","-",21658,"A","N","A","H","-","A","D","0","Y","D","22",1,0,0,0,0,0,0,0,0,"-","-","UNINCORPORATED","SUTTER","CA",-121.54353,38.78195
"90222832",-121.7184702,39.2172127,2016,"5100","5","3","3","08",0,1,"A",,,,,,900,7,"E","I","A","EAST BUTTE ROAD","SANDERS ROAD",5808,"N","N","2016-07-14",9285,"2016-07-13",640,"014793",,"1","9","0","3",,"1","007","-","N",,0,0,,,0,,,,"Y",1,"A","-",22107,,"N","A","H","-","A","D","0","Y","A","01",0,1,0,0,0,0,0,0,0,"-","-","UNINCORPORATED","SUTTER","CA",-121.7184,39.21743
"90222828",0,0,2016,"5100","5","2","4","08",0,2,"A",,,,,,1800,7,"D","C","A","ALGODON RD","PLUMAS ARBOGA RD",45,"E","N","2016-07-14",9285,"2016-07-12",1520,"013174",,"2","9","0","3",,"1","002","-","N",,0,0,,,0,,,,"Y",2,"A","-",22107,,"N","A","H","-","A","D","0","Y","A","01",0,0,2,0,0,0,0,0,0,"-","-","UNINCORPORATED","SUTTER","CA",-121.5438,39.02625
"90222805",-121.6506015,39.2456193,2016,"5100","3","5","2","08",0,1,"A",,,,,,1500,7,"E","I","A","SR-99","MCDONALD AVE",400,"S","N","2016-07-14",9285,"2016-07-08",1340,"014793",,"1","9","0","1",,"1","071","-","Y",,0,0,,,0,,,,"Y",1,"A","-",22107,,"N","A","H","-","A","D","0","Y","A","07",1,0,0,0,0,0,0,0,0,"-","-","UNINCORPORATED","SUTTER","CA",-121.65035,39.245
"90220913",-121.4878384,38.9003454,2016,"5100","5","4","3","08",0,1,"A",,,,,,600,7,"E","I","A","PLEASANT GROVE RD","NICOLAUS AVE",2640,"S","N","2016-07-12",9285,"2016-07-07",335,"018522",,"3","9","0","3",,"1","001","-","N",,0,0,,,0,,,,"Y",1,"A","-",22107,,"N","A","H","-","E","D","0","Y","A","01",0,1,0,0,0,0,0,0,0,"-","-","UNINCORPORATED","SUTTER","CA",-121.48781,38.89967
"90220071",0,0,2016,"5100","3","3","2","01",0,1,"A",,,,,"Y",2100,6,"H","C","A","SR-99 (S/B)","WALNUT AVE",8,"N","N","2016-07-11",9285,"2016-06-29",1903,"018291",,"2","9","0","1",,"1","051","-","Y",,0,0,,,0,,,,"Y",2,"A","-",23152,"A","F","A","H","-","A","D","0","Y","A","01",1,0,0,0,0,0,0,0,0,"-","-","UNINCORPORATED","SUTTER","CA",-121.63497,39.07987
"90219635",0,0,2016,"5100","3","5","2","09",0,1,"A",,,,"Y",,600,6,"B","C","A","SR-99 N/B","OSWALD ROAD",700,"S","N","2016-07-11",9285,"2016-06-17",533,"018522",,"3","9","0","1",,"1","051","-","Y",,0,0,,,0,,,,"Y",2,"A","-",21804,"B","N","A","H","-","A","D","0","Y","D","22",1,0,0,0,0,0,0,0,0,"-","-","UNINCORPORATED","SUTTER","CA",-121.63366,39.06819
"90217236",-121.6346447,39.1162632,2016,"5100","3","5","3","03",0,1,"A",,,,,,1500,7,"C","C","A","SR-99","RICHLAND ROAD",700,"S","N","2016-07-06",9285,"2016-07-01",1430,"014793",,"2","9","0","1",,"1","051","-","Y",,0,0,,,0,,,,"Y",2,"A","-",22350,,"N","A","H","-","A","A","0","Y","D","22",0,1,0,0,0,0,0,0,0,"-","-","UNINCORPORATED","SUTTER","CA",-121.63468,39.11678
"90217149",-121.5705631,38.8856551,2016,"5100","3","5","3","09",0,1,"A",,,,,,1500,7,"D","C","A","SR-99","POWERLINE ROAD",0,,"Y","2016-07-06",9285,"2016-07-01",1220,"014793",,"1","9","0","1",,"1","011","-","Y",,0,0,,,0,,,,"Y",2,"A","-",21802,"A","N","A","H","-","A","A","0","Y","D","22",0,1,0,0,0,0,0,0,0,"-","-","UNINCORPORATED","SUTTER","CA",-121.5704,38.88524
"90216213",-121.5705631,38.8856551,2016,"5100","3","4","3","09",0,5,"A",,,,,,1800,6,"D","C","A","SR-99","POWERLINE ROAD",0,,"Y","2016-07-05",9285,"2016-06-30",1520,"014793",,"2","9","0","1",,"1","011","-","Y",,0,0,,,0,,,,"Y",2,"A","-",21804,"A","N","A","H","-","A","A","0","Y","D","22",0,3,2,0,0,0,0,0,0,"-","-","UNINCORPORATED","SUTTER","CA",-121.5704,38.88524
"90216022",-121.6720732,38.9940539,2016,"5100","3","4","4","03",0,3,"A",,,,,,1800,6,"C","C","A","SR-113","THOMPSON RD",685,"S","N","2016-07-05",9285,"2016-06-23",1515,"016343",,"2","9","0","1",,"2","031","-","Y",,0,0,,,0,,,,"Y",2,"A","-",22350,,"N","A","H","-","A","D","0","Y","A","01",0,0,3,0,0,0,0,0,0,"-","-","UNINCORPORATED","SUTTER","CA",-121.67201,38.99395
"90210490",0,0,2016,"5100","5","7","2","01",0,2,"A",,,,,"Y",600,6,"F","A","A","FRANKLIN RD. (W/B)","ACACIA AVENUE ",452,"E","N","2016-06-27",9285,"2016-06-26",445,"018291",,"3","9","0","3",,"1","005","-","N",,0,0,,,0,,,,"Y",1,"A","-",23152,"A","N","A","H","-","D","D","0","Y","A","07",1,1,0,0,0,0,0,0,0,"-","-","UNINCORPORATED","SUTTER","CA",-121.75422,39.1277
"90210458",-121.6344091,39.0980992,2016,"5100","3","5","4","03",0,1,"A",,,,,,900,6,"C","C","A","SR-99","BOGUE ROAD",75,"S","N","2016-06-27",9285,"2016-06-24",850,"014793",,"1","9","0","1",,"1","051","-","Y",,0,0,,,0,,,,"N",2,"A","-",22350,,"N","A","H","-","A","A","0","Y","A","01",0,0,1,0,0,0,0,0,0,"-","-","UNINCORPORATED","SUTTER","CA",-121.63424,39.09818
"90210342",0,0,2016,"5100","5","7","4","08",0,1,"A",,,,,,900,6,"B","I","A","PLEASANT GROVE RD","SYCAMORE LN",1056,"S","N","2016-06-27",9285,"2016-06-19",600,"016343",,"1","9","0","3",,"1","001","-","N",,0,0,,,0,,,,"Y",1,"A","-",22107,,"N","A","H","-","A","D","0","Y","A","01",0,0,1,0,0,0,0,0,0,"-","-","UNINCORPORATED","SUTTER","CA",-121.48824,38.8362