"CASEID","POINT_X","POINT_Y","YEAR_","LOCATION","CHPTYPE","DAYWEEK","CRASHSEV","VIOLCAT","KILLED","INJURED","WEATHER1","PEDCOL","BICCOL","MCCOL","TRUCKCOL","ETOH","TIMECAT","MONTH_","CRASHTYP","INVOLVE","PED","PRIMARYRD","SECONDRD","DISTANCE","DIRECT","INTERSECT_","PROCDATE","JURIS","DATE_","TIME_","BADGE","JURIDIST","SHIFT","POP","SPECIAL","BEATTYPE","LAPDDIV","BEATCLAS","BEATNUMB","WEATHER2","STATEHW","CALTRANC","CALTRAND","STROUTE","ROUTESUF","POSTPRE","POSTMILE","LOCATYPE","RAMP","SIDEHW","TOWAWAY","PARTIES","PCF","VIOLCODE","VIOL","VIOLSUB","HITRUN","ROADSURF","RDCOND1","RDCOND2","LIGHTING","RIGHTWAY","CHPRDTYP","NOTPRIV","STFAULT","CHPFAULT","SEVINJ","OTHERINJ","COP","PEDKILL","PEDINJ","BICKILL","BICINJ","MCKILL","MCINJURE","RAMP1","RAMP2","CITY","COUNTY","STATE","X_CHP","Y_CHP"
"90210102",-121.5705433,38.8857777,2016,"5100","5","5","2","03",0,2,"B",,,,,,1800,6,"E","I","A","POWERLINE RD","SR-99",45,"E","N","2016-06-27",9285,"2016-06-17",1700,"016343",,"2","9","0","3",,"1","001","-","N",,0,0,,,0,,,,"Y",1,"A","-",22350,,"N","A","H","-","A","D","0","Y","D","22",1,0,1,0,0,0,0,0,0,"-","-","UNINCORPORATED","SUTTER","CA",-121.57008,38.88545
"90205849",-121.6718016,39.129983,2016,"5100","4","1","4","09",0,2,"A",,,,,,2100,6,"A","C","A","GEORGE WASHINGTON BLVD","FRANKLIN AVE",1056,"N","N","2016-06-21",9285,"2016-06-06",2055,"018107",,"2","9","0","2",,"1","052","-","N",,0,0,,,0,,,,"Y",2,"A","-",21804,"A","N","A","H","-","A","D","0","Y","A","01",0,0,2,0,0,0,0,0,0,"-","-","UNINCORPORATED","SUTTER","CA",-121.67176,39.13033
"90205272",-121.4882632,38.8241579,2016,"5100","5","4","4","08",0,3,"A",,,,,,1800,6,"D","C","A","PLEASANT GROVE RD","HOWSLEY RD",52,"N","N","2016-06-20",9285,"2016-06-09",1715,"015976",,"2","9","0","3",,"1","001","-","N",,0,0,,,0,,,,"Y",2,"A","-",22107,,"N","A","H","-","A","D","0","Y","A","01",0,0,3,0,0,0,0,0,0,"-","-","UNINCORPORATED","SUTTER","CA",-121.48822,38.82435
"90205250",0,0,2016,"5100","3","4","3","08",0,1,"A",,,,,,900,6,"E","I","A","SR-99 S/B","SR-113",600,"S","N","2016-06-20",9285,"2016-06-09",710,"015976",,"1","9","0","1",,"1","011","-","Y",,0,0,,,0,,,,"Y",1,"A","-",22107,,"N","A","H","-","A","D","0","Y","A","07",0,1,0,0,0,0,0,0,0,"-","-","UNINCORPORATED","SUTTER","CA",0,0
"90202151",-121.7463433,39.1686351,2016,"5100","4","3","2","09",0,1,"A",,,"Y",,,1800,6,"A","C","A","BUTTE HOUSE ROAD","PEPPER STREET",0,,"Y","2016-06-15",9285,"2016-06-01",1620,"017900",,"2","9","0","2",,"1","073","-","N",,0,0,,,0,,,,"Y",2,"A","-",21801,"A","N","A","H","-","A","A","0","Y","A","01",1,0,0,0,0,0,0,0,1,"-","-","UNINCORPORATED","SUTTER","CA",-121.74633,39.16861
"90199742",0,0,2016,"5100","5","7","4","08",0,1,"A",,,,,,300,6,"E","I","A","PASS RD (W/B)","KELLOGG RD",3168,"W","N","2016-06-13",9285,"2016-06-12",255,"018291",,"3","9","0","3",,"1","007","-","N",,0,0,,,0,,,,"Y",1,"A","-",22107,,"N","A","H","-","D","D","0","Y","A","01",0,0,1,0,0,0,0,0,0,"-","-","UNINCORPORATED","SUTTER","CA",-121.79435,39.18645
"90196760",-121.6700428,39.2179484,2016,"5100","5","1","3","08",0,1,"A",,,,,,1500,6,"E","I","A","ENCINAL RD","MADDEN AVE",802,"W","N","2016-06-08",9285,"2016-06-06",1209,"013174",,"1","9","0","3",,"1","007","-","N",,0,0,,,0,,,,"Y",1,"A","-",22107,,"N","A","H","-","A","D","0","Y","A","01",0,1,0,0,0,0,0,0,0,"-","-","UNINCORPORATED","SUTTER","CA",-121.66991,39.21814
"90196747",0,0,2016,"5100","5","3","4","08",0,1,"A",,,,,,900,6,"E","I","A","FEATHER RIVER BLVD","CURTIS ST",2752,"N","N","2016-06-08",9285,"2016-06-01",853,"013174",,"1","9","0","3",,"1","002","-","N",,0,0,,,0,,,,"Y",1,"A","-",22107,,"N","A","H","-","A","D","0","Y","A","01",0,0,1,0,0,0,0,0,0,"-","-","UNINCORPORATED","SUTTER","CA",-121.57883,39.08954
"90196544",-121.480317,38.9799397,2016,"5100","5","5","2","08",0,1,"A",,,,,,1200,5,"F","J","A","BEAR RIVER DR","PLEASANT GROVE RD",2112,"E","N","2016-06-08",9285,"2016-05-27",1123,"015976",,"1","9","0","3",,"1","001","-","N",,0,0,,,0,,,,"Y",2,"A","-",22107,,"F","A","H","-","A","D","0","Y","-","99",1,0,0,0,0,0,0,0,0,"-","-","UNINCORPORATED","SUTTER","CA",-121.47836,38.98016
"6718505",-121.5055816,38.7510187,2013,"5100","5","7","1","01",2,2,"A",,,,,,1200,8,"A","C","A","RIEGO RD","RT 99",10032,"E","N","2014-12-16",9285,"2013-08-18",1000,"14825",,"1","9","0","3",,"2","001","-","N",,0,0,,,0,,,,"Y",2,"A","-",23152,"A","N","A","H","-","A","D","0","Y","A","01",1,0,1,0,0,0,0,0,0,"-","-","UNINCORPORATED","SUTTER","CA",-121.5078,38.75099
"6718401",-121.5406547,38.7498044,2013,"5100","3","4","1","09",1,0,"A",,,"Y",,,900,5,"D","C","A","RT 99","RIEGO RD",0,,"Y","2014-12-02",9285,"2013-05-02",818,"13174","285","1","9","0","1",,"1","011","-","Y","SUT",3,99,"-","-",0.95,"I","5","S","Y",2,"A","-",21453,"C","N","A","D","-","A","A","5","Y","A","01",0,0,0,0,0,0,0,1,0,"-","-","UNINCORPORATED","SUTTER","CA",-121.54082,38.75045
"6439068",-121.6611263,39.2757329,2013,"5101","0","7","2","01",0,2,"A",,,,,"Y",2100,12,"C","C","A","RT 99","PENNINGTON RD",0,,"Y","2014-05-15",5100,"2013-12-22",1959,"2093","LOCA2","5","2","0","0",,"0","01A","-","Y","SUT",3,99,"-","-",40.23,"H","-","N","Y",2,"A","-",23152,"A","N","A","H","-","C","A","0","Y","A","01",2,0,0,0,0,0,0,0,0,"-","-","LIVE OAK","SUTTER","CA",0,0
"6439056",-121.6614832,39.2733351,2013,"5101","0","4","4","10",0,1,"A","Y",,,,,1800,12,"G","B","D","BROADWAY","ELM ST",0,,"Y","2014-05-15",5100,"2013-12-26",1531,"2222","LOCA3","5","2","0","0",,"0","002","-","N",,0,0,,,0,,,,"N",2,"A","-",21950,"A","N","A","H","-","A","A","0","Y","A","01",0,0,1,0,1,0,0,0,0,"-","-","LIVE OAK","SUTTER","CA",0,0
"6404532",-121.6485433,39.146318,2013,"5102","0","3","3","01",0,1,"B",,,,,,2100,2,"A","C","A","THARP RD","POOLE BL",591,"N","N","2014-06-13",5102,"2013-02-27",1910,"4089",,"5","4","0","0",,"0","004","-","Y",,0,0,,,0,,,,"Y",2,"A","-",23152,,"N","A","H","-","D","D","0","Y","A","01",0,1,0,0,0,0,0,0,0,"-","-","YUBA CITY","SUTTER","CA",0,0
"6335588",-121.6345986,39.1379395,2013,"5102","0","2","4","08",0,1,"A",,,,,,1800,12,"C","C","A","RT 99","SUNSWEET BL",600,"N","N","2014-05-14",5102,"2013-12-24",1652,"4058","5102","5","4","0","0",,"0","002","-","Y","SUT",3,99,"-","-",30.36,"H","-","S","Y",2,"A","-",22107,,"N","A","H","-","A","A","0","Y","A","01",0,0,1,0,0,0,0,0,0,"-","-","YUBA CITY","SUTTER","CA",0,0
"6335584",-121.6305273,39.1323293,2013,"5102","0","1","4","18",0,1,"A",,,,,,2100,12,"C","C","A","BRIDGE ST","GRAY AV",180,"W","N","2014-05-14",5102,"2013-12-23",1802,"4034","5102","5","4","0","0",,"0","004","-","N",,0,0,,,0,,,,"N",2,"C","-",0,,"N","A","H","-","C","A","0","Y","-","-",0,0,1,0,0,0,0,0,0,"-","-","YUBA CITY","SUTTER","CA",0,0
"6335580",0,0,2013,"5102","0","6","2","11",0,2,"A","Y","Y",,,,1500,12,"G","B","E","ROYO RANCHERO DR","SAM BRANNAN WY",0,,"Y","2014-05-14",5102,"2013-12-21",1452,"4016","5102","5","4","0","0",,"0","001","-","N",,0,0,,,0,,,,"N",2,"A","-",21954,"A","N","A","H","-","A","D","0","Y","N","60",1,1,0,0,1,0,1,0,0,"-","-","YUBA CITY","SUTTER","CA",0,0
"6335576",-121.634554,39.1364453,2013,"5102","0","1","4","03",0,1,"A",,,,,,1200,12,"C","C","A","RT 99","SUNSWEET BL",50,"N","N","2014-05-14",5102,"2013-12-23",1043,"4083","5102","5","4","0","0",,"0","002","-","Y","SUT",3,99,"-","-",30.26,"H","-","S","N",2,"A","-",22350,,"N","A","H","-","A","A","0","Y","A","01",0,0,1,0,0,0,0,0,0,"-","-","YUBA CITY","SUTTER","CA",0,0
"6326178",-121.6448366,39.1482894,2013,"5102","0","7","4","09",0,1,"A",,,,,,1500,12,"D","C","A","BUTTE HOUSE RD","STABLER LN",250,"W","N","2014-05-27",5102,"2013-12-15",1343,"4067","5102","5","4","0","0",,"0","002","-","N",,0,0,,,0,,,,"N",2,"A","-",21804,"A","N","A","H","-","A","A","0","Y","A","01",0,0,1,0,0,0,0,0,0,"-","-","YUBA CITY","SUTTER","CA",0,0
"6326174",0,0,2013,"5102","0","5","2","08",0,2,"A",,,,,,900,12,"D","C","A","PLUMAS BL","TOWN SQUARE DR",0,,"Y","2014-05-27",5102,"2013-12-06",756,"4027","5102","5","4","0","0",,"0","004","-","N",,0,0,,,0,,,,"Y",2,"A","-",22107,,"N","A","H","-","A","D","0","Y","A","01",1,0,1,0,0,0,0,0,0,"-","-","YUBA CITY","SUTTER","CA",0,0
"6326170",-121.6063732,39.1361551,2013,"5102","0","1","4","09",0,1,"A",,,,,,1800,12,"D","C","A","2ND ST","B ST",0,,"Y","2014-05-27",5102,"2013-12-16",1741,"4056","5102","5","4","0","0",,"0","004","-","N",,0,0,,,0,,,,"Y",2,"A","-",21801,"A","N","A","H","-","C","A","0","Y","A","01",0,0,1,0,0,0,0,0,0,"-","-","YUBA CITY","SUTTER","CA",0,0
"6326166",0,0,2013,"5102","0","1","4","03",0,1,"A",,,,,,1800,12,"C","C","A","FRANKLIN RD","WINCO ENTRANCE",25,"W","N","2014-05-27",5102,"2013-12-16",1628,"4067","5102","5","4","0","0",,"0","002","-","N",,0,0,,,0,,,,"Y",3,"A","-",22350,,"N","A","H","-","C","A","0","Y","A","08",0,0,1,0,0,0,0,0,0,"-","-","YUBA CITY","SUTTER","CA",0,0
"6325970",-121.6338027,39.1272449,2013,"5102","0","5","4","05",0,1,"A",,"Y",,,,1200,11,"D","G","A","FRANKLIN RD","PALORA AV",3,"E","N","2014-05-13",5102,"2013-11-22",1054,"4085","5102","5","4","0","0",,"0","004","-","N",,0,0,,,0,,,,"N",2,"A","-",21650,"1","N","A","H","-","A","A","0","Y","L","04",0,0,1,0,0,0,1,0,0,"-","-","YUBA CITY","SUTTER","CA",0,0
"6325966",-121.6448297,39.1416291,2013,"5102","0","5","4","03",0,1,"A",,,,,,1800,11,"C","C","A","RT 20","STABLER LN",200,"W","N","2014-05-13",5102,"2013-11-22",1727,"4069","5102","5","4","0","0",,"0","002","-","Y","SUT",3,20,"-","R",15.05,"H","-","E","N",3,"A","-",22350,,"N","A","H","-","C","A","0","Y","A","01",0,0,1,0,0,0,0,0,0,"-","-","YUBA CITY","SUTTER","CA",0,0
"6320276",-121.5403059,38.749894,2013,"5100","3","4","4","12",0,1,"A",,,,,,1500,12,"D","C","A","RT 99","RIEGO RD",0,,"Y","2014-06-24",9285,"2013-12-26",1355,"17118",,"1","9","0","1",,"1","011","-","Y","SUT",3,99,"-","-",0.95,"I","5","N","Y",2,"A","-",21453,"A","N","A","H","-","A","A","5","Y","D","22",0,0,1,0,0,0,0,0,0,"-","-","UNINCORPORATED","SUTTER","CA",-121.54038,38.74994
"6318073",-121.6261675,39.1416941,2013,"5102","0","7","4","09",0,2,"A",,,,,,1200,12,"D","C","A","RT 20","CLARK AV",0,,"Y","2014-05-29",5102,"2013-12-22",950,"T9007","5102","5","4","0","0",,"0","003","-","Y","SUT",3,20,"-","-",16.06,"I","5","W",,2,"A","-",21453,"C","N","A","H","-","A","A","0","Y","D","22",0,0,2,0,0,0,0,0,0,"-","-","YUBA CITY","SUTTER","CA",0,0
"6318071",-121.6283252,39.1416409,2013,"5102","0","3","4","09",0,3,"A",,,,,,1500,12,"D","C","A","RT 20","STAFFORD WY",0,,"Y","2014-05-22",5102,"2013-12-18",1249,"4079","5102","5","4","0","0",,"0","003","-","Y","SUT",3,20,"-","-",15.94,"I","5","E","N",3,"A","-",21801,"A","N","A","H","-","A","D","0","Y","D","22",0,0,3,0,0,0,0,0,0,"-","-","YUBA CITY","SUTTER","CA",0,0
"6318070",-121.6485077,39.1426461,2013,"5102","0","3","4","09",0,1,"B",,,,,,1500,12,"D","C","A","THARP RD","RT 20",412,"N","N","2014-12-30",5102,"2013-12-18",1419,"4079","5102","5","4","0","0",,"0","001","-","Y",,0,0,,,0,,,,"Y",2,"A","-",21802,"A","N","A","H","-","A","D","0","Y","A","01",0,0,1,0,0,0,0,0,0,"-","-","YUBA CITY","SUTTER","CA",0,0
"6318069",-121.6440332,39.1416452,2013,"5102","0","4","4","-",0,3,"A",,,,,,2100,12,"B","C","A","RT 20","WALTON AV",0,,"Y","2014-05-29",5102,"2013-12-19",1912,"4016","5102","5","4","0","0",,"0","001","-","Y","SUT",3,20,"-","R",15.094,"I","5","E","Y",4,"A","-",0,,"N","A","H","-","A","A","0","Y","A","01",0,0,3,0,0,0,0,0,0,"-","-","YUBA CITY","SUTTER","CA",0,0
"6310145",-121.6509132,39.112705,2013,"5102","0","3","4","09",0,1,"A",,"Y",,,,2100,9,"B","G","A","LINCOLN RD","JONATHAN DR",0,,"Y","2014-05-27",5102,"2013-09-18",1812,"5050","5100","5","4","0","0",,"0","007","-","N",,0,0,,,0,,,,"N",2,"A","-",21801,"A","N","A","H","-","B","A","0","Y","L","04",0,0,1,0,0,0,1,0,0,"-","-","YUBA CITY","SUTTER","CA",0,0
"6310114",-121.66128,39.2810368,2013,"5101","0","5","4","03",0,1,"A",,,,,,2100,10,"C","C","A","RT 99","MYRTLE ST",0,,"Y","2014-04-25",5100,"2013-10-04",1841,"5082","5101","5","2","0","0",,"0","02A","-","Y","SUT",3,99,"-","-",40.59,"H","-","S","N",2,"A","-",22350,,"N","A","H","-","A","D","0","Y","A","01",0,0,1,0,0,0,0,0,0,"-","-","LIVE OAK","SUTTER","CA",0,0
"6309877",-121.6720122,39.0884027,2013,"5100","4","4","3","01",0,1,"A",,,,,,2400,12,"E","I","A","GEORGE WASHINGTON BL","REED RD",2410,"N","N","2014-05-19",9285,"2013-12-05",2100,"16343",,"2","9","0","2",,"2","052","-","N",,0,0,,,0,,,,"Y",1,"A","-",23152,"A","N","A","H","-","D","D","0","Y","A","01",0,1,0,0,0,0,0,0,0,"-","-","UNINCORPORATED","SUTTER","CA",-121.67198,39.08964
"6309873",-121.6601691,39.152601,2013,"5100","5","5","4","03",0,2,"B",,,,,,1800,12,"C","C","A","BUTTE HOUSE RD","ADAMS RD",116,"W","N","2014-05-19",9285,"2013-12-06",1550,"17163",,"2","9","0","3",,"2","007","C","Y",,0,0,,,0,,,,"Y",3,"A","-",22350,,"N","B","H","-","B","D","0","Y","A","01",0,0,2,0,0,0,0,0,0,"-","-","UNINCORPORATED","SUTTER","CA",-121.66035,39.15261
"6308913",-121.6345332,39.1277794,2013,"5102","0","3","4","03",0,1,"A",,,,,,1500,12,"C","C","A","RT 99","FRANKLIN AV",60,"N","N","2015-01-13",5102,"2013-12-11",1404,"4083","5102","5","4","0","0",,"0","002","-","Y","SUT",3,99,"-","-",29.68,"H","-","S","N",2,"A","-",22350,,"N","A","H","-","A","A","0","Y","A","01",0,0,1,0,0,0,0,0,0,"-","-","YUBA CITY","SUTTER","CA",0,0
"6306512",-121.5403059,38.749894,2013,"5100","3","3","4","00",0,1,"E",,,,,,900,12,"D","C","A","RT 99","RIEGO RD",0,,"Y","2014-06-02",9285,"2013-12-11",643,"014401",,"1","9","0","1",,"1","011","-","Y","SUT",3,99,"-","-",0.95,"I","5","N","Y",2,"D","-",0,,"N","A","D","-","C","A","5","Y","-","-",0,0,1,0,0,0,0,0,0,"-","-","UNINCORPORATED","SUTTER","CA",-121.54003,38.74993
"6305940",-121.4876806,38.9220943,2013,"5100","5","6","3","08",0,1,"A",,,,,,1500,12,"E","I","A","PLEASANT GROVE RD","NICOLAUS AV",5280,"N","N","2014-12-29",9285,"2013-12-14",1452,"015849",,"2","9","0","3",,"2","001","-","N",,0,0,,,0,,,,"Y",1,"A","-",22107,,"N","A","H","-","A","D","0","Y","A","01",0,1,0,0,0,0,0,0,0,"-","-","UNINCORPORATED","SUTTER","CA",-121.48775,38.92104
"6305391",-121.6439107,39.118987,2013,"5102","0","3","4","03",0,2,"A",,,,,,1500,11,"C","C","A","WALTON AV","RICHLAND RD",303,"N","N","2014-05-21",5102,"2013-11-13",1209,"2229","5100","5","4","0","0",,"0","007","-","N",,0,0,,,0,,,,"Y",3,"A","-",22350,,"N","A","H","-","A","D","0","Y","A","01",0,0,2,0,0,0,0,0,0,"-","-","YUBA CITY","SUTTER","CA",0,0
"6305387",-121.6439333,39.1171102,2013,"5102","0","4","2","00",0,1,"A",,,,,,1500,11,"H","-","A","SOUTH WALTON AV","SEQUOIA",20,"S","N","2014-05-21",5102,"2013-11-07",1330,"5080","89","5","4","0","0",,"0","007","-","N",,0,0,,,0,,,,"Y",1,"D","-",0,,"N","A","H","-","A","D","0","Y","-","-",1,0,0,0,0,0,0,0,0,"-","-","YUBA CITY","SUTTER","CA",0,0
"6301523",-121.5402885,38.7497524,2013,"5100","3","6","4","01",0,2,"A",,,,,"Y",2400,11,"C","C","A","RT 99","RIEGO RD",0,,"Y","2014-05-05",9285,"2013-11-16",2210,"018475",,"3","9","0","1",,"1","011","-","Y","SUT",3,99,"-","-",0.94,"H","-","N","Y",2,"A","-",23152,"A","M","A","H","-","C","A","5","Y","A","07",0,0,2,0,0,0,0,0,0,"-","-","UNINCORPORATED","SUTTER","CA",-121.53969,38.74926
"6301520",-121.6347154,39.0870205,2013,"5100","5","1","4","09",0,2,"A",,,,,,2400,11,"D","C","A","RT 99","STEWART RD",0,,"Y","2014-05-13",9285,"2013-11-11",2157,"018340",,"2","9","0","3",,"2","005","-","Y","SUT",3,99,"-","-",26.88,"I","5","N","Y",2,"A","-",21801,"A","N","A","H","-","C","D","0","Y","A","01",0,0,2,0,0,0,0,0,0,"-","-","UNINCORPORATED","SUTTER","CA",-121.63469,39.08708
"6298274",-121.6439332,39.118155,2013,"5102","0","4","4","09",0,1,"A",,,,,,900,10,"D","C","A","SOUTH WALTON AV","RICHLAND RD",0,,"Y","2014-04-17",5102,"2013-10-03",651,"DEPUTY","SCSO","5","4","0","0",,"0","007","-","N",,0,0,,,0,,,,"Y",2,"A","-",21802,"A","N","A","H","-","B","D","0","Y","I","11",0,0,1,0,0,0,0,0,0,"-","-","YUBA CITY","SUTTER","CA",0,0
"6298262",-121.6439131,39.126305,2013,"5102","0","2","4","03",0,1,"A",,,"Y",,,1800,11,"C","C","A","WALTON AV","HAYNE AV",0,,"Y","2014-05-15",5102,"2013-11-05",1753,"2246","84","5","4","0","0",,"0","007","-","N",,0,0,,,0,,,,"Y",3,"A","-",22350,,"N","A","H","-","C","D","0","Y","D","23",0,0,1,0,0,0,0,0,1,"-","-","YUBA CITY","SUTTER","CA",0,0
"6297461",-121.5403059,38.749894,2013,"5100","3","3","4","12",0,4,"A",,,,,,2100,10,"D","C","A","RT 99","RIEGO RD",0,,"Y","2014-04-21",9285,"2013-10-23",2047,"018340",,"2","9","0","1",,"1","011","-","Y","SUT",3,99,"-","-",0.95,"I","5","N","Y",2,"A","-",21453,"A","N","A","H","-","C","A","5","Y","A","01",0,0,4,0,0,0,0,0,0,"-","-","UNINCORPORATED","SUTTER","CA",-121.54033,38.74995
"6297458",-121.7488432,39.1646651,2013,"5100","5","4","4","09",0,2,"A",,,,,,1800,10,"D","C","A","CALIFORNIA ST","SUTTER AV",0,,"Y","2014-04-21",9285,"2013-10-24",1605,"015976",,"2","9","0","3",,"2","007","-","N",,0,0,,,0,,,,"Y",2,"A","-",21802,"A","N","A","H","-","A","A","0","Y","A","01",0,0,2,0,0,0,0,0,0,"-","-","UNINCORPORATED","SUTTER","CA",-121.74883,39.16443
"6297446",-121.6065129,39.0840037,2013,"5100","4","5","4","08",0,1,"A",,,,,,1800,10,"E","I","A","GARDEN HWY","STEWART RD",1250,"S","N","2014-04-21",9285,"2013-10-25",1530,"014793",,"2","9","0","2",,"2","052","-","N",,0,0,,,0,,,,"Y",1,"A","-",22107,,"N","A","H","-","A","D","0","Y","A","01",0,0,1,0,0,0,0,0,0,"-","-","UNINCORPORATED","SUTTER","CA",-121.60672,39.08445
"6296400",-121.6255931,39.1410351,2013,"5102","0","5","4","05",0,1,"A",,,"Y",,,2100,11,"D","C","A","CLARK AV","ELLIS WY",0,,"Y","2014-05-14",5102,"2013-11-22",1917,"4052","5102","5","4","0","0",,"0","004","-","N",,0,0,,,0,,,,"Y",2,"A","-",21752,"D","N","A","H","-","C","A","0","Y","C","02",0,0,1,0,0,0,0,0,1,"-","-","YUBA CITY","SUTTER","CA",0,0
"6296336",-121.6065287,39.1364016,2013,"5102","0","5","4","01",0,1,"A",,,"Y",,"Y",1800,11,"C","C","A","2ND ST","B ST",100,"N","N","2014-05-14",5102,"2013-11-22",1757,"4077","5102","5","4","0","0",,"0","004","-","N",,0,0,,,0,,,,"Y",3,"A","-",23152,"A","N","A","H","-","A","A","0","Y","A","01",0,0,1,0,0,0,0,0,1,"-","-","YUBA CITY","SUTTER","CA",0,0
"6296291",0,0,2013,"5102","0","2","4","10",0,1,"A","Y",,,,,900,12,"G","B","B","BLEVIN RD","CASE CT",0,,"Y","2014-05-20",5102,"2013-12-10",758,"4083","5102","5","4","0","0",,"0","001","-","N",,0,0,,,0,,,,"N",2,"A","-",21950,"A","N","A","-","-","A","A","0","Y","A","01",0,0,1,0,1,0,0,0,0,"-","-","YUBA CITY","SUTTER","CA",0,0
"6296287",0,0,2013,"5102","0","1","4","04",0,1,"A",,,,,,1500,12,"C","C","A","SUTTER ST","MARKET ST",30,"N","N","2014-05-27",5102,"2013-12-09",1437,"4067","5102","5","4","0","0",,"0","004","-","N",,0,0,,,0,,,,"Y",2,"A","-",21703,,"N","A","H","-","A","A","0","Y","A","07",0,0,1,0,0,0,0,0,0,"-","-","YUBA CITY","SUTTER","CA",0,0
"6295985",-121.6350282,39.1418352,2013,"5102","0","7","4","03",0,5,"A",,,,,,1500,12,"C","C","A","COLUSA HIGHWAY","RT 99",0,,"Y","2014-05-29",5102,"2013-12-01",1450,"4052",,"5","4","0","0",,"0","002","-","Y","SUT",3,20,"-","-",15.58,"H","-","W","Y",2,"A","-",22350,,"N","A","H","-","A","A","0","Y","A","07",0,0,5,0,0,0,0,0,0,"-","-","YUBA CITY","SUTTER","CA",0,0
"6295632",-121.6172095,39.1347267,2013,"5102","0","1","4","03",0,1,"B",,,,,,1200,12,"C","C","A","BRIDGE ST","PLUMAS ST",575,"W","N","2014-05-20",5102,"2013-12-02",1158,"4079","5102","5","4","0","0",,"0","003","-","N",,0,0,,,0,,,,"Y",3,"A","-",22350,,"N","A","H","-","A","D","0","Y","A","01",0,0,1,0,0,0,0,0,0,"-","-","YUBA CITY","SUTTER","CA",0,0
"6294770",-121.6298332,39.1299851,2013,"5102","0","4","4","09",0,1,"A",,,,,,1800,11,"D","C","A","GRAY AV","B ST",0,,"Y","2014-05-08",5102,"2013-11-14",1623,"T9007","5102","5","4","0","0",,"0","004","-","N",,0,0,,,0,,,,"N",2,"A","-",21800,"C","N","A","H","-","A","A","0","Y","A","07",0,0,1,0,0,0,0,0,0,"-","-","YUBA CITY","SUTTER","CA",0,0
"6294766",0,0,2013,"5102","0","3","3","12",0,1,"B",,,,,,1200,11,"D","C","A","GRAY AV","AINSLEY AV",75,"W","N","2014-05-08",5102,"2013-11-20",945,"4083","5102","5","4","0","0",,"0","003","C","N",,0,0,,,0,,,,"Y",2,"A","-",21453,"A","N","B","H","-","A","A","0","Y","A","01",0,1,0,0,0,0,0,0,0,"-","-","YUBA CITY","SUTTER","CA",0,0
"6290779",-121.8342302,39.1457304,2013,"5100","3","4","1","05",1,1,"A",,,,"Y",,1800,11,"A","C","A","RT 20","WEST BUTTE RD",1584,"W","N","2015-01-12",9285,"2013-11-07",1516,"15048",,"2","9","0","1",,"2","072","-","Y","SUT",3,20,"-","-",4.71,"H","-","W","Y",2,"A","-",21650,,"N","A","H","-","A","D","0","Y","D","23",0,0,1,0,0,0,0,0,0,"-","-","UNINCORPORATED","SUTTER","CA",-121.82844,39.1478
"6290751",-121.5438182,38.7931075,2013,"5100","3","1","1","08",1,2,"A",,,,,,2400,7,"F","A","A","RT 99","SANKEY RD",5280,"N","N","2014-07-14",9285,"2013-07-01",2255,"16343",,"3","9","0","1",,"1","011","-","Y","SUT",3,99,"-","-",4.04,"H","-","S","Y",1,"A","-",22107,,"N","A","H","-","D","D","5","Y","A","07",1,1,0,0,0,0,0,0,0,"-","-","UNINCORPORATED","SUTTER","CA",-121.3237,38.47411
"6290636",-121.6331632,39.0690999,2013,"5100","3","2","1","09",4,4,"B",,,,,,1500,11,"D","C","A","RT 99","OSWALD RD",0,,"Y","2014-11-24",9285,"2013-11-12",1430,"15849",,"2","9","0","1",,"1","051","-","Y","SUT",3,99,"-","-",25.62,"I","5","S","Y",2,"A","-",21801,"A","N","A","H","-","A","D","0","Y","A","01",4,0,0,0,0,0,0,0,0,"-","-","UNINCORPORATED","SUTTER","CA",-121.6336,39.06916
"6287711",-121.6315657,39.1323419,2013,"5102","0","1","3","01",0,2,"A",,,,,"Y",1800,12,"C","C","A","BRIDGE ST","BARRETT AV",100,"W","N","2014-05-20",5102,"2013-12-09",1713,"4067","5102","5","4","0","0",,"0","004","-","N",,0,0,,,0,,,,"Y",4,"A","-",23152,"A","N","A","H","-","C","A","0","Y","A","01",0,1,1,0,0,0,0,0,0,"-","-","YUBA CITY","SUTTER","CA",0,0
"6284646",-121.5406779,38.7499444,2013,"5100","3","4","3","03",0,3,"A",,,,,,1500,10,"C","C","A","RT 99","RIEGO RD",60,"N","N","2014-04-25",9285,"2013-10-31",1210,"015976",,"1","9","0","1",,"1","011","-","Y","SUT",3,99,"-","-",0.96,"H","-","S","Y",2,"A","-",22350,,"N","A","H","-","A","A","5","Y","A","01",0,2,1,0,0,0,0,0,0,"-","-","UNINCORPORATED","SUTTER","CA",-121.54065,38.74912