"CASEID","POINT_X","POINT_Y","YEAR_","LOCATION","CHPTYPE","DAYWEEK","CRASHSEV","VIOLCAT","KILLED","INJURED","WEATHER1","PEDCOL","BICCOL","MCCOL","TRUCKCOL","ETOH","TIMECAT","MONTH_","CRASHTYP","INVOLVE","PED","PRIMARYRD","SECONDRD","DISTANCE","DIRECT","INTERSECT_","PROCDATE","JURIS","DATE_","TIME_","BADGE","JURIDIST","SHIFT","POP","SPECIAL","BEATTYPE","LAPDDIV","BEATCLAS","BEATNUMB","WEATHER2","STATEHW","CALTRANC","CALTRAND","STROUTE","ROUTESUF","POSTPRE","POSTMILE","LOCATYPE","RAMP","SIDEHW","TOWAWAY","PARTIES","PCF","VIOLCODE","VIOL","VIOLSUB","HITRUN","ROADSURF","RDCOND1","RDCOND2","LIGHTING","RIGHTWAY","CHPRDTYP","NOTPRIV","STFAULT","CHPFAULT","SEVINJ","OTHERINJ","COP","PEDKILL","PEDINJ","BICKILL","BICINJ","MCKILL","MCINJURE","RAMP1","RAMP2","CITY","COUNTY","STATE","X_CHP","Y_CHP"
"6281968",-121.5253689,38.8293009,2013,"5100","3","6","4","01",0,1,"A",,,,,,1200,11,"F","A","A","PACIFIC AV","HOWSLEY RD",2112,"N","N","2014-05-05",9285,"2013-11-16",1057,"015491",,"1","9","0","1",,"1","010","-","N",,0,0,,,0,,,,"Y",1,"A","-",23152,"A","N","A","H","-","A","D","0","Y","A","01",0,0,1,0,0,0,0,0,0,"-","-","UNINCORPORATED","SUTTER","CA",-121.52531,38.82986
"6281964",-121.9138922,39.1457286,2013,"5100","3","2","3","01",0,1,"A",,,,,"Y",300,11,"E","I","A","RT 20","4TH ST",164,"W","N","2014-05-05",9285,"2013-11-19",18,"019144",,"3","9","0","1",,"2","072","-","Y","SUT",3,20,"-","R",0.21,"H","-","E","Y",1,"A","-",23152,"A","N","A","H","-","D","D","0","Y","A","01",0,1,0,0,0,0,0,0,0,"-","-","UNINCORPORATED","SUTTER","CA",-121.91388,39.14562
"6280279",-121.6354232,39.1323851,2013,"5102","0","4","3","09",0,3,"A",,,,,,1800,11,"D","C","A","BRIDGE ST","ONSTOTT RD",0,,"Y","2014-05-06",5102,"2013-11-14",1545,"4079","5102","5","4","0","0",,"0","004","-","N",,0,0,,,0,,,,"N",2,"A","-",21801,"A","N","A","H","-","A","D","0","Y","A","01",0,1,2,0,0,0,0,0,0,"-","-","YUBA CITY","SUTTER","CA",0,0
"6280275",0,0,2013,"5102","0","2","4","08",0,1,"B",,,,,,1800,11,"C","C","A","BRIDGE ST","BRIDGE ST 573",773,"W","N","2014-05-06",5102,"2013-11-19",1523,"4079","5102","5","4","0","0",,"0","004","C","N",,0,0,,,0,,,,"Y",2,"A","-",22107,,"N","B","H","-","A","D","0","Y","A","07",0,0,1,0,0,0,0,0,0,"-","-","YUBA CITY","SUTTER","CA",0,0
"6278380",-121.6345361,39.12763,2013,"5102","0","3","4","04",0,1,"A",,,,,,1200,11,"C","C","A","FRANKLIN RD","RT 99",0,,"Y","2014-05-07",5102,"2013-11-27",918,"4027",,"5","4","0","0",,"0",,"-","Y","SUT",3,99,"-","-",29.67,"I","6","S","N",2,"A","-",21703,,"N","A","H","-","A","A","0","Y","A","01",0,0,1,0,0,0,0,0,0,"-","-","YUBA CITY","SUTTER","CA",0,0
"6278376",-121.6273532,39.1126851,2013,"5102","0","1","3","21",0,2,"A",,,,,,1800,11,"D","C","A","LINCOLN RD","JONES RD",0,,"Y","2014-05-07",5102,"2013-11-25",1615,"4083","5102","5","4","0","0",,"0","005","-","N",,0,0,,,0,,,,"Y",2,"A","-",22106,,"N","A","H","-","A","A","0","Y","A","01",0,1,1,0,0,0,0,0,0,"-","-","YUBA CITY","SUTTER","CA",0,0
"6278314",-121.6367932,39.132365,2013,"5102","0","3","4","21",0,1,"A",,,,,,1500,11,"C","C","A","BRIDGE ST","OJI WY",0,,"Y","2014-05-06",5102,"2013-11-13",1221,"4079","5102","5","4","0","0",,"0","004","-","N",,0,0,,,0,,,,"N",2,"A","-",22106,,"N","A","H","-","A","D","0","Y","A","01",0,0,1,0,0,0,0,0,0,"-","-","YUBA CITY","SUTTER","CA",0,0
"6278310",-121.6367932,39.132365,2013,"5102","0","6","4","03",0,1,"A",,,,,,900,11,"C","C","A","BRIDGE ST","OJI WY",0,,"Y","2014-05-06",5102,"2013-11-09",755,"4027","5102","5","4","0","0",,"0","002","-","N",,0,0,,,0,,,,"N",2,"A","-",22350,,"N","A","H","-","A","A","0","Y","A","07",0,0,1,0,0,0,0,0,0,"-","-","YUBA CITY","SUTTER","CA",0,0
"6278262",-121.6485332,39.137905,2013,"5102","0","5","3","09",0,1,"A",,,,,,1800,11,"D","C","A","THARP RD","LASSEN BL",0,,"Y","2014-05-06",5102,"2013-11-01",1511,"4052","5102","5","4","0","0",,"0","001","-","N",,0,0,,,0,,,,"Y",2,"A","-",21802,"B","N","A","H","-","A","A","0","Y","A","01",0,1,0,0,0,0,0,0,0,"-","-","YUBA CITY","SUTTER","CA",0,0
"6277838",0,0,2013,"5102","0","5","4","09",0,2,"A",,,,,,1500,11,"A","C","A","SUTTER ST","LAMON ST",0,,"Y","2014-05-08",5102,"2013-11-22",1313,"4016","5102","5","4","0","0",,"0","001","-","N",,0,0,,,0,,,,"Y",2,"A","-",21802,"A","N","A","H","-","A","D","0","Y","D","22",0,0,2,0,0,0,0,0,0,"-","-","YUBA CITY","SUTTER","CA",0,0
"6276157",-121.6618734,39.1530687,2013,"5100","4","7","4","11",0,1,"A","Y",,,,,900,11,"G","B","D","BUTTE HOUSE RD","REDDING AV",18,"E","N","2014-05-07",9285,"2013-11-03",720,"013966",,"1","9","0","2",,"2","073","-","N",,0,0,,,0,,,,"N",2,"A","-",21954,"A","N","A","G","-","A","D","0","Y","N","60",0,0,1,0,1,0,0,0,0,"-","-","UNINCORPORATED","SUTTER","CA",-121.66159,39.15304
"6276153",-121.7179209,38.8257343,2013,"5100","3","5","3","03",0,1,"A",,,,"Y",,900,10,"C","C","A","RT 113","LEISER RD",1584,"N","N","2014-04-18",9285,"2013-10-25",840,"015976",,"1","9","0","1",,"1","031","-","Y","SUT",3,113,"-","-",1.68,"H","-","N","Y",2,"A","-",22350,,"N","A","H","-","A","D","0","Y","A","01",0,1,0,0,0,0,0,0,0,"-","-","UNINCORPORATED","SUTTER","CA",-121.71765,38.825
"6276121",-121.6627276,39.0075051,2013,"5100","3","3","4","08",0,1,"A",,,,,,900,11,"D","C","A","BAILEY RD","RT 113",1584,"N","N","2014-05-07",9285,"2013-11-13",801,"015491",,"1","9","0","1",,"1","010","-","Y",,0,0,,,0,,,,"N",3,"A","-",22107,,"N","A","H","-","A","D","0","Y","A","01",0,0,1,0,0,0,0,0,0,"-","-","UNINCORPORATED","SUTTER","CA",-121.66265,39.00778
"6268977",-121.6279131,39.1322751,2013,"5102","0","4","4","03",0,2,"A",,,,,,1200,10,"C","C","A","BRIDGE ST","FIPPINS AV",0,,"Y","2014-05-01",5102,"2013-10-03",1130,"4029","5102","5","4","0","0",,"0","004","-","N",,0,0,,,0,,,,"N",2,"A","-",22350,,"N","A","H","-","A","A","0","Y","-","-",0,0,2,0,0,0,0,0,0,"-","-","YUBA CITY","SUTTER","CA",0,0
"6268973",-121.6532731,39.127205,2013,"5102","0","3","4","12",0,1,"A",,,,,,2100,10,"D","C","A","FRANKLIN RD","HARDING RD",0,,"Y","2014-05-01",5102,"2013-10-09",1910,"4052","5102","5","4","0","0",,"0","001","-","N",,0,0,,,0,,,,"Y",2,"A","-",22450,"A","N","A","H","-","C","A","0","Y","A","01",0,0,1,0,0,0,0,0,0,"-","-","YUBA CITY","SUTTER","CA",0,0
"6268969",-121.6283252,39.1416409,2013,"5102","0","2","4","08",0,2,"A",,,,,,1800,10,"D","C","A","RT 20","STAFFORD WY",0,,"Y","2014-05-01",5102,"2013-10-15",1601,"4073","5102","5","4","0","0",,"0","004","-","Y","SUT",3,20,"-","-",15.94,"I","5","E","N",2,"A","-",22107,,"N","A","H","-","A","D","0","Y","-","-",0,0,2,0,0,0,0,0,0,"-","-","YUBA CITY","SUTTER","CA",0,0
"6268965",-121.6247832,39.1272651,2013,"5102","0","5","4","21",0,2,"A",,,,,,1500,10,"C","C","A","FRANKLIN AV","CLARK AV",0,,"Y","2014-05-01",5102,"2013-10-04",1320,"4055","SUTTE","5","4","0","0",,"0","005","-","N",,0,0,,,0,,,,"Y",2,"A","-",22106,,"N","A","H","-","A","A","0","Y","A","08",0,0,2,0,0,0,0,0,0,"-","-","YUBA CITY","SUTTER","CA",0,0
"6268601",0,0,2013,"5102","0","4","3","01",0,3,"A","Y",,,"Y","Y",2400,10,"C","E","E","BOGUE RD","PARK AV",200,"W","N","2014-05-01",5102,"2013-10-31",2151,"T9007","5102","5","4","0","0",,"0","005","-","N",,0,0,,,0,,,,"N",5,"A","-",23152,"A","N","A","H","-","D","D","0","Y","A","01",0,2,1,0,2,0,0,0,0,"-","-","YUBA CITY","SUTTER","CA",0,0
"6268569",-121.6302193,39.140897,2013,"5102","0","3","4","-",0,1,"A",,,,,,1800,11,"C","C","A","GRAY AV","RT 20",302,"S","N","2014-11-24",5102,"2013-11-06",1533,"4027","5102","5","4","0","0",,"0","004","-","Y",,0,0,,,0,,,,"Y",2,"A","-",0,,"N","A","H","-","A","D","0","Y","A","01",0,0,1,0,0,0,0,0,0,"-","-","YUBA CITY","SUTTER","CA",0,0
"6268565",-121.6242293,39.141614,2013,"5102","0","6","4","08",0,1,"A",,,,,,1500,11,"B","C","A","RT 20","COOPER AV",0,,"Y","2014-04-29",5102,"2013-11-02",1205,"4027","5102","5","4","0","0",,"0","003","-","Y","SUT",3,20,"-","-",16.165,"I","5","W","N",2,"A","-",22107,,"N","A","H","-","A","D","0","Y","A","01",0,0,1,0,0,0,0,0,0,"-","-","YUBA CITY","SUTTER","CA",0,0
"6259810",-121.6298332,39.1299851,2013,"5102","0","5","4","10",0,1,"A","Y",,,,"Y",1800,10,"G","B","B","B ST","GRAY AV",0,,"Y","2014-04-29",5102,"2013-10-18",1628,"4077","5102","5","4","0","0",,"0","004","-","N",,0,0,,,0,,,,"N",2,"A","-",21950,"A","F","A","H","-","A","D","0","Y","A","01",0,0,1,0,1,0,0,0,0,"-","-","YUBA CITY","SUTTER","CA",0,0
"6259806",-121.6161932,39.141895,2013,"5102","0","7","2","01",0,1,"A",,,"Y",,"Y",300,10,"D","C","A","SHASTA ST","ALTURAS ST",0,,"Y","2014-04-29",5102,"2013-10-20",203,"T9006","SUTTE","5","4","0","0",,"0","003","-","N",,0,0,,,0,,,,"Y",2,"A","-",23152,"A","N","A","H","-","C","D","0","Y","C","02",1,0,0,0,0,0,0,0,1,"-","-","YUBA CITY","SUTTER","CA",0,0
"6259802",-121.6251532,39.1321751,2013,"5102","0","5","4","03",0,2,"A",,,,,,2100,10,"C","C","A","BRIDGE ST","CLARK AV",0,,"Y","2014-04-29",5102,"2013-10-18",1814,"4077","5102","5","4","0","0",,"0","004","-","N",,0,0,,,0,,,,"N",2,"A","-",22350,,"N","A","H","-","A","A","0","Y","A","01",0,0,2,0,0,0,0,0,0,"-","-","YUBA CITY","SUTTER","CA",0,0
"6259798",-121.6241683,39.1414994,2013,"5102","0","2","4","09",0,1,"A",,,,,,1800,10,"A","D","A","RT 20","ORANGE ST",0,,"Y","2014-04-29",5102,"2013-10-15",1547,"4079","5102","5","4","0","0",,"0","003","-","Y","SUT",3,20,"-","-",16.165,"I","5","E","Y",2,"A","-",21801,"A","N","A","H","-","A","D","0","Y","A","01",0,0,1,0,0,0,0,0,0,"-","-","YUBA CITY","SUTTER","CA",0,0
"6259794",-121.6176833,39.1446497,2013,"5102","0","5","4","09",0,1,"A",,,,,,1800,10,"D","C","A","PLUMAS ST","DEL NORTE AV",100,"N","N","2014-04-29",5102,"2013-10-18",1637,"4069",,"5","4","0","0",,"0","002","-","N",,0,0,,,0,,,,"Y",2,"A","-",21802,"A","N","A","H","-","A","A","0","Y","A","01",0,0,1,0,0,0,0,0,0,"-","-","YUBA CITY","SUTTER","CA",0,0
"6259790",-121.6307981,39.1597068,2013,"5102","0","5","4","18",0,1,"A",,,,,,1200,10,"C","E","A","NORTHGATE DR","GRAY AV",186,"W","N","2014-04-29",5102,"2013-10-11",1021,"4039","5102","5","4","0","0",,"0","003","-","N",,0,0,,,0,,,,"Y",2,"C","-",0,,"N","A","H","-","A","D","0","Y","-","-",0,0,1,0,0,0,0,0,0,"-","-","YUBA CITY","SUTTER","CA",0,0
"6259786",-121.6428857,39.1323259,2013,"5102","0","3","2","11",0,1,"A","Y",,,,,2100,10,"G","B","D","BRIDGE ST","WALTON AV",300,"E","N","2014-04-28",5102,"2013-10-09",1933,"4069",,"5","4","0","0",,"0","002","-","N",,0,0,,,0,,,,"Y",2,"A","-",21954,"A","N","A","H","-","C","D","0","Y","N","60",1,0,0,0,1,0,0,0,0,"-","-","YUBA CITY","SUTTER","CA",0,0
"6259782",-121.6122067,39.1425143,2013,"5102","0","5","4","03",0,3,"A",,,,,,900,10,"C","C","A","RT 20","KILEY AV",870,"E","N","2014-04-28",5102,"2013-10-11",805,"4039","5102","5","4","0","0",,"0","004","-","Y","SUT",3,20,"-","-",16.832,"R","1","E","Y",3,"A","-",22350,,"N","A","H","-","A","D","0","Y","A","01",0,0,3,0,0,0,0,0,0,"-","-","YUBA CITY","SUTTER","CA",0,0
"6258658",-121.6188631,39.119145,2013,"5102","0","5","4","09",0,1,"A",,,,,,900,10,"D","C","A","WINSHIP RD","MAIN ST",0,,"Y","2014-06-19",5102,"2013-10-25",805,"448","5102","5","4","0","0",,"0","005","-","N",,0,0,,,0,,,,"Y",2,"A","-",21802,"A","N","A","H","-","A","A","0","Y","D","22",0,0,1,0,0,0,0,0,0,"-","-","YUBA CITY","SUTTER","CA",0,0
"6258654",-121.6388928,39.141679,2013,"5102","0","5","4","03",0,1,"A",,,,,,1800,10,"C","C","A","RT 20","CIVIC CENTER BL",25,"E","N","2014-06-18",5102,"2013-10-18",1708,"4081","5102","5","4","0","0",,"0","002","-","Y","SUT",3,20,"-","R",15.37,"H","-","E","N",3,"A","-",22350,,"N","A","H","-","A","A","0","Y","A","01",0,0,1,0,0,0,0,0,0,"-","-","YUBA CITY","SUTTER","CA",0,0
"6258650",-121.6398352,39.1416789,2013,"5102","0","5","4","03",0,1,"A",,,,,,1800,10,"C","C","A","RT 20","CIVIC CENTER BL",150,"W","N","2014-06-18",5102,"2013-10-18",1721,"448","5102","5","4","0","0",,"0","002","-","Y","SUT",3,20,"-","R",15.32,"H","-","E","N",2,"A","-",22350,,"N","A","H","-","A","D","0","Y","D","22",0,0,1,0,0,0,0,0,0,"-","-","YUBA CITY","SUTTER","CA",0,0
"6258302",-121.6344619,39.133457,2013,"5102","0","5","4","03",0,1,"A",,,,,,1800,11,"C","C","A","RT 99","BRIDGE ST",150,"N","N","2014-05-01",5102,"2013-11-15",1718,"4052","5102","5","4","0","0",,"0","004","-","Y","SUT",3,99,"-","-",30.06,"H","-","S","N",2,"A","-",22350,,"N","A","H","-","A","A","0","Y","A","01",0,0,1,0,0,0,0,0,0,"-","-","YUBA CITY","SUTTER","CA",0,0
"6258298",-121.65516,39.1415568,2013,"5102","0","5","4","03",0,1,"A",,,,,,1500,11,"C","C","A","RT 20","HARTER PKWY",30,"E","N","2014-05-01",5102,"2013-11-15",1358,"4046","5102","5","4","0","0",,"0","001","-","Y","SUT",3,20,"-","-",14.49,"H","-","W","Y",2,"A","-",22350,,"N","A","H","-","A","A","0","Y","D","23",0,0,1,0,0,0,0,0,0,"-","-","YUBA CITY","SUTTER","CA",0,0
"6254902",-121.5705041,38.9097187,2013,"5100","5","7","3","01",0,1,"A",,,,,"Y",300,10,"F","I","A","NICOLAUS AV","SCHEIBER RD",100,"E","N","2014-04-23",9285,"2013-10-27",114,"018522",,"3","9","0","3",,"2","001","-","N",,0,0,,,0,,,,"N",1,"A","-",23152,"A","N","A","H","-","D","D","0","Y","D","22",0,1,0,0,0,0,0,0,0,"-","-","UNINCORPORATED","SUTTER","CA",-121.56991,38.90986
"6252030",-121.6174031,39.0258651,2013,"5100","4","6","3","03",0,2,"A",,,,,,1800,10,"C","C","A","GARDEN HWY","OBANION RD",0,,"Y","2014-04-25",9285,"2013-10-05",1510,"15491",,"2","9","0","2",,"2","052","-","N",,0,0,,,0,,,,"Y",2,"A","-",22350,,"N","A","H","-","A","D","0","Y","A","01",0,1,1,0,0,0,0,0,0,"-","-","UNINCORPORATED","SUTTER","CA",-121.6172,39.02591
"6249363",-121.9124747,39.1286101,2013,"5100","5","7","3","03",0,1,"A",,,,,,2100,10,"E","I","A","MERIDIAN RD","KILGORE RD",3960,"S","N","2014-04-21",9285,"2013-10-06",2025,"18340",,"2","9","0","3",,"2","007","-","N",,0,0,,,0,,,,"Y",1,"A","-",22350,,"N","A","H","-","D","D","0","Y","A","08",0,1,0,0,0,0,0,0,0,"-","-","UNINCORPORATED","SUTTER","CA",-121.91244,39.12895
"6244731",-121.5384832,38.961185,2013,"5100","5","1","4","12",0,2,"A",,,,,,900,10,"D","C","A","RIO OSO RD","4TH AV",0,,"Y","2014-04-24",9285,"2013-10-07",621,"14401",,"1","9","0","3",,"2","001","-","N",,0,0,,,0,,,,"Y",2,"A","-",22450,"A","N","A","H","-","D","A","0","Y","A","01",0,0,2,0,0,0,0,0,0,"-","-","UNINCORPORATED","SUTTER","CA",-121.32184,38.57018
"6244727",-121.7351332,39.167585,2013,"5100","4","1","3","09",0,1,"A",,,,,,1200,10,"D","C","A","BUTTE HOUSE RD","MALLOTT RD",0,,"Y","2014-04-24",9285,"2013-10-07",1005,"13966",,"1","9","0","2",,"2","073","-","N",,0,0,,,0,,,,"Y",2,"A","-",21801,"A","N","A","H","-","A","A","0","Y","A","08",0,1,0,0,0,0,0,0,0,"-","-","UNINCORPORATED","SUTTER","CA",-121.73484,38.16754
"6244723",-121.5401531,38.7481951,2013,"5100","3","1","4","03",0,1,"A",,,,,,1800,10,"C","C","A","RT 99","RIEGO RD",686,"S","N","2014-04-24",9285,"2013-10-07",1657,"14401",,"2","9","0","1",,"1","011","-","Y","SUT",3,99,"-","-",0.83,"H","-","N","Y",3,"A","-",22350,,"N","A","H","-","A","D","5","Y","A","01",0,0,1,0,0,0,0,0,0,"-","-","UNINCORPORATED","SUTTER","CA",-121.54023,38.74737
"6244047",-121.540215,38.7442156,2013,"5100","3","1","3","03",0,2,"A",,,,,,1800,10,"C","C","A","RT 99","RIEGO RD",2112,"S","N","2014-04-25",9285,"2013-10-07",1656,"17080",,"2","9","0","1",,"1","011","-","Y","SUT",3,99,"-","-",0.55,"H","-","N","Y",3,"A","-",22350,,"N","A","H","-","A","A","5","Y","A","01",0,1,1,0,0,0,0,0,0,"-","-","UNINCORPORATED","SUTTER","CA",-121.54022,38.74736
"6239782",-121.606839,39.1368948,2013,"5102","0","3","4","08",0,1,"A",,,,,,1500,10,"C","C","A","2ND ST","B ST",300,"N","N","2014-04-24",5102,"2013-10-02",1256,"4083","5102","5","4","0","0",,"0","004","-","N",,0,0,,,0,,,,"N",3,"A","-",22107,,"N","A","H","-","A","D","0","Y","A","01",0,0,1,0,0,0,0,0,0,"-","-","YUBA CITY","SUTTER","CA",0,0
"6235196",-121.6270313,39.1416117,2013,"5102","0","7","4","05",0,1,"A",,"Y",,,,1800,10,"D","G","A","RT 20","CLARK AV",250,"W","N","2014-04-18",5102,"2013-10-06",1704,"4056","SUTTE","5","4","0","0",,"0","004","-","Y","SUT",3,20,"-","-",16.01,"H","-","E","N",2,"A","-",21202,"A","N","A","H","-","A","D","0","Y","L","04",0,0,1,0,0,0,1,0,0,"-","-","YUBA CITY","SUTTER","CA",0,0
"6234036",-121.6557895,39.1127041,2013,"5100","5","2","2","01",0,1,"A","Y",,,,,900,9,"G","B","E","LINCOLN RD","SANBORN RD",50,"W","N","2014-04-29",9285,"2013-09-03",800,"014401",,"1","9","0","3",,"2","007","-","N",,0,0,,,0,,,,"Y",2,"A","-",23152,"A","N","A","H","-","A","A","0","Y","A","01",1,0,0,0,1,0,0,0,0,"-","-","UNINCORPORATED","SUTTER","CA",0,0
"6233571",-121.6219244,39.1415108,2013,"5102","0","5","3","00",0,2,"A",,,,,,1500,10,"B","C","A","RT 20","LIVE OAK BL",200,"W","N","2014-04-19",5102,"2013-10-04",1400,"4016","5102","5","4","0","0",,"0","001","-","Y","SUT",3,20,"-","-",16.29,"H","-","W","Y",2,"D","-",0,,"N","A","H","-","A","D","0","Y","-","-",0,1,1,0,0,0,0,0,0,"-","-","YUBA CITY","SUTTER","CA",0,0
"6233551",-121.6168394,39.1089335,2013,"5102","0","2","3","09",0,1,"A",,,"Y","Y",,1500,10,"D","C","A","GARDEN HWY","TEESDALE RD",505,"N","N","2014-04-22",5102,"2013-10-15",1254,"4079","5102","5","4","0","0",,"0","005","-","N",,0,0,,,0,,,,"Y",2,"A","-",21802,"A","N","A","H","-","A","D","0","Y","F","25",0,1,0,0,0,0,0,0,1,"-","-","YUBA CITY","SUTTER","CA",0,0
"6229178",-121.5408843,38.751062,2013,"5100","3","4","3","01",0,1,"A",,,,,"Y",2100,10,"E","I","A","RT 99","RIEGO RD",500,"N","N","2014-11-06",9285,"2013-10-03",2047,"18522",,"2","9","0","1",,"1","011","-","Y","SUT",3,99,"-","-",1.04,"H","-","S","Y",1,"A","-",23152,"A","N","A","D","-","D","D","5","Y","D","22",0,1,0,0,0,0,0,0,0,"-","-","UNINCORPORATED","SUTTER","CA",-121.54126,38.75175
"6223961",-121.6612932,39.2783153,2013,"5101","0","3","4","03",0,2,"A",,,,,,2100,8,"C","C","A","RT 99","JUNIPER ST",0,,"Y","2014-04-17",5100,"2013-08-28",1917,"2244","LOCA2","5","2","0","0",,"0","02A","-","Y","SUT",3,99,"-","-",40.4,"H","-","S","N",2,"A","-",22350,,"N","A","H","-","B","D","0","Y","I","11",0,0,2,0,0,0,0,0,0,"-","-","LIVE OAK","SUTTER","CA",0,0
"6221826",-121.6334542,39.0046181,2013,"5100","3","2","3","03",0,2,"A",,,,,,900,9,"C","C","A","RT 113","SAWTELLE AV",540,"W","N","2014-04-12",9285,"2013-09-10",850,"15976",,"1","9","0","1",,"1","031","-","Y","SUT",3,113,"-","-",16.37,"H","-","N","Y",2,"A","-",22350,,"N","A","H","-","A","D","0","Y","A","01",0,1,1,0,0,0,0,0,0,"-","-","UNINCORPORATED","SUTTER","CA",-121.54321,38.85649
"6221771",-121.6301221,39.1054051,2013,"5100","5","4","3","10",0,1,"A","Y",,,,,900,9,"G","B","B","TEESDALE RD","FRANQUETTE DR",6,"E","N","2014-04-11",9285,"2013-09-19",700,"014793",,"1","9","0","3",,"2","005","-","N",,0,0,,,0,,,,"N",2,"A","-",21950,"A","N","A","H","-","A","A","0","Y","A","01",0,1,0,0,1,0,0,0,0,"-","-","UNINCORPORATED","SUTTER","CA",-121.63001,37.10539
"6219442",-121.6457259,39.1417411,2013,"5102","0","1","4","09",0,1,"B",,,,,,1200,9,"D","C","A","RT 20","STABLER LN",451,"W","N","2014-04-10",5102,"2013-09-30",1026,"4079","5102","5","4","0","0",,"0","002","-","Y","SUT",3,20,"-","R",15,"H","-","W","Y",2,"A","-",21802,"A","N","A","H","-","A","D","0","Y","A","01",0,0,1,0,0,0,0,0,0,"-","-","YUBA CITY","SUTTER","CA",0,0
"6218717",-121.6211873,39.1414677,2013,"5102","0","1","4","10",0,1,"A","Y",,,,"Y",2100,9,"G","B","B","RT 20","LIVE OAK BL",0,,"Y","2014-04-24",5102,"2013-09-09",1831,"4049",,"5","4","0","0",,"0","003","-","Y","SUT",3,20,"-","-",16.33,"I","5","W","N",2,"A","-",21950,"A","F","A","H","-","C","A","0","Y","A","01",0,0,1,0,1,0,0,0,0,"-","-","YUBA CITY","SUTTER","CA",0,0
"6218713",-121.6624332,39.1413552,2013,"5102","0","5","4","09",0,2,"A",,,,,,900,9,"D","C","A","RT 20","EL MARGARITA RD",0,,"Y","2014-04-24",5102,"2013-09-13",819,"T9006",,"5","4","0","0",,"0","001","-","Y","SUT",3,20,"-","-",14.095,"I","5","E","Y",2,"A","-",21801,"A","N","A","H","-","A","A","0","Y","A","01",0,0,2,0,0,0,0,0,0,"-","-","YUBA CITY","SUTTER","CA",0,0
"6218388",-121.6605572,39.2731815,2013,"5101","0","5","4","03",0,1,"A",,,,,,1800,9,"C","C","A","RT 99","ELM ST",45,"S","N","2014-04-12",5100,"2013-09-13",1514,"2222","2A","5","2","0","0",,"0","02A","-","Y","SUT",3,99,"-","-",40.05,"H","-","N","N",3,"A","-",22350,,"N","A","H","-","A","A","0","Y","A","01",0,0,1,0,0,0,0,0,0,"-","-","LIVE OAK","SUTTER","CA",0,0
"6217324",-121.6192878,39.1268785,2013,"5102","0","2","4","08",0,1,"A",,,,,,1800,8,"D","C","A","JEWELL AV","CURRIER WY",250,"W","N","2014-04-05",5102,"2013-08-13",1730,"4067","5102","5","4","0","0",,"0","004","-","N",,0,0,,,0,,,,"Y",2,"A","-",22107,,"N","A","H","-","A","D","0","Y","A","01",0,0,1,0,0,0,0,0,0,"-","-","YUBA CITY","SUTTER","CA",0,0
"6217015",-121.6066617,39.129688,2013,"5102","0","4","3","09",0,1,"A",,,,,,1200,11,"D","C","A","GARDEN HWY","MONTEREY AV",18,"E","N","2014-03-27",5102,"2013-11-21",1047,"4083","5102","5","4","0","0",,"0","005","-","Y",,0,0,,,0,,,,"Y",2,"A","-",21801,"A","N","A","H","-","A","D","0","Y","J","48",0,1,0,0,0,0,0,0,0,"-","-","YUBA CITY","SUTTER","CA",0,0
"6216569",-121.6623533,39.1707051,2013,"5100","5","4","4","09",0,2,"A",,,,,,1800,9,"D","C","A","PEASE RD","TIERRA BUENA RD",0,,"Y","2014-04-14",9285,"2013-09-19",1752,"018340",,"2","9","0","3",,"2","007","-","N",,0,0,,,0,,,,"Y",2,"A","-",21802,"A","N","A","H","-","A","A","0","Y","A","01",0,0,2,0,0,0,0,0,0,"-","-","UNINCORPORATED","SUTTER","CA",-121.66229,39.17065
"6216113",-121.6208232,39.1436951,2013,"5102","0","3","4","21",0,1,"A",,,,,,1800,9,"C","C","A","AINSLEY AV","LIVE OAK BL",0,,"Y","2014-04-08",5102,"2013-09-11",1502,"4083","5102","5","4","0","0",,"0","003","-","N",,0,0,,,0,,,,"N",2,"A","-",22106,,"N","A","H","-","A","A","0","Y","-","-",0,0,1,0,0,0,0,0,0,"-","-","YUBA CITY","SUTTER","CA",0,0
"6216109",-121.6092636,39.1392841,2013,"5102","0","1","4","08",0,2,"A",,,,,,900,9,"D","C","A","SUTTER ST","AYLOR AV",150,"S","N","2014-04-08",5102,"2013-09-09",848,"4067","5102","5","4","0","0",,"0","004","-","N",,0,0,,,0,,,,"Y",2,"A","-",22102,,"N","A","H","-","A","A","0","Y","A","01",0,0,2,0,0,0,0,0,0,"-","-","YUBA CITY","SUTTER","CA",0,0
"6216105",-121.6221861,39.1595561,2013,"5102","0","4","3","03",0,1,"A",,,,,,1500,9,"E","I","A","LIVE OAK BL","NORTHGATE DR",90,"N","N","2014-04-08",5102,"2013-09-12",1310,"4029","5102","5","4","0","0",,"0","003","-","N",,0,0,,,0,,,,"Y",1,"A","-",22350,,"N","A","H","-","A","A","0","Y","-","-",0,1,0,0,0,0,0,0,0,"-","-","YUBA CITY","SUTTER","CA",0,0