"CASEID","POINT_X","POINT_Y","YEAR_","LOCATION","CHPTYPE","DAYWEEK","CRASHSEV","VIOLCAT","KILLED","INJURED","WEATHER1","PEDCOL","BICCOL","MCCOL","TRUCKCOL","ETOH","TIMECAT","MONTH_","CRASHTYP","INVOLVE","PED","PRIMARYRD","SECONDRD","DISTANCE","DIRECT","INTERSECT_","PROCDATE","JURIS","DATE_","TIME_","BADGE","JURIDIST","SHIFT","POP","SPECIAL","BEATTYPE","LAPDDIV","BEATCLAS","BEATNUMB","WEATHER2","STATEHW","CALTRANC","CALTRAND","STROUTE","ROUTESUF","POSTPRE","POSTMILE","LOCATYPE","RAMP","SIDEHW","TOWAWAY","PARTIES","PCF","VIOLCODE","VIOL","VIOLSUB","HITRUN","ROADSURF","RDCOND1","RDCOND2","LIGHTING","RIGHTWAY","CHPRDTYP","NOTPRIV","STFAULT","CHPFAULT","SEVINJ","OTHERINJ","COP","PEDKILL","PEDINJ","BICKILL","BICINJ","MCKILL","MCINJURE","RAMP1","RAMP2","CITY","COUNTY","STATE","X_CHP","Y_CHP"
"6216081",-121.6345304,39.1279288,2013,"5102","0","5","4","03",0,2,"A",,,,,,1200,9,"C","C","A","RT 99","FRANKLIN RD",100,"N","N","2014-04-08",5102,"2013-09-06",900,"4016","5102","5","4","0","0",,"0","001","-","Y","SUT",3,99,"-","-",29.69,"H","-","S","N",3,"A","-",22350,,"N","A","H","-","A","D","0","Y","A","01",0,0,2,0,0,0,0,0,0,"-","-","YUBA CITY","SUTTER","CA",0,0
"6214514",-121.5403059,38.749894,2013,"5100","3","6","4","12",0,1,"A",,,,"Y",,600,9,"D","C","A","RIEGO RD","RT 99",0,,"Y","2014-04-15",9285,"2013-09-14",333,"018340",,"3","9","0","1",,"1","011","-","Y","SUT",3,99,"-","-",0.95,"I","5","N","Y",2,"A","-",21453,"A","N","A","D","-","C","A","5","Y","A","01",0,0,1,0,0,0,0,0,0,"-","-","UNINCORPORATED","SUTTER","CA",-121.54035,38.75041
"6212722",-121.8959702,39.1992289,2013,"5100","5","7","3","08",0,1,"B",,,,,,600,8,"E","J","A","WEST BUTTE RD","PASS RD",5293,"N","N","2014-03-27",9285,"2013-08-25",521,"13174",,"3","9","0","3",,"2","007","-","N",,0,0,,,0,,,,"Y",1,"A","-",22107,,"N","A","H","-","D","D","0","Y","A","01",0,1,0,0,0,0,0,0,0,"-","-","UNINCORPORATED","SUTTER","CA",-121.89574,39.20001
"6212668",-121.6609066,39.2747405,2013,"5101","0","6","4","03",0,2,"A",,,,,,2100,8,"C","C","A","RT 99","PENNINGTON RD",497,"S","N","2014-07-22",5100,"2013-08-03",1834,"2091","LOCA3","5","2","0","0",,"0","02A","-","Y","SUT",3,99,"-","-",40.16,"H","-","N","Y",3,"A","-",22350,,"N","A","H","-","A","A","0","Y","A","01",0,0,2,0,0,0,0,0,0,"-","-","LIVE OAK","SUTTER","CA",0,0
"6212664",-121.6652716,39.2760302,2013,"5101","0","3","4","03",0,1,"A",,,,,,1800,8,"C","C","A","PENNINGTON RD","O ST",59,"W","N","2014-04-05",5100,"2013-08-14",1719,"5070","LOCA3","5","2","0","0",,"0","02A","-","N",,0,0,,,0,,,,,2,"A","-",22350,,"N","A","H","-","A","D","0","Y","A","07",0,0,1,0,0,0,0,0,0,"-","-","LIVE OAK","SUTTER","CA",0,0
"6211069",-121.6298209,39.1272446,2013,"5102","0","7","4","03",0,2,"A",,,,,,1800,9,"C","C","A","FRANKLIN RD","GRAY AV",5,"W","N","2014-04-11",5102,"2013-09-15",1623,"4016","5102","5","4","0","0",,"0","004","-","Y",,0,0,,,0,,,,"Y",2,"A","-",22350,,"N","A","H","-","A","A","0","Y","D","22",0,0,2,0,0,0,0,0,0,"-","-","YUBA CITY","SUTTER","CA",0,0
"6211068",-121.6305991,39.1417335,2013,"5102","0","1","4","03",0,2,"-",,,,,"Y",1500,9,"C","C","A","RT 20","GRAY AV",23,"E","N","2014-04-11",5102,"2013-09-16",1328,"4067","5102","5","4","0","0",,"0","003","-","Y","SUT",3,20,"-","-",15.82,"H","-","W","N",2,"A","-",22350,,"M","A","H","-","A","A","0","Y","D","22",0,0,2,0,0,0,0,0,0,"-","-","YUBA CITY","SUTTER","CA",0,0
"6210772",-121.6680633,39.276015,2013,"5101","0","5","3","10",0,2,"A","Y",,,,,900,9,"G","B","B","PENNINGTON RD","CONNECTICUT AV",0,,"Y","2014-04-12",5100,"2013-09-20",750,"2222","LOCA3","5","2","0","0",,"0","02A","-","N",,0,0,,,0,,,,"N",3,"A","-",21950,"A","N","A","H","-","A","A","0","Y","D","22",0,1,1,0,2,0,0,0,0,"-","-","LIVE OAK","SUTTER","CA",0,0
"6210643",-121.6346232,39.1416952,2013,"5102","0","2","4","21",0,1,"A",,,,,,900,9,"C","C","A","RT 20","RT 99",25,"W","N","2014-04-17",5102,"2013-09-03",839,"4079","5102","5","4","0","0",,"0","002","-","Y","SUT",3,20,"-","R",15.59,"H","-","E","N",2,"A","-",22106,,"N","A","H","-","A","D","0","Y","A","01",0,0,1,0,0,0,0,0,0,"-","-","YUBA CITY","SUTTER","CA",0,0
"6210642",0,0,2013,"5102","0","7","4","21",0,1,"A",,,,,,1800,9,"C","C","A","PEACH TREE LN","QUEENS AV",15,"N","N","2014-04-17",5102,"2013-09-01",1646,"4075","SUTTE","5","4","0","0",,"0","002","-","N",,0,0,,,0,,,,"N",2,"A","-",22106,,"N","A","H","-","A","D","0","Y","A","01",0,0,1,0,0,0,0,0,0,"-","-","YUBA CITY","SUTTER","CA",0,0
"6206100",-121.6515419,39.248103,2013,"5100","3","2","4","21",0,3,"A",,,,,,2100,9,"C","C","A","RT 99","MCDONALD AV",588,"N","N","2014-04-07",9285,"2013-09-10",1800,"017163",,"2","9","0","1",,"1","071","-","Y","SUT",3,99,"-","-",38.24,"H","-","N","Y",2,"A","-",22106,,"N","A","H","-","A","D","1","Y","A","01",0,0,3,0,0,0,0,0,0,"-","-","UNINCORPORATED","SUTTER","CA",-121.65174,39.24825
"6206096",-121.6719433,39.1247646,2013,"5100","5","6","4","03",0,2,"A",,,,,,1800,9,"C","C","A","GEORGE WASHINGTON BL","FRANKLIN RD",845,"S","N","2014-04-07",9285,"2013-09-07",1740,"014401",,"2","9","0","3",,"2","007","-","N",,0,0,,,0,,,,"Y",3,"A","-",22350,,"N","A","H","-","A","D","0","Y","A","07",0,0,2,0,0,0,0,0,0,"-","-","UNINCORPORATED","SUTTER","CA",-121.67183,39.12494
"6205759",-121.596561,38.9100446,2013,"5100","3","7","4","03",0,3,"A",,,,,,300,9,"C","D","A","RT 99","SACRAMENTO AV",3696,"S","N","2014-04-07",9285,"2013-09-08",21,"016968",,"3","9","0","1",,"1","010","-","Y","SUT",3,99,"-","-",12.98,"H","-","S","Y",3,"A","-",22350,,"N","A","D","-","D","D","0","Y","A","01",0,0,3,0,0,0,0,0,0,"-","-","UNINCORPORATED","SUTTER","CA",-121.59727,39.91046
"6205735",0,0,2013,"5100","5","1","4","03",0,1,"A",,,,"Y",,2100,9,"F","A","A","TISDALE RD","RECLAMATION RD",307,"E","N","2014-04-07",9285,"2013-09-16",2015,"17163",,"2","9","0","3",,"2","003","-","N",,0,0,,,0,,,,"Y",1,"A","-",22350,,"N","A","H","-","D","A","0","Y","G","26",0,0,1,0,0,0,0,0,0,"-","-","UNINCORPORATED","SUTTER","CA",-121.78185,39.02368
"6205328",-121.7012425,39.1637647,2013,"5100","5","4","4","08",0,3,"A",,,,,,2400,7,"E","I","A","BUTTE HOUSE RD","HOWLETT AV",2006,"W","N","2014-03-17",9285,"2013-07-25",2205,"017163",,"3","9","0","3",,"2","007","-","N",,0,0,,,0,,,,"Y",1,"A","-",22107,,"N","A","H","-","D","D","0","Y","A","01",0,0,3,0,0,0,0,0,0,"-","-","UNINCORPORATED","SUTTER","CA",-121.70128,39.16395
"6205324",-121.5958032,38.7467982,2013,"5100","5","7","3","08",0,1,"A",,,"Y",,,1500,7,"C","C","A","GARDEN HWY","RIEGO RD",1056,"S","N","2014-03-17",9285,"2013-07-28",1355,"014878",,"1","9","0","3",,"2","001","-","N",,0,0,,,0,,,,"Y",2,"A","-",22107,,"N","A","H","-","A","D","0","Y","A","01",0,1,0,0,0,0,0,0,1,"-","-","UNINCORPORATED","SUTTER","CA",-121.5973,38.74455
"6205276",-121.5169246,38.9615515,2013,"5100","5","5","3","01",0,1,"A",,,,,"Y",1200,9,"F","I","A","RIO OSO RD","SWANSON RD",154,"W","N","2014-04-14",9285,"2013-09-27",1110,"014878",,"1","9","0","3",,"2","001","-","N",,0,0,,,0,,,,"Y",1,"A","-",23152,"A","N","A","H","-","A","D","0","Y","D","22",0,1,0,0,0,0,0,0,0,"-","-","UNINCORPORATED","SUTTER","CA",-121.51604,38.96157
"6201958",-121.5406779,38.7499444,2013,"5100","3","5","4","03",0,1,"A",,,,,,1800,8,"C","C","A","RT 99","RIEGO RD",20,"N","N","2014-03-27",9285,"2013-08-30",1515,"019168",,"2","9","0","1",,"1","011","-","Y","SUT",3,99,"-","-",0.96,"H","-","S","Y",2,"A","-",22350,,"N","A","H","-","A","A","5","Y","A","07",0,0,1,0,0,0,0,0,0,"-","-","UNINCORPORATED","SUTTER","CA",-121.54076,38.75007
"6201954",-121.6623533,39.1707051,2013,"5100","5","4","3","09",0,1,"A",,,,"Y",,900,9,"D","C","A","TIERRA BUENA RD","PEASE RD",0,,"Y","2014-04-07",9285,"2013-09-05",715,"14793",,"1","9","0","3",,"2","007","-","N",,0,0,,,0,,,,"Y",2,"A","-",21802,"A","N","A","H","-","A","A","0","Y","D","22",0,1,0,0,0,0,0,0,0,"-","-","UNINCORPORATED","SUTTER","CA",-121.66228,39.17031
"6201942",-121.8944874,39.1002572,2013,"5100","5","7","3","08",0,1,"B",,,,,,600,9,"E","I","A","MERIDIAN RD","DREXLER RD",1335,"W","N","2014-04-07",9285,"2013-09-01",530,"014793",,"3","9","0","3",,"2","007","-","N",,0,0,,,0,,,,"Y",1,"A","-",22107,,"N","A","H","-","D","D","0","Y","D","22",0,1,0,0,0,0,0,0,0,"-","-","UNINCORPORATED","SUTTER","CA",-121.89459,39.10007
"6201250",-121.6607811,39.2741734,2013,"5101","0","6","4","03",0,2,"A",,,,,,900,7,"C","C","A","RT 99","ELM ST",300,"N","N","2014-04-02",5100,"2013-07-06",809,"2081","5101","5","2","0","0",,"0","001","-","Y","SUT",3,99,"-","-",40.12,"H","-","N","N",2,"A","-",22350,,"N","A","H","-","A","D","0","Y","D","22",0,0,2,0,0,0,0,0,0,"-","-","LIVE OAK","SUTTER","CA",0,0
"6198602",0,0,2013,"5102","0","2","4","17",0,1,"A",,,,,,1500,9,"C","C","A","5TH ST BRIDGE","BRIDGE ST",250,"W","N","2014-04-17",5102,"2013-09-03",1451,"4083","5102","5","4","0","0",,"0","004","-","N",,0,0,,,0,,,,"N",3,"A","-",23114,,"N","A","B","-","A","D","0","Y","-","-",0,0,1,0,0,0,0,0,0,"-","-","YUBA CITY","SUTTER","CA",0,0
"6198598",-121.6096666,39.1282349,2013,"5102","0","3","4","11",0,1,"A","Y",,,,,1800,9,"B","C","D","WOODBRIDGE AV","DEL MONTE AV",100,"N","N","2014-04-03",5102,"2013-09-04",1651,"4069","5102","5","4","0","0",,"0","005","-","N",,0,0,,,0,,,,"N",2,"A","-",21954,"A","N","A","H","-","A","D","0","Y","N","60",0,0,1,0,1,0,0,0,0,"-","-","YUBA CITY","SUTTER","CA",0,0
"6198594",-121.6442858,39.1272514,2013,"5102","0","4","4","08",0,1,"A",,,,,,2100,9,"C","C","A","FRANKLIN RD","WALTON AV",100,"W","N","2014-04-03",5102,"2013-09-05",1844,"4016","5102","5","4","0","0",,"0","002","-","N",,0,0,,,0,,,,"N",2,"A","-",22107,,"N","A","H","-","A","D","0","Y","A","01",0,0,1,0,0,0,0,0,0,"-","-","YUBA CITY","SUTTER","CA",0,0
"6198590",-121.6298333,39.1309177,2013,"5102","0","1","4","05",0,1,"A",,"Y",,,,900,9,"D","G","A","GRAY AV","WHYLER RD",10,"S","N","2014-04-03",5102,"2013-09-09",734,"4067","5102","5","4","0","0",,"0","004","-","N",,0,0,,,0,,,,"N",2,"A","-",21650,"1","N","A","H","-","A","A","0","Y","L","04",0,0,1,0,0,0,1,0,0,"-","-","YUBA CITY","SUTTER","CA",0,0
"6198247",0,0,2013,"5102","0","5","3","09",0,1,"A",,,,,,2100,8,"G","J","A","ATWOOD DR","MILES AV",250,"S","N","2014-03-26",5102,"2013-08-30",1835,"4052",,"5","4","0","0",,"0",,"-","N",,0,0,,,0,,,,"N",2,"A","-",21804,"A","N","A","H","-","A","D","0","Y","-","-",0,1,0,0,0,0,0,0,0,"-","-","YUBA CITY","SUTTER","CA",0,0
"6198243",-121.6302243,39.1440724,2013,"5102","0","2","4","06",0,2,"A",,,,,,1500,8,"B","C","A","GRAY AV","AINSLEY AV",50,"N","N","2014-03-26",5102,"2013-08-27",1234,"4058","5102","5","4","0","0",,"0","003","-","N",,0,0,,,0,,,,"N",2,"A","-",21750,,"N","A","H","-","A","A","0","Y","A","01",0,0,2,0,0,0,0,0,0,"-","-","YUBA CITY","SUTTER","CA",0,0
"6198159",-121.6345356,39.1248641,2013,"5102","0","4","4","03",0,1,"A",,,,,,900,8,"C","C","A","RT 99","FRANKLIN AV",850,"S","N","2014-03-26",5102,"2013-08-22",748,"4079","5102","5","4","0","0",,"0","004","-","Y","SUT",3,99,"-","-",29.51,"H","-","N","Y",4,"A","-",22350,,"N","A","H","-","A","D","0","Y","A","01",0,0,1,0,0,0,0,0,0,"-","-","YUBA CITY","SUTTER","CA",0,0
"6198155",-121.6260625,39.1563046,2013,"5102","0","5","2","11",0,1,"A","Y",,,,,600,8,"G","B","D","CLARK AV","CASSIDY AV",175,"S","N","2014-03-26",5102,"2013-08-30",306,"4061","5102","5","4","0","0",,"0","003","-","N",,0,0,,,0,,,,"Y",2,"A","-",21954,"A","N","A","H","-","C","D","0","Y","N","60",1,0,0,0,1,0,0,0,0,"-","-","YUBA CITY","SUTTER","CA",0,0
"6198088",-121.6189532,39.135495,2013,"5102","0","2","4","12",0,1,"A",,,"Y",,,1800,9,"D","C","A","REEVES AV","ALMOND ST",0,,"Y","2014-04-03",5102,"2013-09-03",1730,"4022","5102","5","4","0","0",,"0","004","-","N",,0,0,,,0,,,,"N",2,"A","-",22450,"A","F","A","H","-","A","A","0","Y","D","22",0,0,1,0,0,0,0,0,1,"-","-","YUBA CITY","SUTTER","CA",0,0
"6197979",-121.5444183,38.8462515,2013,"5100","3","2","2","05",0,1,"A",,,,,,1500,8,"E","I","A","RT 70","STRIPLIN RD",4382,"S","N","2014-04-02",9285,"2013-08-27",1342,"014401",,"1","9","0","1",,"1","010","-","Y","SUT",3,70,"-","-",0.17,"H","-","W","Y",1,"A","-",21650,,"N","A","H","-","A","D","0","Y","D","22",1,0,0,0,0,0,0,0,0,"-","-","UNINCORPORATED","SUTTER","CA",-121.54389,38.85486
"6184557",-121.6171793,39.1004367,2013,"5102","0","1","3","10",0,1,"A","Y",,,,,900,8,"G","B","D","BOGUE RD","MAGNOLIA DR",8,"W","N","2014-03-26",5102,"2013-08-05",640,"4067","5102","5","4","0","0",,"0","005","-","N",,0,0,,,0,,,,"N",2,"A","-",21954,"B","N","A","H","-","A","A","0","Y","A","01",0,1,0,0,1,0,0,0,0,"-","-","YUBA CITY","SUTTER","CA",0,0
"6184542",-121.8286289,39.1021877,2013,"5100","5","1","3","08",0,1,"A",,,,,,1800,8,"E","I","A","GARMIRE RD","MC CLATCHY RD",427,"N","N","2014-03-26",9285,"2013-08-12",1535,"17534",,"2","9","0","3",,"2","005","-","N",,0,0,,,0,,,,"Y",1,"A","-",22107,,"N","A","-","-","A","D","0","Y","A","01",0,1,0,0,0,0,0,0,0,"-","-","UNINCORPORATED","SUTTER","CA",-121.82863,39.10177
"6184538",-121.6725746,39.0252619,2013,"5100","5","6","2","01",0,2,"A",,,,,"Y",300,8,"E","I","A","OBANION RD","GEORGE WASHINGTON BL",185,"W","N","2014-03-26",9285,"2013-08-10",215,"18475",,"3","9","0","3",,"2","005","-","N",,0,0,,,0,,,,"Y",1,"A","-",23152,"A","N","A","H","-","D","A","0","Y","A","01",1,1,0,0,0,0,0,0,0,"-","-","UNINCORPORATED","SUTTER","CA",-121.67275,39.02538
"6184486",0,0,2013,"5102","0","6","3","14",0,1,"A",,"Y",,,"Y",2400,8,"E","I","A","LEVEE ACCESS RD","SUMNER ST",100,"N","N","2014-03-27",5102,"2013-08-24",2227,"4081","5102","5","4","0","0",,"0","003","-","N",,0,0,,,0,,,,"N",1,"A","-",21201,"D","N","A","H","-","D","D","0","Y","L","04",0,1,0,0,0,0,1,0,0,"-","-","YUBA CITY","SUTTER","CA",0,0
"6184482",-121.6300958,39.1384958,2013,"5102","0","3","4","09",0,1,"A","Y",,,,,1200,8,"D","B","F","GRAY AV","FORBES AV",168,"N","N","2014-03-26",5102,"2013-08-21",914,"4019","5102","5","4","0","0",,"0","003","-","N",,0,0,,,0,,,,"N",2,"A","-",21804,"A","N","A","H","-","A","D","0","Y","A","01",0,0,1,0,1,0,0,0,0,"-","-","YUBA CITY","SUTTER","CA",0,0
"6184338",-121.6346239,39.1127779,2013,"5102","3","5","4","12",0,2,"A",,,,,,2400,8,"C","C","A","RT 99","LINCOLN RD",0,,"Y","2014-03-19",9285,"2013-08-16",2300,"018475",,"3","4","0","1",,"1","051","-","Y","SUT",3,99,"-","-",28.67,"I","5","N","Y",2,"A","-",21453,"A","N","A","H","-","C","A","0","Y","D","22",0,0,2,0,0,0,0,0,0,"-","-","YUBA CITY","SUTTER","CA",-121.6353,39.11281
"6180286",-121.6194875,39.1409277,2013,"5102","0","6","4","05",0,1,"A",,,,,"Y",600,7,"E","I","A","RT 20","ALMOND DR",80,"W","N","2014-03-28",5102,"2013-07-27",502,"4061","5102","5","4","0","0",,"0","004","-","Y","SUT",3,20,"-","-",16.43,"H","-","W","Y",1,"A","-",21650,,"F","A","H","-","C","D","0","Y","A","01",0,0,1,0,0,0,0,0,0,"-","-","YUBA CITY","SUTTER","CA",0,0
"6180282",-121.6302151,39.1466781,2013,"5102","0","5","4","05",0,1,"A",,"Y",,,,1800,7,"G","G","A","GRAY AV","BUTTE HOUSE RD",500,"N","N","2014-03-28",5102,"2013-07-12",1614,"4078","5102","5","4","0","0",,"0","003","-","N",,0,0,,,0,,,,"N",2,"A","-",21650,"1","N","A","H","-","A","D","0","Y","L","04",0,0,1,0,0,0,1,0,0,"-","-","YUBA CITY","SUTTER","CA",0,0
"6177903",-121.6357879,39.1417118,2013,"5102","0","1","4","06",0,1,"A",,,,,,1200,8,"D","C","A","RT 20","RT 99",373,"W","N","2014-03-29",5102,"2013-08-12",1143,"4079",,"5","4","0","0",,"0",,"-","Y","SUT",3,20,"-","R",15.53,"H","-","E","N",2,"A","-",21755,,"N","A","H","-","A","D","0","Y","A","01",0,0,1,0,0,0,0,0,0,"-","-","YUBA CITY","SUTTER","CA",0,0
"6177899",-121.6345432,39.1399715,2013,"5102","0","5","4","04",0,1,"A",,,,,,1500,8,"C","C","A","RT 99","RT 20",375,"S","N","2014-03-29",5102,"2013-08-02",1325,"481","5102","5","4","0","0",,"0","004","-","Y","SUT",3,99,"-","-",30.56,"H","-","N","Y",2,"A","-",21703,,"N","A","H","-","A","A","0","Y","A","01",0,0,1,0,0,0,0,0,0,"-","-","YUBA CITY","SUTTER","CA",0,0
"6177895",-121.6440032,39.1480651,2013,"5102","0","4","3","12",0,1,"A",,,,,,1800,8,"D","C","A","BUTTE HOUSE RD","STABLER LN",0,,"Y","2014-03-29",5102,"2013-08-08",1505,"4083","5102","5","4","0","0",,"0","002","-","N",,0,0,,,0,,,,"Y",2,"A","-",21453,"A","N","A","H","-","A","A","0","Y","A","01",0,1,0,0,0,0,0,0,0,"-","-","YUBA CITY","SUTTER","CA",0,0
"6177891",-121.6278277,39.1417542,2013,"5102","0","1","4","03",0,4,"A",,,,,,1500,8,"C","C","A","RT 20","STAFFORD WY",175,"E","N","2014-03-29",5102,"2013-08-05",1419,"4083","5102","5","4","0","0",,"0",,"-","Y","SUT",3,20,"-","-",15.97,"H","-","W","N",4,"A","-",22350,,"N","A","H","-","A","D","0","Y","A","08",0,0,4,0,0,0,0,0,0,"-","-","YUBA CITY","SUTTER","CA",0,0
"6177887",-121.6298932,39.1323251,2013,"5102","0","7","3","12",0,1,"A",,"Y",,,,2100,8,"D","G","A","BRIDGE ST","GRAY AV",0,,"Y","2014-03-29",5102,"2013-08-18",1945,"4058",,"5","4","0","0",,"0",,"-","N",,0,0,,,0,,,,"N",2,"A","-",21453,"A","N","A","H","-","A","A","0","Y","L","04",0,1,0,0,0,0,1,0,0,"-","-","YUBA CITY","SUTTER","CA",0,0
"6177883",-121.6301431,39.1597151,2013,"5102","0","1","4","12",0,1,"A",,,,,"Y",2400,8,"D","C","A","NORTHGATE DR","GRAY AV",0,,"Y","2014-03-29",5102,"2013-08-12",2130,"4049","5102","5","4","0","0",,"0","003","-","N",,0,0,,,0,,,,"N",2,"A","-",22450,"A","N","A","H","-","C","D","0","Y","A","01",0,0,1,0,0,0,0,0,0,"-","-","YUBA CITY","SUTTER","CA",0,0
"6171332",-121.6668642,39.1544622,2013,"5102","0","2","3","18",0,1,"A",,,,,,2100,8,"H","A","A","BUTTE HOUSE RD","HOOPER RD",90,"E","N","2014-03-28",5102,"2013-08-13",1852,"4034","5102","5","4","0","0",,"0","001","-","N",,0,0,,,0,,,,"N",1,"C","-",0,,"N","A","H","-","A","A","0","Y","-","-",0,1,0,0,0,0,0,0,0,"-","-","YUBA CITY","SUTTER","CA",0,0
"6171324",-121.6301832,39.1397351,2013,"5102","0","5","3","04",0,3,"A",,,,,,1200,8,"C","C","A","GRAY AV","LOUISE AV",0,,"Y","2014-04-09",5102,"2013-08-02",1016,"4027","SUTTE","5","4","0","0",,"0","004","-","N",,0,0,,,0,,,,"Y",2,"A","-",21703,,"N","A","H","-","A","A","0","Y","A","01",0,1,2,0,0,0,0,0,0,"-","-","YUBA CITY","SUTTER","CA",0,0
"6171308",-121.6221132,39.1189651,2013,"5102","0","5","4","05",0,1,"A",,"Y",,,,900,8,"B","G","A","WINSHIP RD","WINDSOR DR",0,,"Y","2014-03-27",5102,"2013-08-09",802,"4049","5102","5","4","0","0",,"0","005","-","N",,0,0,,,0,,,,"N",2,"A","-",21650,"1","N","A","H","-","A","D","0","Y","L","04",0,0,1,0,0,0,1,0,0,"-","-","YUBA CITY","SUTTER","CA",0,0
"6169314",-121.6277726,39.1322673,2013,"5102","0","4","4","03",0,1,"A",,,,,,1500,7,"C","C","A","BRIDGE ST","FIPPINS AV",40,"E","N","2014-03-21",5102,"2013-07-25",1357,"4079","5102","5","4","0","0",,"0","003","-","N",,0,0,,,0,,,,"N",3,"A","-",22350,,"N","A","H","-","A","D","0","Y","D","22",0,0,1,0,0,0,0,0,0,"-","-","YUBA CITY","SUTTER","CA",0,0
"6164187",-121.6067929,38.958016,2013,"5100","3","6","4","08",0,1,"A",,,,,,1200,8,"E","I","A","RT 99","WILSON RD",6336,"S","N","2014-04-01",9285,"2013-08-03",1015,"014825",,"1","9","0","1",,"1","011","-","Y","SUT",3,99,"-","-",16.58,"H","-","S","Y",1,"A","-",22107,,"N","A","H","-","A","D","0","Y","A","01",0,0,1,0,0,0,0,0,0,"-","-","UNINCORPORATED","SUTTER","CA",-121.60663,38.95802
"6164034",-121.6161932,39.141895,2013,"5102","0","4","3","09",0,2,"A",,,,,,1800,7,"D","C","A","SHASTA ST","ALTURAS ST",0,,"Y","2014-03-20",5102,"2013-07-18",1751,"4078","5102","5","4","0","0",,"0","003","-","N",,0,0,,,0,,,,"Y",2,"A","-",21802,"A","N","A","H","-","A","A","0","Y","A","01",0,1,1,0,0,0,0,0,0,"-","-","YUBA CITY","SUTTER","CA",0,0
"6163708",-121.6623533,39.1707051,2013,"5100","5","3","4","09",0,2,"A",,,,,,1800,8,"D","C","A","TIERRA BUENA RD","PEASE RD",0,,"Y","2014-03-27",9285,"2013-08-07",1740,"14793",,"2","9","0","3",,"2","007","-","N",,0,0,,,0,,,,"Y",2,"A","-",21802,"A","N","A","H","-","A","A","0","Y","D","22",0,0,2,0,0,0,0,0,0,"-","-","UNINCORPORATED","SUTTER","CA",-121.66228,39.17031
"6158238",-121.6174031,39.0258651,2013,"5100","4","6","3","09",0,1,"A",,,,,,1500,7,"D","C","A","GARDEN HWY","OBANION RD",0,,"Y","2014-03-19",9285,"2013-07-27",1328,"13174",,"1","9","0","2",,"2","052","-","N",,0,0,,,0,,,,"Y",2,"A","-",21801,"A","N","A","H","-","A","D","0","Y","A","01",0,1,0,0,0,0,0,0,0,"-","-","UNINCORPORATED","SUTTER","CA",-121.61729,39.02588
"6158226",0,0,2013,"5102","4","6","3","01",0,1,"A","Y",,,,"Y",2100,7,"G","B","B","MCGOWAN PKWY","POWERLINE RD",5,"W","N","2014-03-19",9285,"2013-07-27",2029,"14480",,"2","4","0","2",,"1","022","-","N",,0,0,,,0,,,,"N",2,"A","-",23152,"A","N","A","H","-","A","D","0","Y","D","22",0,1,0,0,1,0,0,0,0,"-","-","YUBA CITY","SUTTER","CA",-121.54292,39.07722
"6158222",-121.6719685,39.0581301,2013,"5100","4","3","3","08",0,1,"A",,,,"Y",,600,7,"C","C","A","GEORGE WASHINGTON BL","BEST RD",1320,"N","N","2014-03-21",9285,"2013-07-24",550,"13966",,"3","9","0","2",,"2","052","-","N",,0,0,,,0,,,,"Y",2,"A","-",22107,,"N","A","H","-","A","D","0","Y","G","26",0,1,0,0,0,0,0,0,0,"-","-","UNINCORPORATED","SUTTER","CA",-121.6721,39.058
"6158173",-121.6319232,39.0983251,2013,"5100","5","6","3","03",0,1,"A",,,,,,900,7,"C","C","A","BOGUE RD","PHILLIPS RD",0,,"Y","2014-03-19",9285,"2013-07-20",725,"18475",,"1","9","0","3",,"2","005","-","N",,0,0,,,0,,,,"N",2,"A","-",22350,,"N","A","H","-","A","A","0","Y","E","22",0,1,0,0,0,0,0,0,0,"-","-","UNINCORPORATED","SUTTER","CA",-121.63182,39.09842
"6158161",-121.6052653,38.9725727,2013,"5100","3","7","3","08",0,2,"A",,,,,,2100,7,"D","C","A","WILSON RD","RT 99",35,"E","N","2014-03-21",9285,"2013-07-21",2000,"17534",,"2","9","0","1",,"1","011","-","Y","SUT",3,99,"-","R",17.489,"I","6","N","Y",2,"A","-",22107,,"N","A","H","-","B","A","0","Y","A","01",0,1,1,0,0,0,0,0,0,"-","-","UNINCORPORATED","SUTTER","CA",-121.60967,38.97509
"6157885",-121.7771679,39.1863472,2013,"5100","5","6","2","03",0,2,"A",,,"Y",,,1200,7,"F","A","A","PASS RD","KELLOGG RD",1478,"E","N","2014-03-17",9285,"2013-07-13",920,"015491",,"1","9","0","3",,"2","007","-","N",,0,0,,,0,,,,"Y",1,"A","-",22350,,"N","A","H","-","A","D","0","Y","C","02",1,1,0,0,0,0,0,0,2,"-","-","UNINCORPORATED","SUTTER","CA",-121.77696,39.1864