"CASEID","POINT_X","POINT_Y","YEAR_","LOCATION","CHPTYPE","DAYWEEK","CRASHSEV","VIOLCAT","KILLED","INJURED","WEATHER1","PEDCOL","BICCOL","MCCOL","TRUCKCOL","ETOH","TIMECAT","MONTH_","CRASHTYP","INVOLVE","PED","PRIMARYRD","SECONDRD","DISTANCE","DIRECT","INTERSECT_","PROCDATE","JURIS","DATE_","TIME_","BADGE","JURIDIST","SHIFT","POP","SPECIAL","BEATTYPE","LAPDDIV","BEATCLAS","BEATNUMB","WEATHER2","STATEHW","CALTRANC","CALTRAND","STROUTE","ROUTESUF","POSTPRE","POSTMILE","LOCATYPE","RAMP","SIDEHW","TOWAWAY","PARTIES","PCF","VIOLCODE","VIOL","VIOLSUB","HITRUN","ROADSURF","RDCOND1","RDCOND2","LIGHTING","RIGHTWAY","CHPRDTYP","NOTPRIV","STFAULT","CHPFAULT","SEVINJ","OTHERINJ","COP","PEDKILL","PEDINJ","BICKILL","BICINJ","MCKILL","MCINJURE","RAMP1","RAMP2","CITY","COUNTY","STATE","X_CHP","Y_CHP"
"6157877",-121.6876933,39.284545,2013,"5100","5","7","3","08",0,1,"A",,,,,,1800,7,"E","I","A","TOWNSHIP RD","WITT RD",1056,"N","N","2014-03-17",9285,"2013-07-14",1553,"015491",,"2","9","0","3",,"2","007","-","N",,0,0,,,0,,,,"Y",1,"A","-",22107,,"N","A","H","-","A","D","0","Y","A","01",0,1,0,0,0,0,0,0,0,"-","-","UNINCORPORATED","SUTTER","CA",-121.68759,39.28529
"6157873",-121.6401324,39.2133485,2013,"5100","3","1","4","03",0,3,"A",,,,,,1800,7,"C","C","A","RT 99","LIVE OAK BL",1584,"S","N","2014-03-17",9285,"2013-07-15",1500,"13174",,"2","9","0","1",,"1","071","-","Y","SUT",3,99,"-","T",35.6,"H","-","N","Y",2,"A","-",22350,,"N","A","H","-","A","D","1","Y","A","01",0,0,3,0,0,0,0,0,0,"-","-","UNINCORPORATED","SUTTER","CA",-121.64054,39.21357
"6157596",-121.5402885,38.7497524,2013,"5100","3","5","4","03",0,1,"A",,,,,,600,7,"C","C","A","RT 99","RIEGO RD",0,,"Y","2014-03-17",9285,"2013-07-19",535,"18475",,"3","9","0","1",,"1","011","-","Y","SUT",3,99,"-","-",0.94,"H","-","N","N",2,"A","-",22350,,"N","A","H","-","A","A","5","Y","D","22",0,0,1,0,0,0,0,0,0,"-","-","UNINCORPORATED","SUTTER","CA",-121.54057,38.74957
"6157539",-121.5889186,38.9033636,2013,"5100","3","5","3","03",0,2,"A",,,,,,1200,7,"A","C","A","RT 99","NICOLAUS AV",3168,"N","N","2014-03-17",9285,"2013-07-12",1130,"18632",,"1","9","0","1",,"1","011","-","Y","SUT",3,99,"-","-",12.35,"H","-","S","Y",4,"A","-",22350,,"N","A","D","-","A","D","0","Y","E","22",0,1,1,0,0,0,0,0,0,"-","-","UNINCORPORATED","SUTTER","CA",-121.59201,38.90639
"6157531",-121.6344172,39.0978113,2013,"5100","3","1","3","01",0,1,"A",,,,"Y","Y",1800,7,"C","A","A","RT 99","BOGUE RD",125,"S","N","2014-03-17",9285,"2013-07-15",1610,"15491",,"2","9","0","1",,"1","011","-","Y","SUT",3,99,"-","-",27.63,"H","-","N","Y",2,"A","-",23152,"A","N","A","H","-","A","D","0","Y","A","01",0,1,0,0,0,0,0,0,0,"-","-","UNINCORPORATED","SUTTER","CA",-121.6344,39.09799
"6154527",-121.6164932,39.1194251,2013,"5102","0","4","4","01",0,1,"A",,,,,,1800,7,"B","C","A","GARDEN HWY","WINSHIP RD",0,,"Y","2014-03-22",5102,"2013-07-25",1602,"448","5102","5","4","0","0",,"0","005","-","N",,0,0,,,0,,,,"Y",2,"A","-",23152,"A","N","A","H","-","A","D","0","Y","-","-",0,0,1,0,0,0,0,0,0,"-","-","YUBA CITY","SUTTER","CA",0,0
"6154526",-121.6335432,39.1708951,2013,"5102","0","3","3","09",0,2,"A",,,,,,900,7,"D","C","A","PEASE RD","EAST ONSTOTT RD",0,,"Y","2014-03-17",5102,"2013-07-10",720,"T9004","5102","5","4","0","0",,"0","005","-","N",,0,0,,,0,,,,"Y",2,"A","-",21802,"A","N","A","H","-","A","A","0","Y","D","22",0,1,1,0,0,0,0,0,0,"-","-","YUBA CITY","SUTTER","CA",0,0
"6153283",-121.5401824,38.7486192,2013,"5100","3","1","4","03",0,1,"A",,,,,,1800,7,"C","C","A","RT 99","RIEGO RD",500,"S","N","2014-03-13",9285,"2013-07-15",1735,"017118",,"2","9","0","1",,"1","011","-","Y","SUT",3,99,"-","-",0.86,"H","-","N","N",3,"A","-",22350,,"N","A","H","-","A","D","5","Y","A","07",0,0,1,0,0,0,0,0,0,"-","-","UNINCORPORATED","SUTTER","CA",-121.54011,38.74704
"6153088",-121.6233432,39.132545,2013,"5102","0","5","4","03",0,1,"A",,,,,,1500,8,"C","C","A","BRIDGE ST","COOPER AV",0,,"Y","2014-03-24",5102,"2013-08-02",1230,"4029","5102","5","4","0","0",,"0","004","-","N",,0,0,,,0,,,,"N",2,"A","-",22350,,"N","A","H","-","A","A","0","Y","-","-",0,0,1,0,0,0,0,0,0,"-","-","YUBA CITY","SUTTER","CA",0,0
"6153084",-121.6367225,39.1525441,2013,"5102","0","1","3","03",0,1,"A",,,"Y",,,300,8,"H","I","A","ONSTOTT FR RD","PEACH TREE LN",90,"N","N","2014-03-24",5102,"2013-08-12",14,"4034","5102","5","4","0","0",,"0","002","-","N",,0,0,,,0,,,,"Y",1,"A","-",22350,,"N","A","H","-","C","D","0","Y","C","02",0,1,0,0,0,0,0,0,1,"-","-","YUBA CITY","SUTTER","CA",0,0
"6153080",-121.6367932,39.132365,2013,"5102","0","3","4","09",0,2,"A",,,,,"Y",2100,8,"A","C","A","BRIDGE ST","OJI WY",0,,"Y","2014-03-24",5102,"2013-08-07",1855,"4087","5102","5","4","0","0",,"0","002","-","Y",,0,0,,,0,,,,"Y",2,"A","-",21801,"A","N","A","H","-","A","D","0","Y","A","01",0,0,2,0,0,0,0,0,0,"-","-","YUBA CITY","SUTTER","CA",0,0
"6153076",-121.6161332,39.1410052,2013,"5102","0","5","4","03",0,1,"-",,,,,,1200,8,"C","C","A","SHASTA ST","RT 20",20,"S","N","2014-03-24",5102,"2013-08-09",1109,"4029","5102","5","4","0","0",,"0","004","-","Y","SUT",3,20,"-","-",16.619,"I","6","E","N",2,"A","-",22350,,"N","A","H","-","A","A","0","Y","-","-",0,0,1,0,0,0,0,0,0,"-","-","YUBA CITY","SUTTER","CA",0,0
"6153048",-121.6485241,39.1432996,2013,"5102","0","6","4","03",0,2,"A",,,,,,2100,8,"C","C","A","THARP RD","RT 20",650,"N","N","2014-03-25",5102,"2013-08-03",1853,"4078","5102","5","4","0","0",,"0","003","-","N",,0,0,,,0,,,,"Y",2,"A","-",22350,,"N","A","H","-","A","D","0","Y","A","07",0,0,2,0,0,0,0,0,0,"-","-","YUBA CITY","SUTTER","CA",0,0
"6150411",-121.6342331,39.1516551,2013,"5102","0","3","4","17",0,1,"A",,,,,,1200,7,"B","C","A","QUEENS AV","ONSTOTT FR RD",0,,"Y","2014-03-27",5102,"2013-07-24",1128,"4083","5102","5","4","0","0",,"0","003","-","N",,0,0,,,0,,,,"Y",2,"A","-",21461,"A","N","A","H","-","A","A","0","Y","A","01",0,0,1,0,0,0,0,0,0,"-","-","YUBA CITY","SUTTER","CA",0,0
"6150407",0,0,2013,"5102","0","6","4","12",0,2,"A",,,,,,2100,7,"D","C","A","BUTTE HOUSE RD","YUBA PLAZA DR",0,,"Y","2014-03-18",5102,"2013-07-13",1813,"4085","5102","5","4","0","0",,"0","003","-","N",,0,0,,,0,,,,,2,"A","-",21453,"A","N","A","H","-","B","A","0","Y","A","01",0,0,2,0,0,0,0,0,0,"-","-","YUBA CITY","SUTTER","CA",0,0
"6149371",-121.6307295,39.1416241,2013,"5102","0","2","4","05",0,1,"A",,"Y",,,,900,7,"D","G","A","GRAY AV","RT 20",205,"S","N","2014-03-13",5102,"2013-07-16",745,"4079","5102","5","4","0","0",,"0","003","-","Y","SUT",3,20,"-","-",15.81,"I","6","E","N",2,"A","-",21650,"1","F","A","H","-","A","D","0","Y","L","04",0,0,1,0,0,0,1,0,0,"-","-","YUBA CITY","SUTTER","CA",0,0
"6149367",0,0,2013,"5102","0","1","3","08",0,1,"A",,,"Y",,,1200,7,"E","I","A","CLARK AV","HERITAGE WY",550,"S","N","2014-03-13",5102,"2013-07-22",910,"4079","5102","5","4","0","0",,"0","001","-","N",,0,0,,,0,,,,"Y",1,"A","-",22107,,"N","A","H","-","A","D","0","Y","C","02",0,1,0,0,0,0,0,0,1,"-","-","YUBA CITY","SUTTER","CA",0,0
"6149363",-121.6166471,39.1075824,2013,"5102","0","7","4","03",0,1,"A",,,,,"Y",1500,7,"C","C","A","GARDEN HWY","TEESDALE RD",10,"N","N","2014-03-13",5102,"2013-07-14",1321,"4052","5102","5","4","0","0",,"0","005","-","N",,0,0,,,0,,,,"Y",2,"A","-",22350,,"M","A","H","-","A","A","0","Y","A","01",0,0,1,0,0,0,0,0,0,"-","-","YUBA CITY","SUTTER","CA",0,0
"6147457",-121.6928774,38.9094669,2013,"5100","3","3","3","-",0,1,"A",,,,,,1200,7,"F","A","A","RT 113","KIRKVILLE RD",190,"N","N","2014-03-14",9285,"2013-07-10",936,"19144",,"1","9","0","1",,"1","031","-","Y","SUT",3,113,"-","-",7.67,"H","-","S","Y",1,"A","-",0,,"N","A","H","-","A","D","0","Y","A","01",0,1,0,0,0,0,0,0,0,"-","-","UNINCORPORATED","SUTTER","CA",-121.693,38.909
"6147066",0,0,2013,"5100","3","3","2","01",0,1,"A",,,,,"Y",2100,7,"E","I","A","MARYSVILLE RD","SATTERFIELD WY",549,"E","N","2014-03-17",9285,"2013-07-03",1925,"17118",,"2","9","0","1",,"2","061","-","N",,0,0,,,0,,,,"Y",1,"A","-",23152,"A","N","A","H","-","A","D","0","Y","D","22",1,0,0,0,0,0,0,0,0,"-","-","UNINCORPORATED","SUTTER","CA",-121.22464,39.37998
"6142047",-121.6394636,39.1416765,2013,"5102","0","4","4","01",0,1,"A",,,,,"Y",2100,7,"C","C","A","COLUSA HWY","CIVIC CENTER BL",0,,"Y","2014-03-18",5102,"2013-07-11",1839,"4052","5102","5","4","0","0",,"0","002","-","Y","SUT",3,20,"-","R",15.34,"H","-","E","Y",2,"A","-",23152,"A","N","A","H","-","A","A","0","Y","A","01",0,0,1,0,0,0,0,0,0,"-","-","YUBA CITY","SUTTER","CA",0,0
"6142043",-121.6255931,39.1410269,2013,"5102","0","7","2","11",0,1,"A","Y",,,,,600,7,"G","B","D","CLARK AV","ELLIS WY",3,"S","N","2014-03-18",5102,"2013-07-07",321,"4061","5102","5","4","0","0",,"0","4061","-","N",,0,0,,,0,,,,"Y",2,"A","-",21954,"A","N","A","H","-","C","D","0","Y","N","60",1,0,0,0,1,0,0,0,0,"-","-","YUBA CITY","SUTTER","CA",0,0
"6142039",-121.6354232,39.1323851,2013,"5102","0","3","4","09",0,1,"A",,,,,,1500,7,"B","C","A","BRIDGE ST","WEST ONSTOTT RD",0,,"Y","2014-03-28",5102,"2013-07-10",1435,"4083","SUTTE","5","4","0","0",,"0","002","-","N",,0,0,,,0,,,,"Y",2,"A","-",21801,"A","N","A","H","-","A","D","0","Y","A","01",0,0,1,0,0,0,0,0,0,"-","-","YUBA CITY","SUTTER","CA",0,0
"6142027",-121.6217813,39.1482351,2013,"5102","0","7","3","08",0,1,"A",,,,,"Y",900,7,"C","C","A","KING AV","LIVE OAK BL",300,"W","N","2014-03-18",5102,"2013-07-14",732,"4075","YUBA","5","4","0","0",,"0","003","-","N",,0,0,,,0,,,,"N",2,"A","-",22107,,"F","A","H","-","A","D","0","Y","A","01",0,1,0,0,0,0,0,0,0,"-","-","YUBA CITY","SUTTER","CA",0,0
"6142019",-121.6457259,39.1417411,2013,"5102","0","3","3","09",0,1,"A",,,"Y",,,1800,7,"D","C","A","RT 20","STABLER LN",450,"W","N","2014-03-18",5102,"2013-07-10",1539,"4079","5102","5","4","0","0",,"0","001","-","Y","SUT",3,20,"-","R",15,"H","-","W","Y",2,"A","-",21804,"A","N","A","H","-","A","D","0","Y","C","02",0,1,0,0,0,0,0,0,1,"-","-","YUBA CITY","SUTTER","CA",0,0
"6142015",-121.6440057,39.1472413,2013,"5102","0","4","4","09",0,3,"A",,,,,,1200,7,"D","C","A","STABLER LN","BUTTE HOUSE RD",300,"S","N","2014-03-18",5102,"2013-07-11",1019,"4016","5102","5","4","0","0",,"0","002","-","N",,0,0,,,0,,,,"Y",2,"A","-",21804,"A","N","A","H","-","A","D","0","Y","A","01",0,0,3,0,0,0,0,0,0,"-","-","YUBA CITY","SUTTER","CA",0,0
"6141978",-121.6555213,39.1414291,2013,"5102","0","5","3","07",0,1,"A",,,"Y",,,1800,6,"B","C","A","HARTER RD","NORTH COLUSA FRONTAGE RD",170,"S","N","2014-03-03",5102,"2013-06-14",1742,"4054","5102","5","4","0","0",,"0","001","-","N",,0,0,,,0,,,,"N",2,"A","-",21658,"A","N","A","H","-","A","A","0","Y","A","01",0,1,0,0,0,0,0,0,1,"-","-","YUBA CITY","SUTTER","CA",0,0
"6141974",-121.6442865,39.1416452,2013,"5102","0","4","3","05",0,1,"A",,"Y",,,,1800,6,"D","G","A","STABLER LN","RT 20",10,"N","N","2014-03-03",5102,"2013-06-27",1507,"4079","5102","5","4","0","0",,"0","001","-","Y","SUT",3,20,"-","R",15.08,"H","-","E","N",2,"A","-",21650,"1","N","A","H","-","A","A","0","Y","L","04",0,1,0,0,0,0,1,0,0,"-","-","YUBA CITY","SUTTER","CA",0,0
"6141742",0,0,2013,"5102","0","2","4","04",0,1,"A",,,,,,1500,7,"D","C","A","WALTON AV","SAMS CLUB WY",70,"N","N","2014-03-17",5102,"2013-07-09",1443,"4058","5102","5","4","0","0",,"0","001","-","N",,0,0,,,0,,,,"N",2,"A","-",21703,,"N","A","H","-","A","A","0","Y","D","22",0,0,1,0,0,0,0,0,0,"-","-","YUBA CITY","SUTTER","CA",0,0
"6141738",-121.6153332,39.135325,2013,"5102","0","5","4","12",0,1,"A",,,,,,900,7,"D","C","A","BRIDGE ST","PLUMAS ST",0,,"Y","2014-03-17",5102,"2013-07-12",708,"T9004","SUTTE","5","4","0","0",,"0","004","-","N",,0,0,,,0,,,,"Y",2,"A","-",21453,"A","N","A","H","-","A","A","0","Y","D","22",0,0,1,0,0,0,0,0,0,"-","-","YUBA CITY","SUTTER","CA",0,0
"6141734",-121.6439341,39.1272826,2013,"5102","0","5","4","05",0,1,"A",,"Y",,,,2100,7,"G","G","A","WALTON AV","FRANKLIN AV",10,"N","N","2014-03-20",5102,"2013-07-05",1912,"4052","5102","5","4","0","0",,"0","002","-","N",,0,0,,,0,,,,"N",2,"A","-",21650,"1","N","A","H","-","A","A","0","Y","L","04",0,0,1,0,0,0,1,0,0,"-","-","YUBA CITY","SUTTER","CA",0,0
"6140131",-121.7317556,39.1872794,2013,"5100","5","7","2","03",0,1,"A",,,"Y",,,900,7,"E","I","A","MALLOTT RD","AHLF RD",60,"S","N","2014-03-14",9285,"2013-07-07",700,"014793",,"1","9","0","3",,"2","007","-","N",,0,0,,,0,,,,"Y",1,"A","-",22350,,"N","A","H","-","A","D","0","Y","C","02",1,0,0,0,0,0,0,0,1,"-","-","UNINCORPORATED","SUTTER","CA",-121.73168,39.18742
"6140127",-121.6344051,39.0982369,2013,"5100","5","3","4","03",0,2,"A",,,,,,1800,7,"C","C","A","BOGUE RD","RT 99",25,"W","N","2014-03-14",9285,"2013-07-10",1730,"018340",,"2","9","0","3",,"2","005","-","Y","SUT",3,99,"-","-",27.65,"I","6","S","Y",2,"A","-",22350,,"N","A","H","-","A","A","0","Y","A","01",0,0,2,0,0,0,0,0,0,"-","-","UNINCORPORATED","SUTTER","CA",-121.63472,39.09822
"6140115",-121.6720717,38.9960114,2013,"5100","3","4","2","05",0,9,"A",,,,,"Y",600,7,"A","C","A","RT 113","THOMPSON RD",13,"N","N","2014-03-14",9285,"2013-07-04",340,"018475",,"3","9","0","1",,"1","031","-","Y","SUT",3,113,"-","-",13.815,"I","5","S","Y",2,"A","-",21650,,"F","A","H","-","D","A","0","Y","A","01",2,7,0,0,0,0,0,0,0,"-","-","UNINCORPORATED","SUTTER","CA",-121.67221,38.99595
"6139916",-121.6601938,39.1967349,2013,"5100","5","6","3","08",0,1,"A",,,,,,900,6,"F","A","A","LARKIN RD","EAGER RD",2640,"N","N","2014-03-03",9285,"2013-06-29",745,"15976",,"1","9","0","3",,"2","007","-","N",,0,0,,,0,,,,"Y",1,"A","-",22107,,"N","A","H","-","A","D","0","Y","A","01",0,1,0,0,0,0,0,0,0,"-","-","UNINCORPORATED","SUTTER","CA",-121.65986,39.19663
"6139908",-121.6443884,39.0689807,2013,"5100","5","2","4","08",0,1,"C",,,,,,600,6,"E","I","A","OSWALD RD","SOUTH WALTON AV",203,"W","N","2014-03-03",9285,"2013-06-25",400,"16968",,"3","9","0","3",,"2","002","-","N",,0,0,,,0,,,,"Y",1,"A","-",22107,,"N","B","H","-","D","D","0","Y","A","01",0,0,1,0,0,0,0,0,0,"-","-","UNINCORPORATED","SUTTER","CA",-121.64509,39.06894
"6139900",-121.6511578,39.2471424,2013,"5100","3","2","4","08",0,1,"C",,,,,,900,6,"F","A","A","RT 99","CUTTING AV",1584,"N","N","2014-03-03",9285,"2013-06-25",735,"15491",,"1","9","0","1",,"1","071","-","Y","SUT",3,99,"-","-",38.17,"H","-","N","Y",1,"A","-",22107,,"N","B","H","-","A","D","1","Y","A","01",0,0,1,0,0,0,0,0,0,"-","-","UNINCORPORATED","SUTTER","CA",-121.65009,39.24439
"6139896",-121.6437332,39.0834351,2013,"5100","5","1","4","09",0,2,"C",,,,,,1500,6,"D","C","A","WALTON","REED RD",0,,"Y","2014-03-03",9285,"2013-06-24",1356,"14401",,"1","9","0","3",,"2","005","-","N",,0,0,,,0,,,,"Y",2,"A","-",21802,"A","N","B","H","-","A","A","0","Y","A","01",0,0,2,0,0,0,0,0,0,"-","-","UNINCORPORATED","SUTTER","CA",-121.64403,39.08353
"6134106",-121.6344623,39.1314836,2013,"5102","0","1","4","03",0,1,"B",,,,,,1800,6,"C","C","A","RT 99","BRIDGE ST",300,"S","N","2014-03-04",5102,"2013-06-24",1746,"4029","5102","5","4","0","0",,"0","004","-","Y","SUT",3,99,"-","-",29.97,"H","-","N","Y",3,"A","-",22350,,"N","A","H","-","A","A","0","Y","-","-",0,0,1,0,0,0,0,0,0,"-","-","YUBA CITY","SUTTER","CA",0,0
"6134105",-121.6310731,39.124835,2013,"5102","0","1","4","09",0,1,"B",,,,,,1500,6,"D","C","A","BARRETT RD","MARCIA AV",0,,"Y","2014-03-04",5102,"2013-06-24",1412,"4056","5102","5","4","0","0",,"0","005","C","N",,0,0,,,0,,,,"Y",2,"A","-",21801,"A","N","B","H","-","A","A","0","Y","A","01",0,0,1,0,0,0,0,0,0,"-","-","YUBA CITY","SUTTER","CA",0,0
"6134104",0,0,2013,"5102","0","1","4","03",0,1,"C",,,,,,900,6,"E","I","A","SUTTER ST","BRIDGE ST",30,"N","N","2014-03-04",5102,"2013-06-24",851,"4067","5102","5","4","0","0",,"0","004","-","N",,0,0,,,0,,,,"Y",1,"A","-",22350,,"N","B","H","-","A","A","0","Y","A","01",0,0,1,0,0,0,0,0,0,"-","-","YUBA CITY","SUTTER","CA",0,0
"6134103",-121.6145327,39.1449061,2013,"5102","0","2","4","03",0,1,"A",,,,,,1500,6,"B","C","A","MARKET ST","DEL NORTE AV",200,"S","N","2014-03-27",5102,"2013-06-18",1244,"4083","5102","5","4","0","0",,"0","003","-","N",,0,0,,,0,,,,"N",2,"A","-",22350,,"F","A","H","-","A","D","0","Y","-","-",0,0,1,0,0,0,0,0,0,"-","-","YUBA CITY","SUTTER","CA",0,0
"6134102",0,0,2013,"5102","0","3","3","21",0,1,"A",,,"Y",,,1200,6,"D","C","A","FRANKLIN AV","BROWN AV",65,"S","N","2014-03-27",5102,"2013-06-12",910,"4083","5102","5","4","0","0",,"0","004","-","N",,0,0,,,0,,,,"Y",2,"A","-",22106,,"N","A","H","-","A","D","0","Y","A","01",0,1,0,0,0,0,0,0,1,"-","-","YUBA CITY","SUTTER","CA",0,0
"6134071",-121.6153332,39.135325,2013,"5102","0","3","4","03",0,1,"A",,,,,,1800,6,"C","C","A","BRIDGE ST","PLUMAS ST",0,,"Y","2014-03-12",5102,"2013-06-05",1543,"4083","5102","5","4","0","0",,"0","004","-","N",,0,0,,,0,,,,"N",2,"A","-",22350,,"N","A","H","-","A","A","0","Y","A","01",0,0,1,0,0,0,0,0,0,"-","-","YUBA CITY","SUTTER","CA",0,0
"6134070",-121.6108032,39.1234251,2013,"5102","0","4","3","08",0,1,"A",,,,,,300,6,"E","I","A","GARDEN HWY","SAMUEL DR",0,,"Y","2014-03-04",5102,"2013-06-06",253,"4077",,"5","4","0","0",,"0",,"-","N",,0,0,,,0,,,,"Y",1,"A","-",22107,,"N","A","H","-","C","D","0","Y","A","01",0,1,0,0,0,0,0,0,0,"-","-","YUBA CITY","SUTTER","CA",0,0
"6134069",-121.6344578,39.1330086,2013,"5102","0","7","4","04",0,2,"A",,,,,,1200,6,"C","C","A","BRIDGE ST","RT 99",65,"W","N","2014-03-04",5102,"2013-06-16",1043,"4066","5102","5","4","0","0",,"0","002","-","Y","SUT",3,99,"-","-",30.03,"I","6","S","N",2,"A","-",21703,,"N","A","H","-","A","A","0","Y","A","07",0,0,2,0,0,0,0,0,0,"-","-","YUBA CITY","SUTTER","CA",0,0
"6131244",-121.5253345,38.9141394,2013,"5100","5","2","3","01",0,1,"A",,,,"Y","Y",300,7,"C","E","A","WATTS AV","PACIFIC AV",174,"W","N","2014-03-19",9285,"2013-07-09",10,"14480",,"3","9","0","3",,"2","001","-","N",,0,0,,,0,,,,"Y",2,"A","-",23152,"A","M","A","H","-","D","D","0","Y","A","01",0,1,0,0,0,0,0,0,0,"-","-","UNINCORPORATED","SUTTER","CA",-121.52538,38.91408
"6131240",-121.5431801,38.9009052,2013,"5100","5","3","4","08",0,1,"A",,,,,,2100,7,"F","A","A","EL CENTRO BL","PALM AV",1056,"S","N","2014-03-19",9285,"2013-07-10",2005,"17163",,"2","9","0","3",,"2","001","-","N",,0,0,,,0,,,,"Y",1,"A","-",22107,,"N","A","H","-","A","D","0","Y","D","22",0,0,1,0,0,0,0,0,0,"-","-","UNINCORPORATED","SUTTER","CA",-121.54309,38.8997
"6130792",-121.4875832,38.954665,2013,"5100","5","7","2","01",0,5,"A",,,,,"Y",2100,6,"D","C","A","KEMPTON RD","PLEASANT GROVE RD",0,,"Y","2014-03-07",9285,"2013-06-30",1901,"017080",,"2","9","0","3",,"2","001","-","N",,0,0,,,0,,,,"Y",2,"A","-",23152,"A","N","A","H","-","A","D","0","Y","D","22",1,1,3,0,0,0,0,0,0,"-","-","UNINCORPORATED","SUTTER","CA",-121.48741,38.9547
"6121059",-121.6302232,39.1439269,2013,"5102","0","2","3","10",0,1,"B","Y","Y",,,,2100,7,"G","B","B","GRAY AV","AINSLEY AV",3,"S","N","2014-03-12",5102,"2013-07-02",1819,"4011","5102","5","4","0","0",,"0","003","-","N",,0,0,,,0,,,,"N",2,"A","-",21950,"A","F","A","H","-","A","A","0","Y","L","04",0,1,0,0,1,0,0,0,0,"-","-","YUBA CITY","SUTTER","CA",0,0
"6120997",-121.6346232,39.1419527,2013,"5102","0","2","4","03",0,1,"A",,,,,,1500,6,"C","C","A","RT 99","RT 20",0,,"Y","2014-03-05",5102,"2013-06-25",1247,"4055","SUTTE","5","4","0","0",,"0","002","-","Y","SUT",3,99,"-","T",30.64,"H","-","S","N",2,"A","-",22350,,"N","A","H","-","A","A","0","Y","A","01",0,0,1,0,0,0,0,0,0,"-","-","YUBA CITY","SUTTER","CA",0,0
"6120993",-121.6298932,39.1323251,2013,"5102","0","5","3","10",0,1,"A",,"Y",,,,2100,6,"G","G","A","BRIDGE ST","GRAY AV",0,,"Y","2014-03-05",5102,"2013-06-21",1849,"4085",,"5","4","0","0",,"0","001","-","N",,0,0,,,0,,,,"N",2,"A","-",21950,"A","N","A","H","-","A","A","0","Y","A","01",0,1,0,0,0,0,1,0,0,"-","-","YUBA CITY","SUTTER","CA",0,0
"6116159",-121.6347149,39.1460251,2013,"5102","0","3","4","09",0,1,"A","Y",,,,,2100,5,"D","B","F","E ONSTOTT FRONTAGE RD","BUTTE HOUSE RD",244,"N","N","2014-03-05",5102,"2013-05-29",1923,"4079","5102","5","4","0","0",,"0","003","-","N",,0,0,,,0,,,,"N",2,"A","-",21804,"A","N","A","H","-","A","D","0","Y","A","01",0,0,1,0,1,0,0,0,0,"-","-","YUBA CITY","SUTTER","CA",0,0
"6116155",-121.6345215,39.1408311,2013,"5102","0","3","4","03",0,2,"A",,,,,,1800,5,"C","C","A","RT 99","RT 20",40,"S","N","2014-06-09",5102,"2013-05-29",1553,"4083",,"5","4","0","0",,"0","003","-","Y","SUT",3,99,"-","-",30.62,"H","-","N","Y",2,"A","-",22350,,"N","A","H","-","A","A","0","Y","A","01",0,0,2,0,0,0,0,0,0,"-","-","YUBA CITY","SUTTER","CA",0,0
"6116151",-121.6181647,39.1442044,2013,"5102","0","3","4","00",0,1,"A",,,,,"Y",1200,5,"B","C","A","DEL NORTE AV","PLUMAS ST",150,"W","N","2014-06-09",5102,"2013-05-29",946,"4083",,"5","4","0","0",,"0","003","-","N",,0,0,,,0,,,,"Y",2,"D","-",0,,"F","A","H","-","A","D","0","Y","-","-",0,0,1,0,0,0,0,0,0,"-","-","YUBA CITY","SUTTER","CA",0,0
"6116084",-121.6322831,39.127265,2013,"5102","0","4","4","03",0,3,"A",,,,,,1800,5,"C","C","A","FRANKLIN AV","LAWRENCE AV",0,,"Y","2014-03-05",5102,"2013-05-23",1532,"4087","5102","5","4","0","0",,"0","004","-","N",,0,0,,,0,,,,"N",2,"A","-",22350,,"N","A","H","-","A","D","0","Y","A","01",0,0,3,0,0,0,0,0,0,"-","-","YUBA CITY","SUTTER","CA",0,0
"6112785",-121.6337621,39.0721738,2013,"5100","3","2","3","08",0,1,"A",,,,,,900,5,"A","C","A","RT 99","OSWALD RD",1162,"N","N","2014-02-27",9285,"2013-05-28",603,"014401",,"1","9","0","1",,"1","051","-","Y","SUT",3,99,"-","-",25.84,"H","-","N","Y",2,"A","-",22107,,"N","A","H","-","A","D","0","Y","A","01",0,1,0,0,0,0,0,0,0,"-","-","UNINCORPORATED","SUTTER","CA",-121.63406,39.07229
"6112784",-121.6066138,38.9293894,2013,"5100","3","5","4","08",0,1,"A",,,,,,1800,5,"E","I","A","RT 99","LAUREL AV",480,"S","N","2014-02-27",9285,"2013-05-24",1530,"017889",,"2","9","0","1",,"1","011","-","Y","SUT",3,99,"-","-",14.58,"H","-","N","Y",1,"A","-",22107,,"N","A","H","-","A","D","0","Y","A","01",0,0,1,0,0,0,0,0,0,"-","-","UNINCORPORATED","SUTTER","CA",-121.60682,38.93064
"6112538",-121.6624531,39.153235,2013,"5102","0","6","4","09",0,1,"A",,,,,,2400,6,"D","C","A","BUTTE HOUSE RD","TIERRA BUENA RD",0,,"Y","2014-04-12",5102,"2013-06-08",2105,"17889",,"5","4","0","0",,"0",,"-","N",,0,0,,,0,,,,"N",2,"A","-",21802,"A","N","A","H","-","C","A","0","Y","A","01",0,0,1,0,0,0,0,0,0,"-","-","YUBA CITY","SUTTER","CA",-121.66242,39.1534