"CASEID","POINT_X","POINT_Y","YEAR_","LOCATION","CHPTYPE","DAYWEEK","CRASHSEV","VIOLCAT","KILLED","INJURED","WEATHER1","PEDCOL","BICCOL","MCCOL","TRUCKCOL","ETOH","TIMECAT","MONTH_","CRASHTYP","INVOLVE","PED","PRIMARYRD","SECONDRD","DISTANCE","DIRECT","INTERSECT_","PROCDATE","JURIS","DATE_","TIME_","BADGE","JURIDIST","SHIFT","POP","SPECIAL","BEATTYPE","LAPDDIV","BEATCLAS","BEATNUMB","WEATHER2","STATEHW","CALTRANC","CALTRAND","STROUTE","ROUTESUF","POSTPRE","POSTMILE","LOCATYPE","RAMP","SIDEHW","TOWAWAY","PARTIES","PCF","VIOLCODE","VIOL","VIOLSUB","HITRUN","ROADSURF","RDCOND1","RDCOND2","LIGHTING","RIGHTWAY","CHPRDTYP","NOTPRIV","STFAULT","CHPFAULT","SEVINJ","OTHERINJ","COP","PEDKILL","PEDINJ","BICKILL","BICINJ","MCKILL","MCINJURE","RAMP1","RAMP2","CITY","COUNTY","STATE","X_CHP","Y_CHP"
"6110668",-121.6344782,39.095653,2013,"5100","3","6","2","08",0,1,"A",,,,,,1200,6,"E","I","A","RT 99","BOGUE RD",900,"S","N","2014-03-04",9285,"2013-06-08",940,"014793",,"1","9","0","1",,"1","051","-","Y","SUT",3,99,"-","-",27.48,"H","-","N","Y",1,"A","-",22107,,"N","A","H","-","A","D","0","Y","A","01",1,0,0,0,0,0,0,0,0,"-","-","UNINCORPORATED","SUTTER","CA",-121.63439,39.09598
"6110410",-121.6347233,39.1544465,2013,"5102","0","5","4","04",0,1,"A",,,,,,1500,6,"C","C","A","ONSTOTT FRONTAGE RD","CASA LOMA LN",25,"S","N","2014-03-07",5102,"2013-06-21",1439,"448","5102","5","4","0","0",,"0","003","-","N",,0,0,,,0,,,,"Y",2,"A","-",21703,,"N","A","H","-","A","D","0","Y","A","01",0,0,1,0,0,0,0,0,0,"-","-","YUBA CITY","SUTTER","CA",0,0
"6110409",-121.6160325,39.1516226,2013,"5102","0","7","4","09",0,1,"A",,,,,,1800,6,"D","C","A","MARKET ST","LYNN WY",500,"N","N","2014-03-04",5102,"2013-06-02",1700,"4056","5102","5","4","0","0",,"0","003","-","N",,0,0,,,0,,,,"N",2,"A","-",21801,"B","N","A","H","-","A","D","0","Y","A","07",0,0,1,0,0,0,0,0,0,"-","-","YUBA CITY","SUTTER","CA",0,0
"6110124",-121.6397631,39.127295,2013,"5102","S","1","4","05",0,1,"A",,"Y",,,,900,5,"D","G","A","NEIL DR","FRANKLIN RD",0,,"Y","2014-12-03",9285,"2013-05-20",801,"13966",,"1","4","1","4",,"2","901","-","N",,0,0,,,0,,,,"N",2,"A","-",21650,"1","N","A","H","-","A","A","0","Y","L","04",0,0,1,0,0,0,1,0,0,"-","-","YUBA CITY","SUTTER","CA",-121.63976,39.12743
"6108909",-121.6440676,39.1578748,2013,"5102","0","5","3","03",0,3,"A",,,,,,900,5,"C","C","A","STABLER LN","BRADLEY ESTATES DR",80,"N","N","2014-02-22",5102,"2013-05-24",746,"4016","5102","5","4","0","0",,"0","002","-","N",,0,0,,,0,,,,"N",2,"A","-",22350,,"N","A","H","-","A","D","0","Y","A","01",0,1,2,0,0,0,0,0,0,"-","-","YUBA CITY","SUTTER","CA",0,0
"6108905",-121.6251819,39.1328613,2013,"5102","0","5","4","03",0,2,"A",,,,,,1800,5,"C","C","A","CLARK AV","BRIDGE ST",250,"N","N","2014-02-22",5102,"2013-05-24",1610,"4052","5102","5","4","0","0",,"0","004","-","N",,0,0,,,0,,,,"Y",2,"A","-",22350,,"N","A","H","-","A","D","0","Y","A","01",0,0,2,0,0,0,0,0,0,"-","-","YUBA CITY","SUTTER","CA",0,0
"6108803",-121.7747081,39.142643,2013,"5100","3","3","3","17",0,1,"A",,,,"Y",,900,5,"H","A","A","RT 20","ACACIA AV",5808,"W","N","2014-02-25",9285,"2013-05-22",758,"15048",,"1","9","0","1",,"2","072","-","Y","SUT",3,20,"-","-",8.08,"H","-","W","N",2,"A","-",23114,"A","N","A","H","-","A","D","0","Y","G","25",0,1,0,0,0,0,0,0,0,"-","-","UNINCORPORATED","SUTTER","CA",-121.72369,39.14197
"6108777",-121.6436732,39.1037251,2013,"5102","0","1","3","09",0,2,"A",,,,,,900,3,"D","C","A","SOUTH WALTON AV","PEBBLE BEACH DR",0,,"Y","2014-02-12",5102,"2013-03-04",756,"2236","97","5","4","0","0",,"0","007","-","N",,0,0,,,0,,,,"Y",2,"A","-",21801,"A","N","A","H","-","A","A","0","Y","A","01",0,1,1,0,0,0,0,0,0,"-","-","YUBA CITY","SUTTER","CA",0,0
"6108765",-121.6650632,39.2760351,2013,"5101","0","3","4","09",0,1,"A",,"Y",,,,1800,3,"H","G","A","PENNINGTON RD","O ST",0,,"Y","2014-02-08",5100,"2013-03-13",1745,"5070","LOCA3","5","2","0","0",,"0","02A","-","N",,0,0,,,0,,,,"N",2,"A","-",21801,"A","N","A","H","-","A","D","0","Y","A","01",0,0,1,0,0,0,1,0,0,"-","-","LIVE OAK","SUTTER","CA",0,0
"6108314",-121.6602683,39.2720521,2013,"5101","0","1","4","09",0,2,"C",,,,,,2400,5,"D","C","A","RT 99","ARCHER AV",0,,"Y","2014-03-24",5100,"2013-05-27",2227,"2216","LOCA3","5","2","0","0",,"0","02A","-","Y","SUT",3,99,"-","-",39.97,"H","-","N","Y",2,"A","-",21801,"A","F","B","H","-","C","A","0","Y","-","-",0,0,2,0,0,0,0,0,0,"-","-","LIVE OAK","SUTTER","CA",0,0
"6108310",-121.6417332,39.1127251,2013,"5102","0","3","4","03",0,2,"A",,,,,,2100,5,"C","C","A","LINCOLN RD","TANGLEWOOD DR",0,,"Y","2014-03-19",5102,"2013-05-08",1900,"2160","90","5","4","0","0",,"0","007","-","N",,0,0,,,0,,,,"N",2,"A","-",22350,,"N","A","H","-","A","D","0","Y","A","07",0,0,2,0,0,0,0,0,0,"-","-","YUBA CITY","SUTTER","CA",0,0
"6108094",-121.6606242,39.2734645,2013,"5101","0","5","4","03",0,2,"A",,,,,,1800,3,"C","C","A","RT 99","ELM ST",59,"N","N","2014-12-17",5100,"2013-03-08",1550,"2081",,"5","2","0","0",,"0","001","-","Y","SUT",3,99,"-","-",40.07,"H","-","N","N",4,"A","-",22350,,"N","A","H","-","A","D","0","Y","D","22",0,0,2,0,0,0,0,0,0,"-","-","LIVE OAK","SUTTER","CA",0,0
"6107599",-121.6946867,39.1618873,2013,"5100","3","5","3","08",0,1,"A",,,,,,2100,6,"E","I","A","BUTTE HOUSE RD","HOWLETT AV",25,"W","N","2014-03-07",9285,"2013-06-07",1930,"18522",,"2","9","0","1",,"1","071","-","N",,0,0,,,0,,,,"Y",1,"A","-",22107,,"N","A","H","-","A","D","0","Y","A","07",0,1,0,0,0,0,0,0,0,"-","-","UNINCORPORATED","SUTTER","CA",-121.69816,39.16309
"6107571",-121.7167903,39.1672542,2013,"5100","5","2","3","05",0,1,"A",,,,,,900,6,"F","I","A","E BUTTE RD","BUTTE HOUSE RD",240,"N","N","2014-03-07",9285,"2013-06-18",720,"13966",,"1","9","0","3",,"2","007","-","N",,0,0,,,0,,,,"Y",1,"A","-",21650,,"N","A","H","-","A","D","0","Y","A","07",0,1,0,0,0,0,0,0,0,"-","-","UNINCORPORATED","SUTTER","CA",-121.71673,39.16756
"6107567",-121.7543659,39.1335073,2013,"5100","5","7","4","08",0,1,"A",,,,,,2100,6,"F","A","A","ACACIA AV","RT 20",3168,"S","N","2014-03-07",9285,"2013-06-09",1920,"17889",,"2","9","0","3",,"2","007","-","N",,0,0,,,0,,,,"Y",1,"A","-",22107,,"N","A","H","-","A","D","0","Y","A","01",0,0,1,0,0,0,0,0,0,"-","-","UNINCORPORATED","SUTTER","CA",-121.75419,39.13346
"6106311",-121.6429628,39.2248635,2013,"5100","3","1","4","03",0,1,"B",,,,,,1200,5,"C","C","A","RT 99","KENT AV",1109,"N","N","2014-02-25",9285,"2013-05-06",1130,"013966",,"1","9","0","1",,"1","071","C","Y","SUT",3,99,"-","-",36.53,"H","-","S","Y",2,"A","-",22350,,"N","B","H","-","A","D","1","Y","A","01",0,0,1,0,0,0,0,0,0,"-","-","UNINCORPORATED","SUTTER","CA",-121.64292,39.22451
"6103703",-121.6355932,39.1938852,2013,"5100","3","6","4","03",0,1,"A",,,,,,2400,6,"C","C","A","RT 99","EAGER RD",280,"N","N","2014-02-27",9285,"2013-06-15",2230,"017163",,"3","9","0","1",,"1","071","-","Y","SUT",3,99,"-","R",34.17,"R","2","S","N",2,"A","-",22350,,"F","A","H","-","D","A","1","Y","D","22",0,0,1,0,0,0,0,0,0,"TO","-","UNINCORPORATED","SUTTER","CA",-121.63648,39.19056
"6103358",-121.6346298,39.1129833,2013,"5100","3","5","3","09",0,1,"A",,,,,,2100,5,"D","C","A","RT 99","LINCOLN RD",0,,"Y","2014-02-28",9285,"2013-05-17",1800,"018522",,"2","9","0","1",,"1","051","-","Y","SUT",3,99,"-","-",28.67,"I","5","S","Y",2,"A","-",21453,"C","N","A","H","-","A","A","0","Y","A","01",0,1,0,0,0,0,0,0,0,"-","-","UNINCORPORATED","SUTTER","CA",-121.635,39.11267
"6103354",-121.635675,39.1816472,2013,"5100","3","5","4","08",0,1,"A",,,,,,1500,5,"F","A","A","RT 99","EAGER RD",2640,"S","N","2014-02-28",9285,"2013-05-17",1450,"015048",,"2","9","0","1",,"1","071","-","Y","SUT",3,99,"-","R",33.45,"H","-","S","Y",1,"A","-",22107,,"N","A","H","-","A","D","1","Y","A","01",0,0,1,0,0,0,0,0,0,"-","-","UNINCORPORATED","SUTTER","CA",-121.63536,39.17627
"6103346",-121.7320463,38.9145217,2013,"5100","5","6","2","01",0,1,"A",,,,,"Y",900,5,"E","I","A","RECLAMATION RD","KIRKVILLE RD",2112,"N","N","2014-02-28",9285,"2013-05-18",600,"014241",,"1","9","0","3",,"2","003","-","N",,0,0,,,0,,,,"Y",1,"A","-",23152,"A","N","A","H","-","A","D","0","Y","A","07",1,0,0,0,0,0,0,0,0,"-","-","UNINCORPORATED","SUTTER","CA",-121.73199,38.91427
"6103313",-121.6292727,39.1862122,2013,"5100","4","3","4","01",0,1,"A",,,,,"Y",2100,5,"E","I","A","LIVE OAK BL","REDNALL RD",1584,"N","N","2014-02-28",9285,"2013-05-22",2010,"018522",,"2","9","0","2",,"2","073","-","N",,0,0,,,0,,,,"N",1,"A","-",23152,"A","N","A","H","-","A","D","0","Y","A","01",0,0,1,0,0,0,0,0,0,"-","-","UNINCORPORATED","SUTTER","CA",-121.62913,39.18543
"6103294",-121.614682,39.0147374,2013,"5100","4","7","3","08",0,1,"A",,,,,,900,5,"F","I","A","GARDEN HWY","STAR BEND RD",1636,"N","N","2014-02-28",9285,"2013-05-26",745,"13174",,"1","9","0","2",,"2","052","-","N",,0,0,,,0,,,,"Y",1,"A","-",22107,,"N","A","H","-","A","D","0","Y","A","07",0,1,0,0,0,0,0,0,0,"-","-","UNINCORPORATED","SUTTER","CA",-121.61483,39.01529
"6102499",-121.6719655,39.0836181,2013,"5100","4","5","2","09",0,5,"A",,,,,,600,5,"A","C","A","GEORGE WASHINGTON BL","FRANKLIN RD",15840,"S","N","2014-08-28",9285,"2013-05-31",335,"18522",,"3","9","0","2",,"2","052","-","N",,0,0,,,0,,,,"Y",2,"A","-",21804,,"N","A","H","-","D","D","0","Y","D","22",1,0,4,0,0,0,0,0,0,"-","-","UNINCORPORATED","SUTTER","CA",-121.40187,39.07193
"6102495",-121.634799,39.026098,2013,"5100","3","4","3","09",0,1,"A",,,,,,1800,5,"D","C","A","RT 99","OBANION RD",0,,"Y","2014-02-28",9285,"2013-05-16",1553,"017889",,"2","9","0","1",,"1","051","-","Y","SUT",3,99,"-","-",22.6,"I","5","S","Y",2,"A","-",21802,"A","N","A","H","-","A","A","0","Y","D","22",0,1,0,0,0,0,0,0,0,"-","-","UNINCORPORATED","SUTTER","CA",-121.63476,39.02536
"6097832",-121.6166836,39.0034772,2013,"5100","3","7","2","00",0,6,"A",,,,,,1200,5,"D","C","A","RT 99","RT 113",0,,"Y","2014-02-27",9285,"2013-05-19",1015,"14878",,"1","9","0","1",,"1","011","-","Y","SUT",3,99,"-","R",20.051,"I","5","S","Y",2,"D","-",0,,"N","A","D","-","A","A","0","Y","-","-",1,0,5,0,0,0,0,0,0,"-","-","UNINCORPORATED","SUTTER","CA",-116.3353,39.006
"6097792",-121.6008403,38.9127152,2013,"5100","3","2","4","03",0,2,"A",,,,,,2400,6,"C","C","A","RT 99","SACRAMENTO AV",2112,"S","N","2014-03-10",9285,"2013-06-04",2128,"17163",,"2","9","0","1",,"1","011","-","Y","SUT",3,99,"-","-",13.28,"H","-","S","Y",3,"A","-",22350,,"N","A","D","-","C","A","0","Y","A","01",0,0,2,0,0,0,0,0,0,"-","-","UNINCORPORATED","SUTTER","CA",-121.26008,38.91259
"6095114",-121.5830769,38.8977232,2013,"5100","3","4","3","03",0,3,"A",,,,"Y",,600,5,"C","C","A","RT 99","NICOLAUS AV",200,"N","N","2014-02-28",9285,"2013-05-02",348,"17080",,"3","9","0","1",,"1","011","-","Y","SUT",3,99,"-","-",11.83,"H","-","N","Y",3,"A","-",22350,,"N","A","D","-","D","A","0","Y","G","27",0,1,2,0,0,0,0,0,0,"-","-","UNINCORPORATED","SUTTER","CA",-121.58251,38.89735
"6088256",-121.6348177,39.0332579,2013,"5100","3","6","4","07",0,1,"A",,,,,,1200,3,"B","C","A","RT 99","HUTCHINSON RD",2640,"S","N","2014-10-30",9285,"2013-03-23",1038,"14401",,"1","9","0","1",,"1","051","-","Y","SUT",3,99,"-","-",23.1,"H","-","S","Y",2,"A","-",21658,"A","N","A","H","-","A","D","0","Y","A","01",0,0,1,0,0,0,0,0,0,"-","-","UNINCORPORATED","SUTTER","CA",-121.63473,39.03239
"6088252",-121.6719553,39.0516051,2013,"5100","4","7","2","01",0,1,"B",,,,,"Y",2100,3,"F","A","A","GEORGE WASHINGTON BL","BEST RD",1056,"S","N","2014-07-03",9285,"2013-03-31",1828,"17080",,"2","9","0","2",,"2","052","C","N",,0,0,,,0,,,,"Y",1,"A","-",23152,"A","N","B","H","-","A","D","0","Y","A","07",1,0,0,0,0,0,0,0,0,"-","-","UNINCORPORATED","SUTTER","CA",-121.67193,39.05143
"6081758",-121.6273532,39.1126851,2013,"5102","0","2","3","00",0,1,"A",,"Y",,,,2100,5,"D","G","A","LINCOLN RD","JONES RD",0,,"Y","2014-04-16",5102,"2013-05-14",1844,"4071","5102","5","4","0","0",,"0","005","-","N",,0,0,,,0,,,,"N",2,"D","-",0,,"N","A","H","-","A","A","0","Y","-","-",0,1,0,0,0,0,1,0,0,"-","-","YUBA CITY","SUTTER","CA",0,0
"6081750",-121.6307838,39.141738,2013,"5102","0","1","4","03",0,2,"A",,,,,,1800,5,"C","C","A","RT 20","GRAY AV",0,,"Y","2014-02-19",5102,"2013-05-13",1559,"4062","5102","5","4","0","0",,"0","003","-","Y","SUT",3,20,"-","-",15.81,"I","5","W","Y",3,"A","-",22350,,"N","A","H","-","A","A","0","Y","A","01",0,0,2,0,0,0,0,0,0,"-","-","YUBA CITY","SUTTER","CA",0,0
"6081713",0,0,2013,"5102","0","1","4","08",0,1,"A",,,,,,1800,5,"E","I","A","RT 20","MARKET ST",520,"E","N","2014-02-19",5102,"2013-05-06",1633,"4063",,"5","4","0","0",,"0","003","-","Y","COL",3,20,"-","-",31.19,"H","-","W","Y",1,"A","-",22107,,"N","A","H","-","A","D","0","Y","A","01",0,0,1,0,0,0,0,0,0,"-","-","YUBA CITY","SUTTER","CA",0,0
"6081701",-121.6210632,39.126465,2013,"5102","0","3","4","09",0,1,"A",,,,,,1800,5,"D","D","A","PARK AV","JEWELL AV",0,,"Y","2014-02-19",5102,"2013-05-08",1519,"4079","5102","5","4","0","0",,"0","005","-","N",,0,0,,,0,,,,"Y",2,"A","-",21802,"A","N","A","H","-","A","A","0","Y","A","01",0,0,1,0,0,0,0,0,0,"-","-","YUBA CITY","SUTTER","CA",0,0
"6081697",-121.6298845,39.1321193,2013,"5102","0","4","4","04",0,1,"A",,,,,,1500,5,"C","C","A","GRAY AV","BRIDGE ST",75,"S","N","2014-02-19",5102,"2013-05-09",1319,"4081","5102","5","4","0","0",,"0","004","-","N",,0,0,,,0,,,,"N",3,"A","-",21703,,"M","A","H","-","A","A","0","Y","A","01",0,0,1,0,0,0,0,0,0,"-","-","YUBA CITY","SUTTER","CA",0,0
"6081693",-121.629918,39.133341,2013,"5102","0","5","4","09",0,1,"A",,,,,,2100,5,"D","C","A","GRAY AV","BRIDGE ST",370,"N","N","2014-02-19",5102,"2013-05-10",1827,"481","5102","5","4","0","0",,"0","004","-","N",,0,0,,,0,,,,"Y",2,"A","-",21804,"A","N","A","H","-","A","D","0","Y","A","01",0,0,1,0,0,0,0,0,0,"-","-","YUBA CITY","SUTTER","CA",0,0
"6081689",-121.6435808,39.1272596,2013,"5102","0","5","3","05",0,1,"A",,"Y",,,,1800,5,"D","G","A","FRANKLIN RD","WALTON AV",100,"E","N","2014-02-19",5102,"2013-05-10",1713,"4077","5102","5","4","0","0",,"0","002","-","N",,0,0,,,0,,,,"N",2,"A","-",21202,"A","N","A","H","-","A","D","0","Y","L","04",0,1,0,0,0,0,1,0,0,"-","-","YUBA CITY","SUTTER","CA",0,0
"6081685",-121.6324456,39.1417927,2013,"5102","0","2","4","12",0,1,"B",,,,,,1200,5,"B","C","A","COLUSA AV","ROCCA WY",11,"S","N","2014-02-19",5102,"2013-05-07",1028,"4054","SUTTE","5","4","0","0",,"0","005","-","Y","SUT",3,20,"-","-",15.72,"I","5","W","Y",2,"A","-",21453,"A","N","A","H","-","A","A","0","Y","A","01",0,0,1,0,0,0,0,0,0,"-","-","YUBA CITY","SUTTER","CA",0,0
"6081681",-121.6094484,39.1432765,2013,"5102","0","4","4","03",0,1,"A",,,,,,1800,5,"C","C","A","RT 20","SUTTER ST",550,"E","N","2014-02-19",5102,"2013-05-09",1634,"4029","5102","5","4","0","0",,"0","003","-","Y","SUT",3,20,"-","-",16.95,"H","-","W","N",2,"A","-",22350,,"N","A","H","-","A","A","0","Y","-","-",0,0,1,0,0,0,0,0,0,"-","-","YUBA CITY","SUTTER","CA",0,0
"6075578",-121.6876511,39.2796297,2013,"5100","5","6","3","01",0,1,"A",,,,,"Y",1800,4,"E","I","A","TOWNSHIP RD","PENNINGTON RD",1320,"N","N","2014-02-15",9285,"2013-04-06",1514,"15491",,"2","9","0","3",,"2","007","-","N",,0,0,,,0,,,,"Y",1,"A","-",23152,"A","N","A","H","-","A","D","0","Y","A","01",0,1,0,0,0,0,0,0,0,"-","-","UNINCORPORATED","SUTTER","CA",-121.6876,39.27982
"6075574",-121.7276228,38.8803416,2013,"5100","5","7","2","01",0,1,"A",,,,,"Y",2100,4,"E","I","A","JEWETT RD","SEYMOUR RD",57,"N","N","2014-02-15",9285,"2013-04-07",1850,"18340",,"2","9","0","3",,"2","003","-","N",,0,0,,,0,,,,"Y",1,"A","-",23152,"A","N","A","H","-","A","D","0","Y","A","01",1,0,0,0,0,0,0,0,0,"-","-","UNINCORPORATED","SUTTER","CA",-121.72773,38.88039
"6075570",-121.5439032,38.8182051,2013,"5100","3","6","3","01",0,2,"A",,,,,"Y",2100,4,"F","A","A","RT 99","HOWSLEY RD",1584,"S","N","2014-02-15",9285,"2013-04-20",1950,"17163",,"2","9","0","1",,"1","011","-","Y","SUT",3,99,"-","-",5.612,"R","2","S","Y",1,"A","-",23152,"A","N","A","H","-","B","D","5","Y","A","01",0,2,0,0,0,0,0,0,0,"TO","-","UNINCORPORATED","SUTTER","CA",-121.5443,38.81611
"6075566",-121.6332877,39.0712407,2013,"5100","3","3","4","03",0,1,"A",,,,,,2400,4,"C","C","A","RT 99","OSWALD RD",792,"N","N","2014-02-15",9285,"2013-04-10",2232,"18340",,"3","9","0","1",,"1","051","-","Y","SUT",3,99,"-","-",25.77,"H","-","N","Y",2,"A","-",22350,,"M","A","H","-","D","D","0","Y","A","07",0,0,1,0,0,0,0,0,0,"-","-","UNINCORPORATED","SUTTER","CA",-121.63345,39.07108
"6075367",-121.6348177,39.0774181,2013,"5100","3","6","3","08",0,1,"A",,,,,,2100,4,"F","A","A","RT 99","BARRY RD",500,"N","N","2014-02-19",9285,"2013-04-27",2059,"17534",,"2","9","0","1",,"1","051","-","Y","SUT",3,99,"-","-",26.21,"H","-","S","Y",1,"A","-",22107,,"F","A","H","-","C","A","0","Y","A","01",0,1,0,0,0,0,0,0,0,"-","-","UNINCORPORATED","SUTTER","CA",-121.63505,39.07733
"6075363",-121.8848882,39.1373753,2013,"5100","5","5","2","05",0,1,"A",,,"Y",,,1800,4,"B","C","A","DREXLER RD","RT 20",2112,"S","N","2014-02-19",9285,"2013-04-26",1530,"17534",,"2","9","0","3",,"2","007","-","N",,0,0,,,0,,,,"Y",2,"A","-",21460,"A","N","A","H","-","A","D","0","Y","A","01",1,0,0,0,0,0,0,0,1,"-","-","UNINCORPORATED","SUTTER","CA",-121.88473,39.13743
"6072269",-121.6448366,39.1482894,2013,"5102","0","1","4","03",0,1,"C",,,,,,900,5,"A","C","A","BUTTE HOUSE RD","STABLER LN",250,"W","N","2014-03-27",5102,"2013-05-06",848,"4083","5102","5","4","0","0",,"0","002","-","N",,0,0,,,0,,,,"Y",2,"A","-",22350,,"N","B","H","-","A","D","0","Y","A","01",0,0,1,0,0,0,0,0,0,"-","-","YUBA CITY","SUTTER","CA",0,0
"6072268",-121.6273691,39.1322449,2013,"5102","0","4","4","03",0,1,"A",,,,,,1500,5,"C","C","A","BRIDGE ST","HUGHES AV",50,"W","N","2014-02-25",5102,"2013-05-02",1218,"4040","5102","5","4","0","0",,"0","004","-","N",,0,0,,,0,,,,"N",3,"A","-",22350,,"N","A","H","-","A","D","0","Y","A","01",0,0,1,0,0,0,0,0,0,"-","-","YUBA CITY","SUTTER","CA",0,0
"6072267",-121.6345361,39.12763,2013,"5102","0","1","4","03",0,1,"A",,,,,,1800,5,"C","C","A","RT 99","FRANKLIN RD",0,,"Y","2014-02-25",5102,"2013-05-06",1645,"4058","5102","5","4","0","0",,"0","002","-","Y","SUT",3,99,"-","-",29.67,"H","-","S","Y",2,"A","-",22350,,"N","A","H","-","A","A","0","Y","I","11",0,0,1,0,0,0,0,0,0,"-","-","YUBA CITY","SUTTER","CA",0,0
"6072266",-121.6153332,39.135325,2013,"5102","0","3","4","12",0,1,"A",,,,,,1500,5,"D","C","A","BRIDGE ST","PLUMAS ST",0,,"Y","2014-03-19",5102,"2013-05-08",1254,"4083","5102","5","4","0","0",,"0","003","-","N",,0,0,,,0,,,,"N",2,"A","-",21453,"A","N","A","H","-","A","A","0","Y","A","01",0,0,1,0,0,0,0,0,0,"-","-","YUBA CITY","SUTTER","CA",0,0
"6072093",-121.6161713,39.0500972,2013,"5100","4","6","4","08",0,1,"A",,,,,,900,5,"E","I","A","GARDEN HWY","MESSICK RD",528,"S","N","2014-02-21",9285,"2013-05-11",700,"15048",,"1","9","0","2",,"2","052","-","N",,0,0,,,0,,,,"Y",1,"A","-",22107,,"N","A","H","-","A","D","0","Y","A","01",0,0,1,0,0,0,0,0,0,"-","-","UNINCORPORATED","SUTTER","CA",-121.61602,39.04975
"6072085",-121.6624347,39.1551574,2013,"5100","5","6","3","11",0,1,"A","Y",,,,,2400,5,"G","B","D","TIERRA BUENA RD","BUTTE HOUSE RD",700,"N","N","2014-02-21",9285,"2013-05-11",2155,"16343",,"2","9","0","3",,"2","007","-","N",,0,0,,,0,,,,"N",3,"A","-",21956,,"N","A","H","-","D","D","0","Y","N","60",0,1,0,0,1,0,0,0,0,"-","-","UNINCORPORATED","SUTTER","CA",-121.39445,39.09199
"6072022",-121.6092268,39.0000698,2013,"5100","3","5","4","03",0,1,"A",,,,,,2100,5,"C","C","A","RT 99","RT 113",3168,"S","N","2014-02-20",9285,"2013-05-03",1850,"016343",,"2","9","0","1",,"1","011","-","Y","SUT",3,99,"-","R",19.44,"H","-","N","Y",2,"A","-",22350,,"N","A","D","-","A","A","0","Y","A","01",0,0,1,0,0,0,0,0,0,"-","-","UNINCORPORATED","SUTTER","CA",-121.62608,38.99637
"6069471",-121.6211131,39.128105,2013,"5102","0","7","4","10",0,1,"A","Y",,,,,1500,4,"G","B","B","FRANKLIN AV","PARK AV",0,,"Y","2014-02-19",5102,"2013-04-28",1303,"4055","SUTTE","5","4","0","0",,"0","004","-","N",,0,0,,,0,,,,"N",2,"A","-",21950,"A","N","A","H","-","A","A","0","Y","A","01",0,0,1,0,1,0,0,0,0,"-","-","YUBA CITY","SUTTER","CA",0,0
"6067641",0,0,2013,"5102","0","2","4","03",0,1,"A",,,,,,1800,5,"C","C","A","QUEENS AV","WENDELL WY",29,"S","N","2014-02-21",5102,"2013-05-07",1548,"4049","5102","5","4","0","0",,"0","003","-","N",,0,0,,,0,,,,"Y",3,"A","-",22350,,"N","A","H","-","A","D","0","Y","I","11",0,0,1,0,0,0,0,0,0,"-","-","YUBA CITY","SUTTER","CA",0,0
"6067637",-121.6318399,39.1416442,2013,"5102","0","2","4","16",0,1,"A",,,,,,1800,5,"C","C","A","RT 20","GRAY AV",0,,"Y","2014-02-21",5102,"2013-05-07",1602,"4086","SUTTE","5","4","0","0",,"0","004","-","Y","SUT",3,20,"-","-",15.75,"H","-","E","N",2,"A","-",24002,"A","N","A","H","-","A","A","0","Y","D","22",0,0,1,0,0,0,0,0,0,"-","-","YUBA CITY","SUTTER","CA",0,0
"6067629",-121.6324624,39.1323687,2013,"5102","0","4","4","03",0,1,"A",,,,,"Y",1800,5,"C","C","A","BRIDGE ST","PALORA AV",250,"E","N","2014-02-21",5102,"2013-05-09",1625,"4052","5102","5","4","0","0",,"0","004","-","N",,0,0,,,0,,,,"N",2,"A","-",22350,,"N","A","H","-","A","D","0","Y","D","22",0,0,1,0,0,0,0,0,0,"-","-","YUBA CITY","SUTTER","CA",0,0
"6067609",0,0,2013,"5102","0","2","3","22",0,1,"A","Y",,,,,1800,4,"A","B","E","LEVEE RD","COLUSA HWY",30,"S","N","2014-02-21",5102,"2013-04-23",1526,"4079","5102","5","4","0","0",,"0","003","-","N",,0,0,,,0,,,,"N",2,"B","-",0,,"F","A","H","-","A","D","0","Y","-","-",0,1,0,0,1,0,0,0,0,"-","-","YUBA CITY","SUTTER","CA",0,0
"6067601",-121.6439431,39.1379051,2013,"5102","0","2","4","08",0,2,"A",,,,,,1200,5,"D","C","A","WALTON AV","LASSEN BL",0,,"Y","2014-02-21",5102,"2013-05-07",909,"4049","5102","5","4","0","0",,"0","002","-","N",,0,0,,,0,,,,"Y",3,"A","-",22107,,"N","A","H","-","A","D","0","Y","A","01",0,0,2,0,0,0,0,0,0,"-","-","YUBA CITY","SUTTER","CA",0,0
"6064289",-121.4882831,38.780395,2013,"5100","3","7","4","09",0,2,"A",,,,,,1500,3,"D","C","A","PLEASANT GROVE RD","SANKEY RD",0,,"Y","2014-02-08",9285,"2013-03-24",1303,"014401",,"1","9","0","1",,"1","010","-","N",,0,0,,,0,,,,"Y",2,"A","-",21802,"A","N","A","H","-","A","A","0","Y","A","01",0,0,2,0,0,0,0,0,0,"-","-","UNINCORPORATED","SUTTER","CA",-121.48827,38.78037