"CASEID","POINT_X","POINT_Y","YEAR_","LOCATION","CHPTYPE","DAYWEEK","CRASHSEV","VIOLCAT","KILLED","INJURED","WEATHER1","PEDCOL","BICCOL","MCCOL","TRUCKCOL","ETOH","TIMECAT","MONTH_","CRASHTYP","INVOLVE","PED","PRIMARYRD","SECONDRD","DISTANCE","DIRECT","INTERSECT_","PROCDATE","JURIS","DATE_","TIME_","BADGE","JURIDIST","SHIFT","POP","SPECIAL","BEATTYPE","LAPDDIV","BEATCLAS","BEATNUMB","WEATHER2","STATEHW","CALTRANC","CALTRAND","STROUTE","ROUTESUF","POSTPRE","POSTMILE","LOCATYPE","RAMP","SIDEHW","TOWAWAY","PARTIES","PCF","VIOLCODE","VIOL","VIOLSUB","HITRUN","ROADSURF","RDCOND1","RDCOND2","LIGHTING","RIGHTWAY","CHPRDTYP","NOTPRIV","STFAULT","CHPFAULT","SEVINJ","OTHERINJ","COP","PEDKILL","PEDINJ","BICKILL","BICINJ","MCKILL","MCINJURE","RAMP1","RAMP2","CITY","COUNTY","STATE","X_CHP","Y_CHP"
"6064275",-121.6598332,39.3015251,2013,"5100","5","2","4","05",0,1,"A",,,,,,1200,4,"C","C","A","LARKIN RD","RIVIERA RD",0,,"Y","2014-02-21",9285,"2013-04-02",918,"13966",,"1","9","0","3",,"2","007","-","N",,0,0,,,0,,,,"Y",2,"A","-",21752,"D","N","A","H","-","A","D","0","Y","A","01",0,0,1,0,0,0,0,0,0,"-","-","UNINCORPORATED","SUTTER","CA",0,0
"6064269",-121.6068001,38.9614528,2013,"5100","3","4","3","08",0,1,"A",,,,,,1800,3,"F","A","A","RT 99","CENTRAL AV",345,"S","N","2014-12-12",9285,"2013-03-28",1600,"018107",,"2","9","0","1",,"1","011","-","Y","SUT",3,99,"-","-",16.82,"H","-","S","Y",1,"A","-",22107,,"N","A","H","-","A","D","0","Y","D","22",0,1,0,0,0,0,0,0,0,"-","-","UNINCORPORATED","SUTTER","CA",-121.60681,38.96074
"6064263",-121.6409987,39.2190929,2013,"5100","3","6","4","03",0,1,"A",,,,,,1800,4,"C","C","A","RT 99","ENCINAL RD",294,"N","N","2014-02-21",9285,"2013-04-20",1740,"17163",,"2","9","0","1",,"1","071","-","Y","SUT",3,99,"-","T",36.04,"H","-","S","Y",3,"A","-",22350,,"N","A","H","-","A","A","1","Y","D","22",0,0,1,0,0,0,0,0,0,"-","-","UNINCORPORATED","SUTTER","CA",-121.64122,39.21899
"6064259",-121.8006333,39.069935,2013,"5100","5","1","3","08",0,1,"A",,,,,,1800,4,"D","C","A","PROGRESS RD","OSWALD RD",0,,"Y","2014-02-21",9285,"2013-04-22",1710,"15976",,"2","9","0","3",,"2","003","-","N",,0,0,,,0,,,,"Y",2,"A","-",22107,,"F","A","H","-","A","D","0","Y","A","07",0,1,0,0,0,0,0,0,0,"-","-","UNINCORPORATED","SUTTER","CA",-121.80055,39.06987
"6047577",-121.6261074,39.1415741,2013,"5102","0","7","3","12",0,1,"A",,,,,,600,5,"D","C","A","RT 20","CLARK AV",0,,"Y","2014-03-01",5102,"2013-05-05",538,"4076","5102","5","4","0","0",,"0","004","-","Y","SUT",3,20,"-","-",16.06,"I","5","E","Y",2,"A","-",21453,"A","N","A","H","-","B","A","0","Y","A","01",0,1,0,0,0,0,0,0,0,"-","-","YUBA CITY","SUTTER","CA",0,0
"6047575",-121.6512831,39.150135,2013,"5102","0","4","4","08",0,1,"A",,,,,,1500,5,"B","C","A","BUTTE HOUSE RD","BLEVIN RD",0,,"Y","2014-02-20",5102,"2013-05-02",1450,"4040","5102","5","4","0","0",,"0","002","-","N",,0,0,,,0,,,,"N",2,"A","-",22107,,"N","A","H","-","A","A","0","Y","A","01",0,0,1,0,0,0,0,0,0,"-","-","YUBA CITY","SUTTER","CA",0,0
"6047574",-121.636176,39.1417077,2013,"5102","0","3","4","09",0,2,"A",,,,,,1800,4,"D","C","A","RT 20","RT 99",400,"W","N","2014-02-18",5102,"2013-04-24",1707,"4016","5102","5","4","0","0",,"0","002","-","Y","SUT",3,20,"-","R",15.51,"H","-","E",,2,"A","-",21801,"A","N","A","H","-","A","D","0","Y","A","01",0,0,2,0,0,0,0,0,0,"-","-","YUBA CITY","SUTTER","CA",0,0
"6047573",-121.6439433,39.1322986,2013,"5102","0","1","2","11",0,1,"A","Y",,,,,2400,4,"G","B","B","WALTON AV","BRIDGE ST",6,"S","N","2014-02-18",5102,"2013-04-15",2214,"4066","5102","5","4","0","0",,"0","002","-","N",,0,0,,,0,,,,"N",2,"A","-",21453,"D","F","A","H","-","C","A","0","Y","N","60",1,0,0,0,1,0,0,0,0,"-","-","YUBA CITY","SUTTER","CA",0,0
"6044927",-121.6298932,39.1323251,2013,"5102","0","7","3","12",0,1,"A",,,,,,1500,4,"D","C","A","BRIDGE ST","GRAY AV",0,,"Y","2014-02-14",5102,"2013-04-07",1353,"4086","SUTTE","5","4","0","0",,"0","004","-","N",,0,0,,,0,,,,"Y",2,"A","-",21453,"A","N","A","H","-","A","A","0","Y","A","01",0,1,0,0,0,0,0,0,0,"-","-","YUBA CITY","SUTTER","CA",0,0
"6040714",0,0,2013,"5102","0","4","4","21",0,1,"A",,,,,,2100,4,"A","C","A","DOWNIE ST","OAK AV",200,"W","N","2014-02-20",5102,"2013-04-18",1815,"4069","5102","5","4","0","0",,"0","003","-","N",,0,0,,,0,,,,"N",2,"A","-",22106,,"N","A","-","-","A","D","0","Y","A","01",0,0,1,0,0,0,0,0,0,"-","-","YUBA CITY","SUTTER","CA",0,0
"6040710",-121.6253014,39.1518268,2013,"5102","0","1","4","09",0,1,"A",,,,,,1500,4,"D","D","A","QUEENS AV","UPLAND DR",42,"W","N","2014-02-20",5102,"2013-04-22",1244,"4062","5102","5","4","0","0",,"0","003","-","N",,0,0,,,0,,,,"N",2,"A","-",21802,"A","F","A","H","-","A","A","0","Y","A","01",0,0,1,0,0,0,0,0,0,"-","-","YUBA CITY","SUTTER","CA",0,0
"6040662",-121.634523,39.1283183,2013,"5102","0","4","4","03",0,1,"A",,,,,,1800,4,"C","C","A","RT 99","FRANKLIN RD",400,"N","N","2014-02-14",5102,"2013-04-11",1711,"4069","5102","5","4","0","0",,"0","002","-","Y","SUT",3,99,"-","-",29.75,"H","-","N","Y",2,"A","-",22350,,"N","A","H","-","A","A","0","Y","A","01",0,0,1,0,0,0,0,0,0,"-","-","YUBA CITY","SUTTER","CA",0,0
"6040658",-121.6301426,39.1538327,2013,"5102","0","2","4","08",0,3,"A",,,,,,1800,4,"D","C","A","GRAY AV","KENNY DR",30,"S","N","2014-02-20",5102,"2013-04-02",1757,"4054",,"5","4","0","0",,"0","003","-","N",,0,0,,,0,,,,"Y",2,"A","-",22107,,"N","A","H","-","A","D","0","Y","A","01",0,0,3,0,0,0,0,0,0,"-","-","YUBA CITY","SUTTER","CA",0,0
"6040650",-121.6553165,39.1414171,2013,"5102","0","6","2","11",0,2,"A","Y",,"Y",,,1200,4,"G","B","D","RT 20","HARTER PKWY",30,"E","N","2014-02-20",5102,"2013-04-13",1153,"4061","5102","5","4","0","0",,"0","001","-","Y","SUT",3,20,"-","-",14.48,"H","-","E","Y",2,"A","-",21453,"D","N","A","H","-","A","A","0","Y","N","60",2,0,0,0,1,0,0,0,1,"-","-","YUBA CITY","SUTTER","CA",0,0
"6038298",-121.6344549,39.1331581,2013,"5102","0","7","4","01",0,1,"A",,,,,"Y",2100,4,"C","C","A","RT 99","BRIDGE ST",20,"N","N","2014-02-11",5102,"2013-04-14",2044,"4016","5102","5","4","0","0",,"0","004","-","Y","SUT",3,99,"-","-",30.04,"H","-","S","Y",2,"A","-",23153,"A","F","A","H","-","C","A","0","Y","D","22",0,0,1,0,0,0,0,0,0,"-","-","YUBA CITY","SUTTER","CA",0,0
"6029820",0,0,2013,"5102","0","3","4","05",0,1,"A",,"Y",,,,1500,4,"B","G","A","PALORA AV","FRANKLIN AV",500,"N","N","2014-02-11",5102,"2013-04-10",1326,"4040","5102","5","4","0","0",,"0","1326","-","N",,0,0,,,0,,,,"N",2,"A","-",21650,"1","N","A","H","-","A","D","0","Y","L","04",0,0,1,0,0,0,1,0,0,"-","-","YUBA CITY","SUTTER","CA",0,0
"6022651",-121.6345361,39.12763,2013,"5102","0","6","3","09",0,2,"A",,,,,,2400,3,"D","C","A","RT 99","FRANKLIN RD",0,,"Y","2014-12-17",5102,"2013-03-30",2346,"4076","5102","5","4","0","0",,"0","002","-","Y","SUT",3,99,"-","-",29.67,"I","5","S","Y",2,"A","-",21800,"A","N","A","H","-","C","A","0","Y","A","01",0,2,0,0,0,0,0,0,0,"-","-","YUBA CITY","SUTTER","CA",0,0
"6022647",-121.6440332,39.1416452,2013,"5102","0","2","4","07",0,2,"A",,,,,,1500,3,"B","C","A","WALTON AV","RT 20",39,"S","N","2014-02-06",5102,"2013-03-26",1313,"4081","5102","5","4","0","0",,"0","002","-","Y","SUT",3,20,"-","R",15.094,"I","6","E","N",3,"A","-",21658,"A","N","A","H","-","A","A","0","Y","A","07",0,0,2,0,0,0,0,0,0,"-","-","YUBA CITY","SUTTER","CA",0,0
"6022058",-121.6302331,39.145305,2013,"5102","0","1","4","09",0,1,"A",,,,,,1800,3,"D","C","A","GRAY AV","BUTTE HOUSE RD",0,,"Y","2014-07-30",5102,"2013-03-25",1659,"4063","5102","5","4","0","0",,"0","003","-","N",,0,0,,,0,,,,"Y",2,"A","-",21453,"C","N","A","G","-","A","A","0","Y","A","01",0,0,1,0,0,0,0,0,0,"-","-","YUBA CITY","SUTTER","CA",0,0
"6017330",-121.6719448,39.1558537,2013,"5102","0","3","4","03",0,2,"C",,,,,,900,3,"C","C","A","BUTTE HOUSE RD","MADISON RD",25,"E","N","2014-02-05",5102,"2013-03-20",626,"4087","5102","5","4","0","0",,"0","001","-","N",,0,0,,,0,,,,"N",3,"A","-",22350,,"N","B","H","-","B","D","0","Y","A","01",0,0,2,0,0,0,0,0,0,"-","-","YUBA CITY","SUTTER","CA",0,0
"6017326",-121.6251109,39.1321751,2013,"5102","0","2","4","04",0,1,"A",,,,,,1500,3,"C","C","A","BRIDGE ST","CLARK AV",12,"E","N","2014-02-05",5102,"2013-03-19",1428,"4081","5102","5","4","0","0",,"0","004","-","N",,0,0,,,0,,,,"Y",2,"A","-",21703,,"N","A","H","-","A","A","0","Y","A","01",0,0,1,0,0,0,0,0,0,"-","-","YUBA CITY","SUTTER","CA",0,0
"6017322",-121.6302095,39.1492699,2013,"5102","0","5","4","08",0,1,"A",,,,,,1800,3,"B","C","A","GRAY AV","WASHINGTON AV",60,"N","N","2014-02-05",5102,"2013-03-15",1517,"4069","5102","5","4","0","0",,"0","003","-","N",,0,0,,,0,,,,"N",2,"A","-",22107,,"N","A","H","-","A","D","0","Y","A","01",0,0,1,0,0,0,0,0,0,"-","-","YUBA CITY","SUTTER","CA",0,0
"6017314",0,0,2013,"5102","0","4","3","00",0,1,"A",,,"Y",,,1500,3,"H","-","A","BOGUE RD","SINGHS WY",200,"W","N","2014-02-05",5102,"2013-03-14",1242,"4083","5102","5","4","0","0",,"0","005","-","N",,0,0,,,0,,,,"N",1,"A","-",23103,"A","N","A","H","-","A","D","0","Y","C","02",0,1,0,0,0,0,0,0,1,"-","-","YUBA CITY","SUTTER","CA",0,0
"6017310",-121.6283252,39.1416409,2013,"5102","0","5","4","05",0,1,"A",,"Y",,,,900,3,"D","G","A","RT 20","STAFFORD WY",0,,"Y","2014-12-19",5102,"2013-03-15",831,"4081","5102","5","4","0","0",,"0","004","-","Y","SUT",3,20,"-","-",15.94,"I","6","E","N",2,"A","-",21650,,"N","A","H","-","A","A","0","Y","L","04",0,0,1,0,0,0,1,0,0,"-","-","YUBA CITY","SUTTER","CA",0,0
"6016763",-121.6206991,39.150007,2013,"5102","0","3","3","05",0,1,"A",,,,,,600,3,"E","I","A","LIVE OAK BL","GRANT WY",94,"S","N","2014-02-10",5102,"2013-03-13",554,"4040","5102","5","4","0","0",,"0","003","-","N",,0,0,,,0,,,,"Y",1,"A","-",21650,,"N","A","H","-","C","D","0","Y","D","22",0,1,0,0,0,0,0,0,0,"-","-","YUBA CITY","SUTTER","CA",0,0
"6016759",-121.6350282,39.1418352,2013,"5102","0","5","4","03",0,2,"A",,,,,,1800,3,"C","C","A","RT 20","RT 99",30,"E","N","2014-02-06",5102,"2013-03-01",1650,"4029","5102","5","4","0","0",,"0","002","-","Y","SUT",3,20,"-","-",15.58,"H","-","W","Y",2,"A","-",22350,,"N","A","H","-","A","A","0","Y","-","-",0,0,2,0,0,0,0,0,0,"-","-","YUBA CITY","SUTTER","CA",0,0
"6016751",-121.6137232,39.135875,2013,"5102","0","1","3","12",0,4,"A",,,,,,900,3,"D","C","A","BRIDGE ST","SHASTA ST",0,,"Y","2014-02-10",5102,"2013-03-25",726,"4062","5102","5","4","0","0",,"0","004","-","N",,0,0,,,0,,,,"Y",2,"A","-",21453,"A","N","A","H","-","A","A","0","Y","D","22",0,1,3,0,0,0,0,0,0,"-","-","YUBA CITY","SUTTER","CA",0,0
"6016747",-121.6259094,39.1272351,2013,"5102","0","5","4","03",0,2,"A",,,,,,1800,3,"C","C","A","FRANKLIN AV","CLARK AV",320,"W","N","2014-02-10",5102,"2013-03-15",1557,"484","5102","5","4","0","0",,"0","005","-","N",,0,0,,,0,,,,"Y",2,"A","-",22350,,"N","A","H","-","A","A","0","Y","A","01",0,0,2,0,0,0,0,0,0,"-","-","YUBA CITY","SUTTER","CA",0,0
"6013495",-121.6346028,39.1218025,2013,"5100","3","2","4","09",0,1,"A",,,,,,1800,3,"A","C","A","RT 99","HUNN RD",0,,"Y","2014-12-17",9285,"2013-03-05",1525,"13966",,"2","9","0","1",,"1","051","-","Y","SUT",3,99,"-","-",29.28,"I","5","S","Y",2,"A","-",21801,"A","N","A","H","-","A","A","0","Y","A","01",0,0,1,0,0,0,0,0,0,"-","-","UNINCORPORATED","SUTTER","CA",-121.63459,39.12175
"6013491",-121.5406547,38.7498044,2013,"5100","3","2","4","16",0,1,"A",,,,,,600,3,"E","J","A","RT 99","RIEGO RD",0,,"Y","2014-12-17",9285,"2013-03-12",545,"13174",,"3","9","0","1",,"1","011","-","Y","SUT",3,99,"-","-",0.95,"I","5","S","Y",2,"A","-",24002,"A","N","A","B","-","C","A","5","Y","-","99",0,0,1,0,0,0,0,0,0,"-","-","UNINCORPORATED","SUTTER","CA",-121.54109,38.75028
"6013483",-121.6415232,39.2180152,2013,"5100","4","7","4","03",0,2,"A",,,,,,1500,3,"C","C","A","LIVE OAK BL","RT 99",25,"S","N","2014-12-17",9285,"2013-03-17",1405,"14793",,"2","9","0","2",,"2","073","-","Y","SUT",3,99,"-","T",35.96,"I","6","N","N",2,"A","-",22350,,"N","A","H","-","A","A","1","Y","A","01",0,0,2,0,0,0,0,0,0,"-","-","UNINCORPORATED","SUTTER","CA",-121.64123,39.21791
"6013475",-121.5407717,38.7505051,2013,"5100","3","5","4","03",0,2,"B",,,,,,1800,3,"C","C","A","RT 99","RIEGO RD",273,"N","N","2014-12-17",9285,"2013-03-08",1700,"15048",,"2","9","0","1",,"1","011","-","Y","SUT",3,99,"-","-",1,"H","-","S","Y",2,"A","-",22350,,"N","A","H","-","A","A","5","Y","A","01",0,0,2,0,0,0,0,0,0,"-","-","UNINCORPORATED","SUTTER","CA",-121.54078,38.75093
"6013467",-121.6533932,39.025365,2013,"5100","5","6","2","01",0,1,"A",,,,,"Y",2400,3,"E","I","A","CARLSON RD","OBANION RD",0,,"Y","2014-02-08",9285,"2013-03-02",2220,"17889",,"3","9","0","3",,"2","005","-","N",,0,0,,,0,,,,"Y",1,"A","-",23152,"A","N","A","H","-","D","A","0","Y","A","07",1,0,0,0,0,0,0,0,0,"-","-","UNINCORPORATED","SUTTER","CA",-121.65338,39.02548
"6013460",-121.6565637,39.2616553,2013,"5100","3","5","4","03",0,1,"A",,,,,,1800,3,"C","C","A","RT 99","COLEMAN AV",528,"S","N","2014-12-12",9285,"2013-03-15",1625,"15048",,"2","9","0","1",,"1","071","-","Y","SUT",3,99,"-","-",39.22,"H","-","N","N",2,"A","-",22350,,"N","A","H","-","A","D","1","Y","A","01",0,0,1,0,0,0,0,0,0,"-","-","UNINCORPORATED","SUTTER","CA",-121.65651,39.26172
"6013456",-121.6346239,39.1127779,2013,"5100","4","6","4","03",0,2,"A",,,,,,1800,3,"D","C","A","LINCOLN RD","RT 99",30,"E","N","2015-01-15",9285,"2013-03-16",1625,"14793",,"2","9","0","2",,"2","052","-","Y","SUT",3,99,"-","-",28.67,"I","6","N","Y",2,"A","-",22350,,"N","A","H","-","A","A","0","Y","A","01",0,0,2,0,0,0,0,0,0,"-","-","UNINCORPORATED","SUTTER","CA",-121.63418,39.11268
"6013275",-121.5825068,38.8971713,2013,"5100","3","4","4","08",0,2,"A",,,,,,1200,2,"E","I","A","RT 99","GARDEN HWY",1056,"S","N","2014-01-30",9285,"2013-02-28",1000,"015976",,"1","9","0","1",,"1","011","-","Y","SUT",3,99,"-","-",11.78,"H","-","N","Y",1,"A","-",22107,,"N","A","H","-","A","D","0","Y","A","01",0,0,2,0,0,0,0,0,0,"-","-","UNINCORPORATED","SUTTER","CA",-121.58148,38.89714
"6013204",-121.5402885,38.7497524,2013,"5100","3","3","3","11",0,1,"A","Y",,,,,2400,2,"G","B","D","RT 99","RIEGO RD",0,,"Y","2014-12-17",9285,"2013-02-27",2132,"017080",,"2","9","0","1",,"1","011","-","Y","SUT",3,99,"-","-",0.94,"H","-","N","N",2,"A","-",21954,"A","N","A","H","-","C","A","5","Y","N","60",0,1,0,0,1,0,0,0,0,"-","-","UNINCORPORATED","SUTTER","CA",-121.54033,38.75031
"6012926",-121.6306332,39.189965,2013,"5100","4","1","4","09",0,1,"A",,,,"Y",,900,3,"A","C","A","LIVE OAK BL","EAGER RD",0,,"Y","2014-07-22",9285,"2013-03-11",613,"13966",,"1","9","0","2",,"2","073","-","N",,0,0,,,0,,,,"Y",2,"A","-",21801,"A","N","A","H","-","B","D","0","Y","A","01",0,0,1,0,0,0,0,0,0,"-","-","UNINCORPORATED","SUTTER","CA",-121.63656,39.18967
"6012913",-121.6102322,39.0042841,2013,"5100","4","4","4","08",0,1,"A",,,,,,2100,3,"E","I","A","GARDEN HWY","RT 99",276,"W","N","2014-10-29",9285,"2013-03-14",1840,"018522",,"2","9","0","2",,"2","052","-","N",,0,0,,,0,,,,"Y",1,"A","-",22107,,"N","A","D","H","A","D","0","Y","D","22",0,0,1,0,0,0,0,0,0,"-","-","UNINCORPORATED","SUTTER","CA",-121.58441,38.89875
"6012902",-121.7458204,39.1422801,2013,"5100","3","3","2","08",0,9,"A",,,,,,600,2,"D","C","A","RT 20","HUMPHREY RD",6336,"W","N","2014-12-23",9285,"2013-02-27",555,"15976",,"3","9","0","1",,"2","072","-","Y","SUT",3,20,"-","-",9.63,"H","-","W","Y",2,"A","-",22107,,"F","A","H","-","D","D","0","Y","D","22",1,4,4,0,0,0,0,0,0,"-","-","UNINCORPORATED","SUTTER","CA",-121.739,39.142
"6012881",-121.6720034,39.0810986,2013,"5100","4","3","4","08",0,3,"A",,,,,,1200,2,"D","C","A","GEORGE WASHINGTON BL","REED RD",250,"S","N","2014-01-30",9285,"2013-02-27",915,"014825",,"1","9","0","2",,"2","052","-","N",,0,0,,,0,,,,"Y",2,"A","-",22107,,"N","A","H","-","A","D","0","Y","A","01",0,0,3,0,0,0,0,0,0,"-","-","UNINCORPORATED","SUTTER","CA",-121.67203,39.08154
"6008799",0,0,2013,"5102","0","3","4","03",0,2,"A",,,,,,900,2,"C","C","A","8N 02","PARK AV",0,,"Y","2014-03-27",5102,"2013-02-06",852,"4083","5102","5","4","0","0",,"0","004","-","N",,0,0,,,0,,,,"N",2,"A","-",22350,,"N","A","H","-","A","A","0","Y","A","01",0,0,2,0,0,0,0,0,0,"-","-","YUBA CITY","SUTTER","CA",0,0
"6008795",-121.6367932,39.132365,2013,"5102","0","1","4","05",0,1,"A",,"Y",,,,1800,2,"D","G","A","BRIDGE ST","OJI WY",0,,"Y","2014-03-27",5102,"2013-02-11",1516,"4083","5102","5","4","0","0",,"0","002","-","N",,0,0,,,0,,,,"N",2,"A","-",21650,"1","N","A","H","-","A","A","0","Y","L","04",0,0,1,0,0,0,1,0,0,"-","-","YUBA CITY","SUTTER","CA",0,0
"6008732",-121.6231527,39.1414563,2013,"5102","0","5","3","11",0,1,"A","Y",,,,,1200,2,"G","B","D","RT 20","ORANGE ST",0,,"Y","2014-12-03",5102,"2013-02-01",1153,"4081","5102","5","4","0","0",,"0","004","-","Y","SUT",3,20,"-","-",16.22,"H","-","E","Y",2,"A","-",21954,"A","N","A","H","-","A","D","0","Y","N","60",0,1,0,0,1,0,0,0,0,"-","-","YUBA CITY","SUTTER","CA",0,0
"6008728",0,0,2013,"5102","0","1","3","09",0,3,"A",,,,,,900,2,"D","C","A","FRANKLIN RD","HETHERINGTON CIR",0,,"Y","2014-01-30",5102,"2013-02-04",748,"4034","5102","5","4","0","0",,"0","001","-","N",,0,0,,,0,,,,"Y",2,"A","-",21802,"A","N","A","H","-","A","A","0","Y","A","01",0,1,2,0,0,0,0,0,0,"-","-","YUBA CITY","SUTTER","CA",0,0
"6008724",-121.6278717,39.1426137,2013,"5102","0","1","3","08",0,1,"A",,,"Y",,,1800,2,"D","C","A","STAFFORD WY","WILWICK AV",26,"S","N","2014-01-30",5102,"2013-02-04",1751,"4063","5102","5","4","0","0",,"0","003","-","N",,0,0,,,0,,,,"Y",2,"A","-",22107,,"N","A","H","-","B","D","0","Y","A","01",0,1,0,0,0,0,0,0,1,"-","-","YUBA CITY","SUTTER","CA",0,0
"6007512",-121.6720886,39.0743506,2013,"5100","4","1","2","08",0,1,"A",,,,"Y","Y",300,2,"B","C","A","GEORGE WASHINGTON BL","OSWALD RD",1954,"N","N","2014-01-30",9285,"2013-02-18",112,"018340",,"3","9","0","2",,"2","052","-","N",,0,0,,,0,,,,"Y",2,"A","-",22107,,"N","A","H","-","D","D","0","Y","A","01",1,0,0,0,0,0,0,0,0,"-","-","UNINCORPORATED","SUTTER","CA",-121.67201,39.07468
"6007496",-121.6067647,38.9435523,2013,"5100","3","3","3","09",0,1,"E",,,,"Y",,900,2,"D","C","A","RT 99","CYPRESS AV",528,"S","N","2014-12-12",9285,"2013-02-06",740,"014401",,"1","9","0","1",,"1","011","-","Y","SUT",3,99,"-","-",15.57,"H","-","S","Y",2,"A","-",21802,"A","N","A","H","-","A","D","0","Y","G","26",0,1,0,0,0,0,0,0,0,"-","-","UNINCORPORATED","SUTTER","CA",-121.60695,38.9434
"6006506",-121.6612746,39.28141,2013,"5101","0","6","4","09",0,6,"A",,,,,,2100,2,"C","C","A","RT 99","NEVADA ST",0,,"Y","2014-12-17",5100,"2013-02-09",1830,"2091","LOCA2","5","2","0","0",,"0","02A","-","Y","SUT",3,99,"-","-",40.625,"I","5","N","Y",2,"A","-",21802,"B","N","A","H","-","C","A","0","Y","A","01",0,0,6,0,0,0,0,0,0,"-","-","LIVE OAK","SUTTER","CA",0,0
"6004718",-121.6207445,39.1355262,2013,"5102","0","6","4","04",0,3,"A",,,,,,1800,2,"C","C","A","REEVES AV","OLIVE ST",150,"E","N","2014-01-29",5102,"2013-02-23",1610,"4052","5102","5","4","0","0",,"0","004","-","N",,0,0,,,0,,,,"N",2,"A","-",21703,,"N","A","H","-","A","D","0","Y","A","07",0,0,3,0,0,0,0,0,0,"-","-","YUBA CITY","SUTTER","CA",0,0
"6004714",-121.6258709,39.1438466,2013,"5102","0","3","3","16",0,1,"A",,,"Y",,,1800,2,"C","C","A","CLARK AV","AINSLEY AV",60,"S","N","2014-01-29",5102,"2013-02-27",1556,"4081","5102","5","4","0","0",,"0","003","-","N",,0,0,,,0,,,,"N",2,"A","-",24002,"A","N","A","H","-","A","A","0","Y","C","02",0,1,0,0,0,0,0,0,1,"-","-","YUBA CITY","SUTTER","CA",0,0
"6004710",-121.6298032,39.1272451,2013,"5102","0","4","4","12",0,1,"A",,,,,,1800,2,"D","C","A","FRANKLIN AV","GRAY AV",0,,"Y","2014-01-29",5102,"2013-02-28",1505,"4079","5102","5","4","0","0",,"0","004","-","N",,0,0,,,0,,,,"Y",2,"A","-",21453,"A","N","A","H","-","A","A","0","Y","A","01",0,0,1,0,0,0,0,0,0,"-","-","YUBA CITY","SUTTER","CA",0,0
"6004479",-121.6094932,39.1339651,2013,"5102","0","2","4","05",0,1,"A",,"Y",,,,1500,3,"H","G","A","C ST","BOYD ST",0,,"Y","2014-02-08",5102,"2013-03-05",1419,"4040","5102","5","4","0","0",,"0","004","-","N",,0,0,,,0,,,,"N",2,"A","-",21650,,"N","A","H","-","A","D","0","Y","A","08",0,0,1,0,0,0,1,0,0,"-","-","YUBA CITY","SUTTER","CA",0,0
"6004443",-121.6100694,39.1349169,2013,"5102","0","4","4","09",0,2,"B",,,,,,1200,3,"D","C","A","B ST","BOYD ST",8,"W","N","2014-02-08",5102,"2013-03-07",1027,"4081","5102","5","4","0","0",,"0","004","-","N",,0,0,,,0,,,,"N",2,"A","-",21804,"A","N","A","B","-","A","D","0","Y","A","01",0,0,2,0,0,0,0,0,0,"-","-","YUBA CITY","SUTTER","CA",0,0
"5997348",-121.6247832,39.1272651,2013,"5102","0","2","2","00",0,1,"A",,,,,,600,1,"D","C","A","FRANKLIN AV","CLARK AV",0,,"Y","2014-01-21",5102,"2013-01-29",505,"4071","5102","5","4","0","0",,"0","005","-","N",,0,0,,,0,,,,"Y",2,"D","-",0,,"N","A","H","-","C","A","0","Y","-","-",1,0,0,0,0,0,0,0,0,"-","-","YUBA CITY","SUTTER","CA",0,0
"5997344",-121.6160833,39.1449551,2013,"5102","0","2","3","10",0,1,"A","Y",,,,,900,1,"G","B","B","DEL NORTE AV","SHASTA ST",0,,"Y","2014-01-21",5102,"2013-01-29",704,"4034","5102","5","4","0","0",,"0","003","-","N",,0,0,,,0,,,,"N",3,"A","-",21950,"A","N","A","H","-","B","A","0","Y","A","01",0,1,0,0,1,0,0,0,0,"-","-","YUBA CITY","SUTTER","CA",0,0
"5997340",-121.6162633,39.1292431,2013,"5102","0","4","3","05",0,1,"A",,"Y",,,,1800,1,"A","G","A","PERCY AV","FRANKLIN AV",8,"S","N","2014-01-21",5102,"2013-01-31",1652,"4029","5102","5","4","0","0",,"0","005","-","N",,0,0,,,0,,,,"N",2,"A","-",21650,,"N","A","H","-","A","A","0","Y","L","04",0,1,0,0,0,0,1,0,0,"-","-","YUBA CITY","SUTTER","CA",0,0
"5997336",-121.6249074,39.1179438,2013,"5102","0","4","4","08",0,1,"A",,"Y",,,,2100,1,"D","G","A","BUNCE RD","RICHLAND RD",70,"S","N","2014-01-21",5102,"2013-01-31",1814,"4069","5102","5","4","0","0",,"0","004","-","N",,0,0,,,0,,,,"N",2,"A","-",22107,,"N","A","H","-","C","D","0","Y","L","04",0,0,1,0,0,0,1,0,0,"-","-","YUBA CITY","SUTTER","CA",0,0