"CASEID","POINT_X","POINT_Y","YEAR_","LOCATION","CHPTYPE","DAYWEEK","CRASHSEV","VIOLCAT","KILLED","INJURED","WEATHER1","PEDCOL","BICCOL","MCCOL","TRUCKCOL","ETOH","TIMECAT","MONTH_","CRASHTYP","INVOLVE","PED","PRIMARYRD","SECONDRD","DISTANCE","DIRECT","INTERSECT_","PROCDATE","JURIS","DATE_","TIME_","BADGE","JURIDIST","SHIFT","POP","SPECIAL","BEATTYPE","LAPDDIV","BEATCLAS","BEATNUMB","WEATHER2","STATEHW","CALTRANC","CALTRAND","STROUTE","ROUTESUF","POSTPRE","POSTMILE","LOCATYPE","RAMP","SIDEHW","TOWAWAY","PARTIES","PCF","VIOLCODE","VIOL","VIOLSUB","HITRUN","ROADSURF","RDCOND1","RDCOND2","LIGHTING","RIGHTWAY","CHPRDTYP","NOTPRIV","STFAULT","CHPFAULT","SEVINJ","OTHERINJ","COP","PEDKILL","PEDINJ","BICKILL","BICINJ","MCKILL","MCINJURE","RAMP1","RAMP2","CITY","COUNTY","STATE","X_CHP","Y_CHP"
"5997258",-121.6716032,39.1415052,2013,"5102","0","7","4","01",0,4,"A",,,,,"Y",1800,1,"D","C","A","RT 20","GEORGE WASHINGTON BL",0,,"Y","2014-12-19",5102,"2013-01-20",1613,"4049","5102","5","4","0","0",,"0","001","-","Y","SUT",3,20,"-","-",13.6,"I","5","W","Y",2,"A","-",23152,"A","F","A","H","-","A","A","0","Y","A","01",0,0,4,0,0,0,0,0,0,"-","-","YUBA CITY","SUTTER","CA",0,0
"5997254",-121.6157432,39.1007751,2013,"5102","0","2","4","03",0,1,"A",,,"Y",,,1800,1,"H","A","A","BOGUE RD","GARDEN HWY",0,,"Y","2014-01-21",5102,"2013-01-15",1712,"4086","SUTTE","5","4","0","0",,"0","005","-","N",,0,0,,,0,,,,"Y",1,"A","-",22350,,"N","A","H","-","B","A","0","Y","C","02",0,0,1,0,0,0,0,0,1,"-","-","YUBA CITY","SUTTER","CA",0,0
"5994972",-121.835585,39.2963557,2013,"5100","5","3","4","03",0,1,"E",,,,,,600,1,"H","J","A","BUTTE RD","MEYERS LN",5280,"W","N","2014-01-23",9285,"2013-01-09",450,"13174",,"3","9","0","3",,"2","007","-","N",,0,0,,,0,,,,"N",1,"A","-",22350,,"N","A","-","-","D","D","0","Y","A","01",0,0,1,0,0,0,0,0,0,"-","-","UNINCORPORATED","SUTTER","CA",-121.83567,39.29637
"5991596",-121.6132506,39.1360599,2013,"5102","0","7","4","03",0,2,"A",,,,,,1200,2,"C","C","A","BRIDGE ST","SHASTA ST",150,"E","N","2014-01-27",5102,"2013-02-17",1116,"4034","5102","5","4","0","0",,"0","004","-","N",,0,0,,,0,,,,"Y",2,"A","-",22350,,"N","A","H","-","A","D","0","Y","A","01",0,0,2,0,0,0,0,0,0,"-","-","YUBA CITY","SUTTER","CA",0,0
"5991592",-121.623503,39.1324809,2013,"5102","0","3","4","03",0,1,"B",,,,,"Y",300,2,"E","I","A","BRIDGE ST","COOPER AV",51,"W","N","2014-01-27",5102,"2013-02-20",35,"4067","5102","5","4","0","0",,"0","004","-","N",,0,0,,,0,,,,"Y",1,"A","-",22350,,"N","B","H","-","C","A","0","Y","A","01",0,0,1,0,0,0,0,0,0,"-","-","YUBA CITY","SUTTER","CA",0,0
"5988234",-121.6345215,39.1408311,2013,"5102","0","1","4","03",0,2,"A",,,,,,1800,3,"C","C","A","RT 99","RT 20",0,,"Y","2014-12-17",5102,"2013-03-04",1642,"4058","5102","5","4","0","0",,"0","002","-","Y","SUT",3,99,"-","-",30.62,"H","-","N","N",2,"A","-",22350,,"N","A","H","-","A","A","0","Y","A","01",0,0,2,0,0,0,0,0,0,"-","-","YUBA CITY","SUTTER","CA",0,0
"5983699",-121.6964916,39.1413487,2013,"5100","3","4","3","08",0,1,"A",,,,,,2400,2,"F","I","A","RT 20","FRONTAGE RD",798,"W","N","2014-12-03",9285,"2013-02-07",2210,"018522",,"3","9","0","1",,"2","072","-","Y","SUT",3,20,"-","-",12.27,"H","-","W","Y",1,"A","-",22107,,"N","A","H","-","D","D","0","Y","A","01",0,1,0,0,0,0,0,0,0,"-","-","UNINCORPORATED","SUTTER","CA",0,0
"5981449",-121.6351576,39.1418352,2013,"5102","0","5","4","12",0,1,"A",,,,,,1800,1,"D","D","A","RT 99","COLUSA AV",0,,"Y","2014-12-17",5102,"2013-01-04",1738,"4069","SUTER","5","4","0","0",,"0","002","-","Y","SUT",3,20,"-","-",15.573,"I","5","W","Y",2,"A","-",21453,"A","N","A","H","-","C","A","0","Y","A","01",0,0,1,0,0,0,0,0,0,"-","-","YUBA CITY","SUTTER","CA",0,0
"5937117",0,0,2013,"5102","0","2","4","09",0,1,"A",,"Y",,,,1800,3,"D","G","A","STABLER LN","BUTTE VISTA WY",0,,"Y","2014-02-04",5102,"2013-03-12",1712,"4086","SUTTE","5","4","0","0",,"0","002","-","N",,0,0,,,0,,,,"N",2,"A","-",21803,"A","N","A","H","-","A","C","0","Y","L","04",0,0,1,0,0,0,1,0,0,"-","-","YUBA CITY","SUTTER","CA",0,0
"5937050",0,0,2013,"5102","0","6","4","03",0,1,"A",,,,,,2400,2,"B","C","A","5TH ST BRIDGE","SUTTER ST",0,,"Y","2014-01-27",5102,"2013-02-23",2254,"4008","5102","5","4","0","0",,"0","004","-","N",,0,0,,,0,,,,"Y",2,"A","-",22350,,"F","A","H","-","C","D","0","Y","A","01",0,0,1,0,0,0,0,0,0,"-","-","YUBA CITY","SUTTER","CA",0,0
"5937046",-121.6300452,39.1417261,2013,"5102","0","3","4","03",0,1,"A",,,,,,1500,3,"C","C","A","RT 20","GRAY AV",200,"E","N","2014-12-03",5102,"2013-03-06",1259,"4040","5102","5","4","0","0",,"0","002","-","Y","SUT",3,20,"-","-",15.85,"H","-","W","N",3,"A","-",22350,,"N","A","H","-","A","A","0","Y","A","01",0,0,1,0,0,0,0,0,0,"-","-","YUBA CITY","SUTTER","CA",0,0
"5932884",0,0,2013,"5102","0","5","4","21",0,1,"A",,,,,,1200,2,"C","C","A","THARP RD","LASSEN BL",18,"S","N","2014-01-31",5102,"2013-02-22",927,"4079","5102","5","4","0","0",,"0","001","-","N",,0,0,,,0,,,,"Y",2,"A","-",22106,,"N","A","H","-","A","D","0","Y","A","01",0,0,1,0,0,0,0,0,0,"-","-","YUBA CITY","SUTTER","CA",0,0
"5932880",-121.6307838,39.141738,2013,"5102","0","6","4","12",0,1,"A",,,,,,900,2,"D","C","A","RT 20","GRAY AV",0,,"Y","2014-12-19",5102,"2013-02-23",853,"4039","5102","5","4","0","0",,"0","003","-","Y","SUT",3,20,"-","-",15.81,"I","5","W","Y",2,"A","-",21453,"A","N","A","H","-","A","A","0","Y","D","22",0,0,1,0,0,0,0,0,0,"-","-","YUBA CITY","SUTTER","CA",0,0
"5926712",-121.6554932,39.1418951,2013,"5102","0","1","4","12",0,1,"A",,,,,,1800,2,"D","C","A","HARTER PKWY","COLUSA FR RD",0,,"Y","2014-01-29",5102,"2013-02-18",1508,"4058","5102","5","4","0","0",,"0","001","-","N",,0,0,,,0,,,,"Y",2,"A","-",21453,"A","N","A","H","-","A","A","0","Y","A","01",0,0,1,0,0,0,0,0,0,"-","-","YUBA CITY","SUTTER","CA",0,0
"5926708",-121.634463,39.1322025,2013,"5102","0","1","4","03",0,2,"A",,,,,,1800,2,"C","C","A","RT 99","BRIDGE ST",75,"S","N","2014-12-17",5102,"2013-02-11",1645,"4049","5102","5","4","0","0",,"0","002","-","Y","SUT",3,99,"-","-",30.02,"H","-","N","Y",2,"A","-",22350,,"N","A","H","-","A","A","0","Y","A","01",0,0,2,0,0,0,0,0,0,"-","-","YUBA CITY","SUTTER","CA",0,0
"5912040",-121.6439432,39.1323151,2013,"5102","0","2","1","12",1,3,"B",,,,,,1200,11,"D","C","A","WALTON AV","BRIDGE ST",0,,"Y","2014-01-23",5102,"2013-11-12",1038,"4083","5102","5","4","0","0",,"0","003","-","N",,0,0,,,0,,,,"Y",3,"A","-",21453,"A","N","A","H","-","A","A","0","Y","A","01",0,1,2,0,0,0,0,0,0,"-","-","YUBA CITY","SUTTER","CA",0,0
"5911970",-121.6331641,39.0688132,2013,"5100","3","4","1","03",1,1,"A","Y",,,"Y",,600,12,"D","C","E","RT 99","OSWALD RD",140,"S","N","2015-01-14",9285,"2013-12-05",521,"14480",,"3","9","0","1",,"1","051","-","Y","SUT",3,99,"-","-",25.6,"H","-","N","Y",3,"A","-",22350,,"N","A","H","-","D","D","0","Y","A","01",0,1,0,0,1,0,0,0,0,"-","-","UNINCORPORATED","SUTTER","CA",-121.63339,39.06859
"5911596",-121.6220732,39.1329651,2013,"5102","0","3","1","11",1,0,"A","Y",,,,,2100,11,"G","B","D","BRIDGE ST","PARK AV",0,"W","N","2013-11-26",5102,"2013-11-06",2034,"T9007","5102","5","4","0","0",,"0","004","-","N",,0,0,,,0,,,,"Y",2,"A","-",21954,"A","N","A","H","-","C","D","0","Y","N","60",0,0,0,1,0,0,0,0,0,"-","-","YUBA CITY","SUTTER","CA",0,0
"5911480",-121.6333432,39.1323951,2013,"5102","0","4","1","11",1,0,"A","Y",,,,"Y",2400,10,"G","B","D","BRIDGE ST","PALORA AV",0,,"Y","2015-01-12",5102,"2013-10-31",2151,"4089","5102","5","4","0","0",,"0","004","-","N",,0,0,,,0,,,,"Y",5,"A","-",21954,"A","F","A","H","-","D","D","0","Y","N","60",0,0,0,1,0,0,0,0,0,"-","-","YUBA CITY","SUTTER","CA",0,0
"5911117",-121.606921,39.0738192,2013,"5100","4","6","1","08",1,0,"A",,,,,"Y",2100,6,"E","I","A","GARDEN HWY","BARRY RD",1171,"S","N","2015-01-15",9285,"2013-06-29",2026,"17080",,"2","9","0","2",,"2","052","-","N",,0,0,,,0,,,,"Y",1,"A","-",22107,,"N","A","H","-","A","D","0","Y","A","01",0,0,0,0,0,0,0,0,0,"-","-","UNINCORPORATED","SUTTER","CA",-121.60684,39.07383
"5891148",-121.6345304,39.1279288,2013,"5102","0","2","4","03",0,2,"A",,,,,,2100,1,"C","C","A","RT 99","FRANKLIN AV",100,"N","N","2014-12-17",5102,"2013-01-08",1908,"4067","5102","5","4","0","0",,"0","002","-","Y","SUT",3,99,"-","-",29.69,"H","-","S","N",3,"A","-",22350,,"N","A","H","-","C","A","0","Y","D","22",0,0,2,0,0,0,0,0,0,"-","-","YUBA CITY","SUTTER","CA",0,0
"5815402",-121.6255931,39.1410351,2013,"5102","0","3","4","09",0,1,"A",,,,,,900,2,"D","C","A","CLARK AV","ELLIS WY",0,,"Y","2013-03-18",5102,"2013-02-06",804,"4079","5102","5","4","0","0",,"0","004","-","N",,0,0,,,0,,,,"Y",2,"A","-",21802,"A","N","A","H","-","A","D","0","Y","A","01",0,0,1,0,0,0,0,0,0,"-","-","YUBA CITY","SUTTER","CA",0,0
"90193600",0,0,2016,"5100","3","7","3","01",0,1,"A",,,,"Y","Y",2100,5,"E","I","A","SR-99 N/B","KENT AVE",528,"S","N","2016-06-02",9285,"2016-05-15",1810,"018153",,"2","9","0","1",,"1","071","-","Y",,0,0,,,0,,,,"Y",1,"A","-",23152,"A","N","A","H","-","A","D","0","Y","G","24",0,1,0,0,0,0,0,0,0,"-","-","UNINCORPORATED","SUTTER","CA",-121.64101,39.21958
"90193533",-121.6712315,39.301485,2016,"5100","4","3","4","03",0,1,"A",,,,,,1500,5,"C","C","A","LIVE OAK BOULEVARD","STATE ROUTE 99",15,"E","N","2016-06-02",9285,"2016-05-18",1320,"017900",,"1","9","0","2",,"1","073","-","N",,0,0,,,0,,,,"N",2,"A","-",22350,,"N","A","H","-","A","A","0","Y","D","22",0,0,1,0,0,0,0,0,0,"-","-","UNINCORPORATED","SUTTER","CA",-121.64147,39.21795
"90193471",0,0,2016,"5100","5","7","2","03",0,1,"A",,,,,,2400,5,"E","I","A","DALBY RD","PLACER RD",0,,"Y","2016-06-02",9285,"2016-05-22",2219,"015491",,"3","9","0","3",,"1","001","-","N",,0,0,,,0,,,,"Y",1,"A","-",22350,,"N","A","H","-","D","D","0","Y","A","07",1,0,0,0,0,0,0,0,0,"-","-","UNINCORPORATED","SUTTER","CA",-121.41472,38.97065
"90193458",-121.6720732,38.9943972,2016,"5100","3","4","4","08",0,1,"A",,,,,,900,5,"E","I","A","SR-113","THOMPSON ROAD",560,"S","N","2016-06-02",9285,"2016-05-26",845,"014793",,"1","9","0","1",,"2","031","-","Y",,0,0,,,0,,,,"N",1,"A","-",22107,,"N","A","H","-","A","D","0","Y","E","22",0,0,1,0,0,0,0,0,0,"-","-","UNINCORPORATED","SUTTER","CA",-121.67201,38.99445
"90192340",-121.6787833,39.1848951,2016,"5100","5","1","4","12",0,1,"A",,,,,,1500,5,"D","C","A","NUESTRO RD","BROADWAY RD",0,,"Y","2016-06-01",9285,"2016-05-30",1308,"013174",,"1","9","0","3",,"1","007","-","N",,0,0,,,0,,,,"Y",2,"A","-",22450,,"N","A","H","-","A","A","0","Y","A","01",0,0,1,0,0,0,0,0,0,"-","-","UNINCORPORATED","SUTTER","CA",-121.67864,39.18523
"90191747",0,0,2016,"5100","3","4","3","01",0,1,"A",,,,"Y","Y",2400,5,"E","I","A","SR-99 N/B","OSWALD RD",741,"N","N","2016-05-31",9285,"2016-05-12",2304,"018561",,"3","9","0","1",,"1","051","-","Y",,0,0,,,0,,,,"Y",3,"A","-",23152,"A","N","A","H","-","C","D","0","Y","D","22",0,1,0,0,0,0,0,0,0,"-","-","UNINCORPORATED","SUTTER","CA",-121.63349,39.7153
"90184977",0,0,2016,"5100","3","4","3","05",0,1,"A",,,,,,1500,5,"B","C","A","SR-20","ESHEMAN LN",1056,"E","N","2016-05-23",9285,"2016-05-19",1350,"017118",,"1","9","0","1",,"1","062","-","Y",,0,0,,,0,,,,"N",2,"A","-",21460,"A","F","A","H","-","A","D","0","Y","A","07",0,1,0,0,0,0,0,0,0,"-","-","UNINCORPORATED","SUTTER","CA",-121.22217,39.13536
"90182897",0,0,2016,"5100","3","2","4","03",0,1,"A",,,,,,2100,5,"C","C","A","SR-113 S/B","KNIGHTS ROAD",60,"N","N","2016-05-19",9285,"2016-05-10",1840,"017080",,"2","9","0","1",,"2","031","-","Y",,0,0,,,0,,,,"Y",2,"A","-",22350,,"N","A","H","-","A","D","0","Y","A","01",0,0,1,0,0,0,0,0,0,"-","-","UNINCORPORATED","SUTTER","CA",-121.71452,38.81324
"90182501",-121.6067319,38.9291061,2016,"5100","3","4","4","08",0,1,"B",,,,,,1200,5,"E","J","A","SR-99","LAUREL AVE",575,"S","N","2016-05-18",9285,"2016-05-05",1155,"015976",,"1","9","0","1",,"1","011","F","Y",,0,0,,,0,,,,"Y",1,"A","-",22107,,"N","C","H","-","A","D","0","Y","A","01",0,0,1,0,0,0,0,0,0,"-","-","UNINCORPORATED","SUTTER","CA",-121.60679,38.92623
"90181529",-121.6715032,39.098105,2016,"5100","4","7","3","01",0,1,"A",,,,,"Y",600,5,"E","I","A","GEORGE WASHINGTON BLVD","BOGUE RD",0,,"Y","2016-05-17",9285,"2016-05-15",350,"018153",,"3","9","0","2",,"1","052","-","N",,0,0,,,0,,,,"Y",1,"A","-",23152,"A","M","A","H","-","C","D","0","Y","A","07",0,1,0,0,0,0,0,0,0,"-","-","UNINCORPORATED","SUTTER","CA",-121.67153,39.09809
"90181512",-121.489927,38.8239996,2016,"5100","3","1","3","05",0,1,"A",,,,"Y",,900,5,"B","C","A","HOWSLEY ROAD","PLEASANT GROVE ROAD",474,"W","N","2016-05-17",9285,"2016-05-16",716,"013174",,"1","9","0","1",,"1","010","-","N",,0,0,,,0,,,,"Y",2,"A","-",21650,,"N","A","H","-","A","D","0","Y","A","08",0,1,0,0,0,0,0,0,0,"-","-","UNINCORPORATED","SUTTER","CA",-121.48991,39.82401
"90177945",-121.8154234,38.9579367,2016,"5100","5","5","4","08",0,1,"A",,,,,,900,4,"F","A","A","CRANMORE RD","PELGER RD",4224,"N","N","2016-05-12",9285,"2016-04-29",750,"015976",,"1","9","0","3",,"1","003","-","N",,0,0,,,0,,,,"Y",1,"A","-",22107,,"N","A","H","-","A","D","0","Y","A","01",0,0,1,0,0,0,0,0,0,"-","-","UNINCORPORATED","SUTTER","CA",-121.79812,38.9911
"90177767",-121.6054298,38.9687887,2016,"5100","3","6","2","01",0,3,"B",,,,,"Y",900,4,"F","A","A","SR-99","WILSON RD.",2112,"S","N","2016-05-12",9285,"2016-04-23",747,"015976",,"1","9","0","1",,"1","011","-","Y",,0,0,,,0,,,,"Y",1,"A","-",23152,"F","N","A","H","-","A","D","0","Y","A","01",1,1,1,0,0,0,0,0,0,"-","-","UNINCORPORATED","SUTTER","CA",-121.60673,38.96905
"90177763",-121.5011732,38.7801851,2016,"5100","5","3","2","09",0,1,"A",,,"Y",,,1800,4,"D","C","A","SANKEY RD.","NATOMAS RD.",0,,"Y","2016-05-12",9285,"2016-04-20",1530,"015976",,"2","9","0","3",,"1","001","-","N",,0,0,,,0,,,,"Y",2,"A","-",21802,"A","N","A","H","-","A","A","0","Y","A","07",1,0,0,0,0,0,0,0,1,"-","-","UNINCORPORATED","SUTTER","CA",-121.50134,38.78024
"90177736",-121.4933581,38.9074733,2016,"5100","5","1","3","05",0,1,"A",,,,,,600,4,"F","A","A","NICOLAUS AVE","PLEASANT GROVE RD",1584,"W","N","2016-05-12",9285,"2016-04-25",515,"018561",,"3","9","0","3",,"1","001","-","N",,0,0,,,0,,,,"Y",1,"A","-",21650,,"N","A","H","-","D","D","0","Y","A","01",0,1,0,0,0,0,0,0,0,"-","-","UNINCORPORATED","SUTTER","CA",-121.50048,38.90733
"90176957",-121.7072292,39.2756434,2016,"5100","5","5","4","09",0,1,"B",,,,,,1800,4,"D","C","A","PENNINGTON RD","SCHROEDER RD.",313,"W","N","2016-05-11",9285,"2016-04-29",1738,"015976",,"2","9","0","3",,"1","007","-","N",,0,0,,,0,,,,"Y",2,"A","-",21801,"A","N","A","H","-","A","D","0","Y","E","22",0,0,1,0,0,0,0,0,0,"-","-","UNINCORPORATED","SUTTER","CA",-121.70639,39.27582
"90176788",-121.769604,39.1852458,2016,"5100","5","7","1","01",1,0,"A",,,"Y",,"Y",2100,5,"D","C","A","PASS RD","KELLOGG RD",3696,"E","N","2016-05-11",9285,"2016-05-01",1949,"018153",,"2","9","0","3",,"1","007","-","N",,0,0,,,0,,,,"Y",2,"A","-",23152,"A","N","A","H","-","A","D","0","Y","C","02",0,0,0,0,0,0,0,1,0,"-","-","UNINCORPORATED","SUTTER","CA",-121.76961,38.1854
"90175988",0,0,2016,"5100","3","6","2","01",0,4,"A",,,,,"Y",2400,4,"C","C","A","SR-99 S/B","RICHLAND RD",676,"S","N","2016-05-10",9285,"2016-04-23",2112,"018475",,"2","9","0","1",,"1","051","-","Y",,0,0,,,0,,,,"Y",3,"A","-",23152,"A","N","A","H","-","C","D","0","Y","D","22",3,1,0,0,0,0,0,0,0,"-","-","UNINCORPORATED","SUTTER","CA",-121.63477,39.11629
"90174520",-121.5437399,38.7751953,2016,"5100","3","3","3","01",0,1,"B",,,,,"Y",300,5,"F","A","A","SR-99 ","SANKEY RD.",1584,"S","N","2016-05-06",9285,"2016-05-04",230,"019168",,"3","9","0","1",,"1","011","-","Y",,0,0,,,0,,,,"Y",1,"A","-",23152,"A","N","A","H","-","D","D","0","Y","A","07",0,1,0,0,0,0,0,0,0,"-","-","UNINCORPORATED","SUTTER","CA",-121.54339,38.77331
"90174266",-121.4877062,38.9184355,2016,"5100","5","4","3","08",0,1,"B",,,,,,900,5,"E","I","A","PLEASANT GROVE ROAD","CORNELIUS AVENUE",2640,"S","N","2016-05-06",9285,"2016-05-05",735,"014793",,"1","9","0","3",,"1","001","-","N",,0,0,,,0,,,,"Y",1,"A","-",22107,,"N","A","H","-","A","D","0","Y","A","01",0,1,0,0,0,0,0,0,0,"-","-","UNINCORPORATED","SUTTER","CA",-121.48769,38.91788
"90174093",-121.6719139,39.0230901,2016,"5100","4","5","3","08",0,3,"B",,,,,,900,4,"E","I","A","GEORGE WASHINGTON BLVD","OBANION RD",792,"S","N","2016-05-06",9285,"2016-04-22",850,"014793",,"1","9","0","2",,"1","052","-","N",,0,0,,,0,,,,"Y",2,"A","-",22107,,"N","B","H","-","A","D","0","Y","A","08",0,2,1,0,0,0,0,0,0,"-","-","UNINCORPORATED","SUTTER","CA",-121.67195,39.0232
"90174071",-121.5549851,38.8664574,2016,"5100","3","6","3","08",0,2,"B",,,,,,1500,4,"F","A","A","SR-99","STRIPLIN RD",1,"N","N","2016-05-06",9285,"2016-04-09",1212,"015976",,"1","9","0","1",,"1","011","-","Y",,0,0,,,0,,,,"Y",1,"A","-",22107,,"N","B","H","-","A","D","0","Y","A","07",0,1,1,0,0,0,0,0,0,"-","-","UNINCORPORATED","SUTTER","CA",-121.56258,38.87617
"90173484",-121.6274637,39.0983245,2016,"5100","5","3","4","03",0,1,"A",,,,,,1800,4,"C","C","A","BOGUE RD","COLUMBIA DR.",20,"W","N","2016-05-05",9285,"2016-04-20",1720,"015976",,"2","9","0","3",,"1","005","-","N",,0,0,,,0,,,,"N",2,"A","-",22350,,"N","A","H","-","A","D","0","Y","A","01",0,0,1,0,0,0,0,0,0,"-","-","UNINCORPORATED","SUTTER","CA",-121.62716,39.09831
"90172602",-121.6712432,39.3015251,2016,"5100","3","2","3","09",0,1,"A",,,,,,900,5,"D","C","A","SR-99","RIVIERA RD",0,,"Y","2016-05-04",9285,"2016-05-03",740,"014401",,"1","9","0","1",,"1","071","-","Y",,0,0,,,0,,,,"Y",2,"A","-",21802,"A","N","A","H","-","A","A","0","Y","D","22",0,1,0,0,0,0,0,0,0,"-","-","UNINCORPORATED","SUTTER","CA",-121.67123,39.30151
"90171599",-121.6344046,39.0984287,2016,"5100","3","7","4","08",0,1,"A",,,,,,600,5,"D","C","A","SOUTHBOUND STATE ROUTE 99","BOGUE ROAD",45,"N","N","2016-05-03",9285,"2016-05-01",533,"017534",,"3","9","0","1",,"1","051","-","Y",,0,0,,,0,,,,"N",2,"A","-",22107,,"F","A","H","-","B","A","0","Y","-","99",0,0,1,0,0,0,0,0,0,"-","-","UNINCORPORATED","SUTTER","CA",-121.63482,39.09838
"90171548",-121.8426233,39.1429006,2016,"5100","3","3","4","08",0,2,"A",,,,,,900,4,"D","C","A","SR-20","TARKE RD",6,"E","N","2016-05-03",9285,"2016-04-27",641,"014401",,"1","9","0","1",,"1","072","-","Y",,0,0,,,0,,,,"Y",2,"A","-",22107,,"N","A","H","-","B","D","0","Y","A","01",0,0,2,0,0,0,0,0,0,"-","-","UNINCORPORATED","SUTTER","CA",-121.84636,39.14282
"90171075",0,0,2016,"5100","3","5","4","03",0,1,"A",,,,,,2100,4,"B","C","A","SR-99 N/B","ENCINAL RD",4224,"S","N","2016-05-02",9285,"2016-04-29",1943,"018475",,"2","9","0","1",,"1","071","-","Y",,0,0,,,0,,,,"N",2,"A","-",22350,,"M","A","H","-","A","D","0","Y","A","01",0,0,1,0,0,0,0,0,0,"-","-","UNINCORPORATED","SUTTER","CA",-121.63666,39.20538
"90167898",-121.6346411,39.1164005,2016,"5100","3","2","3","03",0,1,"A",,,,,,1800,4,"C","C","A","SR-99","RICHLAND RD",650,"S","N","2016-04-28",9285,"2016-04-19",1747,"013174",,"2","9","0","1",,"1","051","-","Y",,0,0,,,0,,,,"Y",3,"A","-",22350,,"N","A","H","-","A","D","0","Y","A","01",0,1,0,0,0,0,0,0,0,"-","-","UNINCORPORATED","SUTTER","CA",-121.6345,39.11637
"90166718",-121.6669795,39.2912642,2016,"5100","3","5","4","08",0,1,"B",,,,,,1500,4,"E","I","A","SR-99","NEVADA ST",200,"S","N","2016-04-27",9285,"2016-04-22",1310,"014793",,"1","9","0","1",,"1","071","C","Y",,0,0,,,0,,,,"Y",2,"A","-",22107,,"N","B","H","-","A","D","0","Y","D","22",0,0,1,0,0,0,0,0,0,"-","-","UNINCORPORATED","SUTTER","CA",-121.66663,39.29065
"90166691",0,0,2016,"5100","3","5","4","21",0,1,"B",,,,,,600,4,"C","C","A","SOUTHBOUND SR-99 TO SR-113","SR-113",3,"N","N","2016-04-27",9285,"2016-04-22",545,"014793",,"3","9","0","1",,"1","051","-","Y",,0,0,,,0,,,,"N",2,"A","-",22106,,"N","A","H","-","B","A","0","Y","A","01",0,0,1,0,0,0,0,0,0,"-","-","UNINCORPORATED","SUTTER","CA",-121.63278,39.00382
"90166685",0,0,2016,"5100","3","6","4","08",0,1,"A",,,,,,2100,4,"E","J","A","SR-113 N/B","SUBACO",2112,"N","N","2016-04-27",9285,"2016-04-16",1800,"018153",,"2","9","0","1",,"2","031","-","Y",,0,0,,,0,,,,"Y",1,"A","-",22107,,"N","A","H","-","A","D","0","Y","A","01",0,0,1,0,0,0,0,0,0,"-","-","UNINCORPORATED","SUTTER","CA",-121.68558,38.92889
"90165727",-121.7094187,39.1660812,2016,"5100","4","4","2","08",0,1,"A",,,,,,300,4,"E","J","A","BUTTE HOUSE ROAD","EAST BUTTE ROAD",2112,"E","N","2016-04-26",9285,"2016-04-07",46,"017534",,"3","9","0","2",,"1","073","-","N",,0,0,,,0,,,,"Y",1,"A","-",22107,,"N","A","H","-","D","D","0","Y","D","22",1,0,0,0,0,0,0,0,0,"-","-","UNINCORPORATED","SUTTER","CA",-121.70912,39.16628
"90162384",-121.8898658,39.1870428,2016,"5100","5","3","3","01",0,1,"A",,,,,"Y",600,4,"E","I","A","PASS RD","W. BUTTE RD.",338,"W","N","2016-04-21",9285,"2016-04-20",350,"019168",,"3","9","0","3",,"1","007","-","N",,0,0,,,0,,,,"Y",1,"A","-",23152,"A","N","A","H","-","D","D","0","Y","A","01",0,1,0,0,0,0,0,0,0,"-","-","UNINCORPORATED","SUTTER","CA",-121.87867,39.18661
"90161160",-121.7149283,39.2122392,2016,"5100","5","7","4","01",0,1,"A",,,,,"Y",1800,4,"F","I","A","EAST BUTTE RD","SANDERS RD",3643,"N","N","2016-04-19",9285,"2016-04-17",1607,"014401",,"2","9","0","3",,"1","007","-","N",,0,0,,,0,,,,"Y",1,"A","-",23152,"A","N","A","H","-","A","D","0","Y","D","22",0,0,1,0,0,0,0,0,0,"-","-","UNINCORPORATED","SUTTER","CA",-121.71493,39.21254
"90161060",-121.6532631,39.0689251,2016,"5100","5","3","4","09",0,1,"A",,,,,,1800,4,"D","C","A","OSWALD RD","CARLSON RD",0,,"Y","2016-04-19",9285,"2016-04-06",1725,"016343",,"2","9","0","3",,"1","005","-","N",,0,0,,,0,,,,"Y",2,"A","-",21802,"A","N","A","H","-","A","A","0","Y","D","22",0,0,1,0,0,0,0,0,0,"-","-","UNINCORPORATED","SUTTER","CA",-121.65331,39.06885
"90161042",-121.6694294,39.170621,2016,"5100","5","1","3","08",0,1,"A",,,,,,1800,4,"F","I","A","PEASE RD","TIERRA BUENA RD",2006,"W","N","2016-04-19",9285,"2016-04-18",1630,"014401",,"2","9","0","3",,"1","007","-","N",,0,0,,,0,,,,"Y",1,"A","-",22107,,"N","A","H","-","A","D","0","Y","A","07",0,1,0,0,0,0,0,0,0,"-","-","UNINCORPORATED","SUTTER","CA",-121.66954,39.17058