"CASEID","POINT_X","POINT_Y","YEAR_","LOCATION","CHPTYPE","DAYWEEK","CRASHSEV","VIOLCAT","KILLED","INJURED","WEATHER1","PEDCOL","BICCOL","MCCOL","TRUCKCOL","ETOH","TIMECAT","MONTH_","CRASHTYP","INVOLVE","PED","PRIMARYRD","SECONDRD","DISTANCE","DIRECT","INTERSECT_","PROCDATE","JURIS","DATE_","TIME_","BADGE","JURIDIST","SHIFT","POP","SPECIAL","BEATTYPE","LAPDDIV","BEATCLAS","BEATNUMB","WEATHER2","STATEHW","CALTRANC","CALTRAND","STROUTE","ROUTESUF","POSTPRE","POSTMILE","LOCATYPE","RAMP","SIDEHW","TOWAWAY","PARTIES","PCF","VIOLCODE","VIOL","VIOLSUB","HITRUN","ROADSURF","RDCOND1","RDCOND2","LIGHTING","RIGHTWAY","CHPRDTYP","NOTPRIV","STFAULT","CHPFAULT","SEVINJ","OTHERINJ","COP","PEDKILL","PEDINJ","BICKILL","BICINJ","MCKILL","MCINJURE","RAMP1","RAMP2","CITY","COUNTY","STATE","X_CHP","Y_CHP"
"90159791",-121.8381926,39.1342158,2016,"5100","5","7","4","08",0,2,"A",,,,,,900,4,"F","A","A","S. TARKE RD.","SR-20",3696,"S","N","2016-04-18",9285,"2016-04-10",630,"015491",,"1","9","0","3",,"1","007","-","N",,0,0,,,0,,,,"Y",1,"A","-",22107,,"N","A","H","-","B","D","0","Y","A","07",0,0,2,0,0,0,0,0,0,"-","-","UNINCORPORATED","SUTTER","CA",-121.8399,39.1385
"90158176",-121.5433134,38.8884553,2016,"5100","3","3","3","03",0,2,"A",,,,,,1500,4,"C","C","A","SR-70","MARCUM RD",2640,"S","N","2016-04-14",9285,"2016-04-13",1325,"014793",,"1","9","0","1",,"1","010","-","Y",,0,0,,,0,,,,"Y",2,"A","-",22350,,"N","A","H","-","A","D","0","Y","A","01",0,1,1,0,0,0,0,0,0,"-","-","UNINCORPORATED","SUTTER","CA",-121.54345,38.88797
"90158174",-121.6169218,38.8219951,2016,"5100","5","2","3","08",0,1,"A",,,,,,2100,4,"E","I","A","VERNON RD","CATLETT RD",5280,"S","N","2016-04-14",9285,"2016-04-12",2030,"018107",,"2","9","0","3",,"1","001","-","N",,0,0,,,0,,,,"Y",1,"A","-",22107,,"N","A","H","-","D","D","0","Y","D","22",0,1,0,0,0,0,0,0,0,"-","-","UNINCORPORATED","SUTTER","CA",-121.61633,39.82867
"90158063",-121.6889557,39.1415035,2016,"5100","5","7","4","01",0,1,"B",,,,,,1500,3,"C","C","A","N TOWNSHIP ROAD","SR-20",25,"N","N","2016-04-14",9285,"2016-03-27",1340,"017118",,"1","9","0","3",,"1","007","-","N",,0,0,,,0,,,,"N",2,"A","-",23152,"E","N","A","H","-","A","A","0","Y","D","22",0,0,1,0,0,0,0,0,0,"-","-","UNINCORPORATED","SUTTER","CA",-121.41203,39.08297
"90157512",0,0,2016,"5100","3","2","4","01",0,1,"A",,,,,,2100,4,"E","I","A","NORTHBOUND SR-70","FEATHER RIVER BLVD.",3026,"S","N","2016-04-14",9285,"2016-04-05",1823,"018107",,"2","9","0","1",,"1","010","-","Y",,0,0,,,0,,,,"Y",1,"A","-",23152,"E","N","A","H","-","A","D","0","Y","A","01",0,0,1,0,0,0,0,0,0,"-","-","UNINCORPORATED","SUTTER","CA",-121.54318,38.97116
"90155930",-121.6627331,39.0031551,2016,"5100","3","6","3","09",0,2,"A",,,,,,2100,4,"D","C","A","STATE ROUTE 113 ","BAILEY ROAD",0,,"Y","2016-04-12",9285,"2016-04-02",1846,"017534",,"2","9","0","1",,"2","031","-","Y",,0,0,,,0,,,,"Y",2,"A","-",21802,"B","N","A","H","-","B","A","0","Y","A","01",0,1,1,0,0,0,0,0,0,"-","-","UNINCORPORATED","SUTTER","CA",-121.66271,39.00321
"90154760",-121.6721862,39.1125588,2016,"5100","5","7","3","08",0,2,"A",,,,,,1800,3,"E","I","A","LINCOLN ROAD ","S. GEORGE WASHINGTON BLVD. ",120,"W","N","2016-04-11",9285,"2016-03-27",1630,"015069",,"2","9","0","3",,"1","005","B","N",,0,0,,,0,,,,"Y",1,"A","-",22107,,"N","A","H","-","A","D","0","Y","A","01",0,1,1,0,0,0,0,0,0,"-","-","UNINCORPORATED","SUTTER","CA",-121.67231,39.1125
"90152100",-121.6345955,39.1181027,2016,"5100","3","3","4","03",0,1,"A",,,,,,900,4,"C","C","A","SR-99","RICHLAND RD",30,"S","N","2016-04-06",9285,"2016-04-06",810,"014401",,"1","9","0","1",,"1","051","-","Y",,0,0,,,0,,,,"Y",2,"A","-",22350,,"N","A","H","-","A","A","0","Y","A","07",0,0,1,0,0,0,0,0,0,"-","-","UNINCORPORATED","SUTTER","CA",-121.63449,39.11788
"90152053",-121.8044204,39.1861343,2016,"5100","5","3","2","01",0,1,"B",,,,,"Y",600,3,"E","I","A","PASS RD","KELLOGG RD",6336,"W","N","2016-04-06",9285,"2016-03-30",440,"019168",,"3","9","0","3",,"1","007","-","N",,0,0,,,0,,,,"Y",1,"A","-",23152,"A","N","A","H","-","D","D","0","Y","A","01",1,0,0,0,0,0,0,0,0,"-","-","UNINCORPORATED","SUTTER","CA",-121.79826,39.1869
"90152049",-121.6717646,39.1126457,2016,"5100","4","7","4","01",0,1,"A",,,,,"Y",1800,4,"D","C","A","SOUTH GEORGE WASHINGTON BLVD","LINCOLN RD",33,"N","N","2016-04-06",9285,"2016-04-03",1750,"017534",,"2","9","0","2",,"1","052","-","N",,0,0,,,0,,,,"Y",2,"A","-",23152,"A","N","A","H","-","B","A","0","Y","A","01",0,0,1,0,0,0,0,0,0,"-","-","UNINCORPORATED","SUTTER","CA",-121.40183,39.06455
"90151892",-121.6892033,39.1105082,2016,"5100","5","7","4","08",0,1,"A",,,,,,2400,4,"E","A","A","SOUTH TOWNSHIP ROAD","LINCOLN RD",800,"S","N","2016-04-06",9285,"2016-04-03",2145,"017534",,"2","9","0","3",,"1","005","-","N",,0,0,,,0,,,,"N",1,"A","-",22107,,"N","A","H","-","D","D","0","Y","A","07",0,0,1,0,0,0,0,0,0,"-","-","UNINCORPORATED","SUTTER","CA",-121.6893,39.11708
"90150513",-121.6348,39.0354552,2016,"5100","3","5","4","09",0,2,"A",,,,,,900,4,"D","C","A","SR-99","HUTCHINSON ROAD",1584,"S","N","2016-04-05",9285,"2016-04-01",650,"014793",,"1","9","0","1",,"1","051","-","Y",,0,0,,,0,,,,"Y",2,"A","-",21802,"A","N","A","H","-","A","D","0","Y","A","01",0,0,2,0,0,0,0,0,0,"-","-","UNINCORPORATED","SUTTER","CA",-121.63486,39.0362
"90150334",-121.6252661,38.7909386,2016,"5100","5","7","2","18",0,1,"A",,,"Y",,,1500,3,"E","H","A","GARDEN HIGHWAY ","VERNON ROAD ",2640,"N","N","2016-04-04",9285,"2016-03-27",1355,"015069",,"1","9","0","3",,"1","001","B","N",,0,0,,,0,,,,"Y",1,"C","-",0,,"N","A","H","-","A","D","0","Y","-","-",1,0,0,0,0,0,0,0,1,"-","-","UNINCORPORATED","SUTTER","CA",-121.62669,38.79252
"90146249",-121.6712432,39.3015251,2016,"5100","3","3","4","09",0,2,"A",,,,,,1500,3,"D","C","A","RT 99","RIVIERA ROAD",0,,"Y","2016-03-28",9285,"2016-03-23",1255,"15048",,"1","9","0","1",,"1","071","-","Y",,0,0,,,0,,,,"Y",2,"A","-",21802,"A","N","A","H","-","A","A","0","Y","D","22",0,0,2,0,0,0,0,0,0,"-","-","UNINCORPORATED","SUTTER","CA",-121.67107,39.30126
"90146157",-121.5011732,38.7801851,2016,"5100","5","5","4","09",0,3,"A",,,,,,2100,3,"D","C","A","NATOMAS ROAD","SANKEY ROAD",0,,"Y","2016-03-28",9285,"2016-03-18",2053,"018286",,"2","9","0","3",,"1","001","-","N",,0,0,,,0,,,,"Y",2,"A","-",21802,"A","N","A","H","-","D","A","0","Y","A","01",0,0,3,0,0,0,0,0,0,"-","-","UNINCORPORATED","SUTTER","CA",-121.50129,38.78016
"90146099",0,0,2016,"5100","3","5","4","03",0,1,"A",,,,,,2100,3,"C","C","A","SR-99 N/B","POWER LINE ROAD",5280,"N","N","2016-03-28",9285,"2016-03-18",2005,"018286",,"2","9","0","1",,"1","011","-","Y",,0,0,,,0,,,,"Y",2,"A","-",22350,,"N","A","H","-","D","D","0","Y","A","01",0,0,1,0,0,0,0,0,0,"-","-","UNINCORPORATED","SUTTER","CA",-121.58235,38.89738
"90140504",-121.6556132,39.1127051,2016,"5100","5","3","4","12",0,1,"A",,,,,,900,3,"D","C","A","LINCOLN ROAD","SANBORN ROAD",0,,"Y","2016-03-21",9285,"2016-03-16",755,"15048",,"1","9","0","3",,"1","005","-","N",,0,0,,,0,,,,"N",2,"A","-",22450,,"N","A","H","-","A","A","0","Y","A","01",0,0,1,0,0,0,0,0,0,"-","-","UNINCORPORATED","SUTTER","CA",-121.65577,39.11265
"90137592",-121.6331632,39.0691051,2016,"5100","3","3","4","09",0,2,"B",,,,,,900,3,"D","C","A","SR-99","OSWALD RD",0,,"Y","2016-03-16",9285,"2016-03-09",805,"013174",,"1","9","0","1",,"1","051","-","Y",,0,0,,,0,,,,"Y",2,"A","-",21802,"A","N","B","H","-","A","A","0","Y","A","01",0,0,2,0,0,0,0,0,0,"-","-","UNINCORPORATED","SUTTER","CA",-121.63356,39.06918
"90135606",-121.6945072,39.1618378,2016,"5100","4","4","4","09",0,1,"B",,,,,,1800,3,"E","I","A","BUTTE HOUSE ROAD","HOWLETT AVENUE",29,"E","N","2016-03-14",9285,"2016-03-03",1505,"15048",,"2","9","0","2",,"1","073","-","N",,0,0,,,0,,,,"N",2,"A","-",21801,"A","N","A","H","-","A","D","0","Y","A","01",0,0,1,0,0,0,0,0,0,"-","-","UNINCORPORATED","SUTTER","CA",-121.69425,39.16203
"90134074",-121.5529824,38.8640132,2016,"5100","3","6","2","03",0,2,"B",,,,,,2100,3,"F","A","A","STATE ROUTE 99","STRIPLIN RD",1056,"S","N","2016-03-10",9285,"2016-03-05",1850,"014744",,"2","9","0","1",,"1","011","C","Y",,0,0,,,0,,,,"Y",1,"A","-",22350,,"N","B","H","-","D","D","0","Y","D","22",1,1,0,0,0,0,0,0,0,"-","-","UNINCORPORATED","SUTTER","CA",-121.55098,38.86184
"90132913",-121.5705631,38.8856551,2016,"5100","3","5","2","01",0,4,"A",,,,"Y","Y",2100,2,"D","C","A","SR-99","POWERLINE RD",0,,"Y","2016-03-09",9285,"2016-02-26",1802,"018286",,"2","9","0","1",,"1","011","-","Y",,0,0,,,0,,,,"Y",4,"A","-",23152,"A","N","A","H","-","B","A","0","Y","A","07",1,2,1,0,0,0,0,0,0,"-","-","UNINCORPORATED","SUTTER","CA",-121.34127,38.53075
"90132535",-121.6098708,39.0026777,2016,"5100","3","6","4","18",0,2,"B",,,,,,1800,3,"E","I","A","SR-99","GARDEN HIGHWAY",318,"S","N","2016-03-09",9285,"2016-03-05",1716,"013174",,"2","9","0","1",,"1","011","C","Y",,0,0,,,0,,,,"Y",1,"C","-",0,,"N","B","F","-","C","D","0","Y","-","-",0,0,2,0,0,0,0,0,0,"-","-","UNINCORPORATED","SUTTER","CA",-121.58353,39.89807
"90131332",0,0,2016,"5100","3","7","4","08",0,1,"C",,,,,,2100,3,"B","C","A","SR-99 N/B","SR-70 OVER-CROSSING",350,"S","N","2016-03-08",9285,"2016-03-06",2035,"018153",,"2","9","0","1",,"1","011","-","Y",,0,0,,,0,,,,"Y",2,"A","-",22107,,"N","B","H","-","D","D","0","Y","A","01",0,0,1,0,0,0,0,0,0,"-","-","UNINCORPORATED","SUTTER","CA",-121.54409,38.65227
"90131084",-121.7673708,39.1844952,2016,"5100","5","6","4","08",0,1,"B",,,,,,1500,3,"E","I","A","PASS ROAD","ACACIA AVENUE ",5808,"W","N","2016-03-07",9285,"2016-03-05",1430,"014793",,"2","9","0","3",,"1","007","-","N",,0,0,,,0,,,,"Y",1,"A","-",22107,,"N","B","H","-","A","D","0","Y","A","01",0,0,1,0,0,0,0,0,0,"-","-","UNINCORPORATED","SUTTER","CA",-121.76956,39.18539
"90131081",0,0,2016,"5100","3","6","4","03",0,2,"C",,,,,,2100,3,"E","I","A","SR-99","FEATHER RIVER",4224,"N","N","2016-03-07",9285,"2016-03-05",1820,"014793",,"2","9","0","1",,"1","011","-","Y",,0,0,,,0,,,,"Y",1,"A","-",22350,,"N","B","H","-","D","D","0","Y","A","01",0,0,2,0,0,0,0,0,0,"-","-","UNINCORPORATED","SUTTER","CA",-121.59459,38.90891
"90130349",-121.4877932,38.9072683,2016,"5100","5","4","4","03",0,1,"A",,,,"Y",,1800,2,"C","C","A","PLEASANT GROVE ROAD","NICOLAUS AVENUE",119,"S","N","2016-03-07",9285,"2016-02-25",1555,"15048",,"2","9","0","3",,"1","001","-","N",,0,0,,,0,,,,"Y",3,"A","-",22350,,"N","A","H","-","A","D","0","Y","D","22",0,0,1,0,0,0,0,0,0,"-","-","UNINCORPORATED","SUTTER","CA",-121.4889,38.90763
"90128490",-121.8944729,39.1965523,2016,"5100","5","7","2","03",0,1,"A",,,"Y",,,1500,2,"F","A","A","WEST BUTTE ROAD","PASS ROAD",4224,"N","N","2016-03-03",9285,"2016-02-28",1300,"014744",,"1","9","0","3",,"1","007","-","N",,0,0,,,0,,,,"Y",1,"A","-",22350,,"N","A","H","-","A","D","0","Y","C","02",1,0,0,0,0,0,0,0,1,"-","-","UNINCORPORATED","SUTTER","CA",-121.89452,39.1966
"90128351",-121.6360532,39.118175,2016,"5100","5","1","3","09",0,1,"A",,"Y",,,,2100,2,"D","G","A","RICHLAND ROAD","CAMINO CORTEZ",0,,"Y","2016-03-03",9285,"2016-02-29",1845,"014793",,"2","9","0","3",,"1","005","-","N",,0,0,,,0,,,,"N",2,"A","-",21802,"A","N","A","H","-","C","A","0","Y","D","22",0,1,0,0,0,0,1,0,0,"-","-","UNINCORPORATED","SUTTER","CA",-121.63607,39.11837
"90125506",0,0,2016,"5100","3","3","4","03",0,2,"A",,,,,,900,2,"C","C","A","SR 99 (SOUTHBOUND)","BOGUE ROAD",43,"N","N","2016-02-29",9285,"2016-02-24",835,"015048",,"1","9","0","1",,"1","051","-","Y",,0,0,,,0,,,,"N",2,"A","-",22350,,"N","A","H","-","A","D","0","Y","A","07",0,0,2,0,0,0,0,0,0,"-","-","UNINCORPORATED","SUTTER","CA",-121.63435,39.09867
"90125353",-121.6162693,39.0486492,2016,"5100","4","6","2","01",0,2,"A",,,,,"Y",1800,2,"E","I","A","GARDEN HIGHWAY","MESSICK RD",1056,"S","N","2016-02-29",9285,"2016-02-13",1728,"017118",,"2","9","0","2",,"1","052","-","N",,0,0,,,0,,,,"Y",1,"A","-",23152,"A","N","A","H","-","A","D","0","Y","A","01",2,0,0,0,0,0,0,0,0,"-","-","UNINCORPORATED","SUTTER","CA",-121.6159,39.04746
"90120199",-121.6561662,39.2605924,2016,"5100","3","1","2","05",0,6,"A",,,,,,1200,2,"B","C","A","SR-99","BISHOP AVE",570,"N","N","2016-02-22",9285,"2016-02-15",1008,"014401",,"1","9","0","1",,"1","071","-","Y",,0,0,,,0,,,,"Y",2,"A","-",21460,"A","N","A","H","-","A","D","0","Y","A","07",2,2,2,0,0,0,0,0,0,"-","-","UNINCORPORATED","SUTTER","CA",-121.65621,39.26089
"90118952",0,0,2016,"5100","3","6","3","18",0,1,"A",,,,,,1500,2,"E","J","A","SR 70 (NORTHBOUND)","FEATHER RIVER BLVD. (SOUTH)",2112,"S","N","2016-02-18",9285,"2016-02-13",1330,"15048",,"1","9","0","1",,"1","010","-","Y",,0,0,,,0,,,,"Y",1,"C","-",0,,"N","A","H","-","A","D","0","Y","-","-",0,1,0,0,0,0,0,0,0,"-","-","UNINCORPORATED","SUTTER","CA",-121.54301,38.97189
"90118523",-121.6712432,39.3015251,2016,"5100","3","5","4","09",0,2,"A",,,,,,1500,2,"D","C","A","SR-99","LIVE OAK BLVD",0,,"Y","2016-02-18",9285,"2016-02-12",1235,"017118",,"1","9","0","1",,"1","071","-","Y",,0,0,,,0,,,,"Y",2,"A","-",21802,"A","N","A","H","-","A","A","0","Y","A","01",0,0,2,0,0,0,0,0,0,"-","-","UNINCORPORATED","SUTTER","CA",-121.64166,39.2181
"90116337",-121.7500032,39.1686951,2016,"5100","5","5","3","09",0,1,"A",,,,,,1500,2,"D","C","A","MAPLE AVENUE","BUTTE HOUSE ROAD",0,,"Y","2016-02-16",9285,"2016-02-12",1350,"014744",,"1","9","0","3",,"1","007","-","N",,0,0,,,0,,,,"Y",2,"A","-",21802,"A","N","A","H","-","A","A","0","Y","A","01",0,1,0,0,0,0,0,0,0,"-","-","UNINCORPORATED","SUTTER","CA",-121.74958,39.16866
"90113776",0,0,2016,"5100","3","1","3","03",0,2,"A",,,,,,900,2,"C","C","A","SR-20 E/B","TOWNSHIP RD",950,"E","N","2016-02-11",9285,"2016-02-08",742,"014401",,"1","9","0","1",,"1","072","E","Y",,0,0,,,0,,,,"Y",2,"A","-",22350,,"N","A","H","-","A","D","0","Y","D","22",0,1,1,0,0,0,0,0,0,"-","-","UNINCORPORATED","SUTTER","CA",-121.68573,39.14125
"90113743",0,0,2016,"5100","3","3","4","03",0,1,"A",,,,,,2100,2,"C","C","A","SR-99 N/B","COLEMAN AVE",105,"S","N","2016-02-11",9285,"2016-02-10",1805,"018153",,"2","9","0","1",,"1","071","-","Y",,0,0,,,0,,,,"N",2,"A","-",22350,,"N","A","H","-","C","D","0","Y","D","22",0,0,1,0,0,0,0,0,0,"-","-","UNINCORPORATED","SUTTER","CA",-121.65684,39.26265
"90113662",0,0,2016,"5100","3","2","3","08",0,1,"B",,,,,,1800,2,"E","I","A","SR_99","WILSON AVE",4224,"N","N","2016-02-11",9285,"2016-02-02",1527,"013174",,"2","9","0","1",,"1","011","-","Y",,0,0,,,0,,,,"Y",1,"A","-",22107,,"N","A","H","-","A","D","0","Y","A","07",0,1,0,0,0,0,0,0,0,"-","-","UNINCORPORATED","SUTTER","CA",-121.61791,38.98533
"90106717",-121.6348231,39.076435,2016,"5100","3","4","4","12",0,1,"A",,,,,,2100,1,"D","C","A","SR-99","BARRY RD",0,,"Y","2016-02-01",9285,"2016-01-21",1840,"018475",,"2","9","0","1",,"1","051","-","Y",,0,0,,,0,,,,"Y",2,"A","-",21453,"A","N","A","H","-","C","A","0","Y","A","07",0,0,1,0,0,0,0,0,0,"-","-","UNINCORPORATED","SUTTER","CA",-121.63475,39.07602
"90106177",-121.6168652,39.0186542,2016,"5100","4","3","3","08",0,1,"B",,,,,,1800,1,"E","I","A","GARDEN HIGHWAY","OBANION ROAD",2640,"S","N","2016-02-01",9285,"2016-01-20",1530,"014744",,"2","9","0","2",,"1","052","-","N",,0,0,,,0,,,,"Y",1,"A","-",22107,,"N","A","H","-","A","D","0","Y","D","23",0,1,0,0,0,0,0,0,0,"-","-","UNINCORPORATED","SUTTER","CA",-121.61603,39.01752
"90103697",-121.6346059,39.1187727,2016,"5100","3","5","4","03",0,2,"B",,,,,,1800,1,"C","C","A","STATE ROUTE 99","RICHLAND ROAD",214,"N","N","2016-01-27",9285,"2016-01-22",1510,"014744",,"2","9","0","1",,"1","051","C","Y",,0,0,,,0,,,,"Y",3,"A","-",22350,,"N","B","H","-","A","D","0","Y","A","01",0,0,2,0,0,0,0,0,0,"-","-","UNINCORPORATED","SUTTER","CA",-121.6348,39.11888
"90101658",0,0,2016,"5100","3","6","4","09",0,3,"B",,,,,,1500,1,"B","C","A","SR 99 (SOUTHBOUND)","SMITH ROAD",107,"S","N","2016-01-25",9285,"2016-01-16",1325,"15048",,"1","9","0","1",,"1","051","-","Y",,0,0,,,0,,,,"Y",4,"A","-",21802,"A","F","B","H","-","A","A","0","Y","-","99",0,0,3,0,0,0,0,0,0,"-","-","UNINCORPORATED","SUTTER","CA",-121.63555,39.1014
"90099178",0,0,2016,"5100","5","4","3","01",0,1,"A",,,,,"Y",600,1,"E","I","A","GARDEN HWY (S/B)","STEWART RD",1584,"S","N","2016-01-20",9285,"2016-01-14",350,"018291",,"3","9","0","3",,"1","005","-","N",,0,0,,,0,,,,"Y",1,"A","-",23152,"A","N","A","H","-","D","D","0","Y","A","01",0,1,0,0,0,0,0,0,0,"-","-","UNINCORPORATED","SUTTER","CA",-121.60672,39.08269
"90099058",-121.6276945,39.1819822,2016,"5100","5","1","4","21",0,2,"C",,,,,,900,1,"D","C","A","LIVE OAK BLVD","REDNALL RD",20,"S","N","2016-01-20",9285,"2016-01-18",650,"014401",,"1","9","0","3",,"1","007","-","N",,0,0,,,0,,,,"Y",2,"A","-",22106,,"N","B","H","-","B","D","0","Y","A","01",0,0,2,0,0,0,0,0,0,"-","-","UNINCORPORATED","SUTTER","CA",-121.62765,39.182
"90098232",-121.7495232,39.1630801,2016,"5100","5","3","3","18",0,1,"B",,,,,,1800,1,"E","I","A","BARROW ST","CALIFORNIA ST",173,"W","N","2016-01-19",9285,"2016-01-13",1525,"014793",,"2","9","0","3",,"1","007","-","N",,0,0,,,0,,,,"N",1,"C","-",0,,"N","A","H","-","A","D","0","Y","-","-",0,1,0,0,0,0,0,0,0,"-","-","UNINCORPORATED","SUTTER","CA",-121.74961,39.16303
"90095040",-121.6317087,39.1927413,2016,"5100","4","1","3","01",0,2,"B",,,,,,600,1,"E","I","A","LIVE OAK BLVD.","EAGER ROAD",1056,"N","N","2016-01-14",9285,"2016-01-11",540,"017080",,"3","9","0","2",,"1","073","-","N",,0,0,,,0,,,,"Y",1,"A","-",23152,"E","N","A","H","-","C","D","0","Y","D","22",0,1,1,0,0,0,0,0,0,"-","-","UNINCORPORATED","SUTTER","CA",-121.63197,39.19319
"90093773",-121.6348156,39.0108653,2016,"5100","3","3","4","03",0,1,"C",,,,,,1500,1,"E","I","A","SR-99","SR-113",2640,"N","N","2016-01-12",9285,"2016-01-06",1205,"014793",,"1","9","0","1",,"1","051","-","Y",,0,0,,,0,,,,"Y",1,"A","-",22350,,"N","B","H","-","A","D","0","Y","D","22",0,0,1,0,0,0,0,0,0,"-","-","UNINCORPORATED","SUTTER","CA",-121.63465,39.01099
"90093761",-121.6348031,39.0800151,2016,"5100","3","2","4","09",0,1,"B",,,,"Y",,1200,1,"D","C","A","SR-99","WALNUT AVE",0,,"Y","2016-01-12",9285,"2016-01-05",1040,"013174",,"1","9","0","1",,"1","051","C","Y",,0,0,,,0,,,,"Y",2,"A","-",21802,"A","N","B","H","-","A","A","0","Y","A","07",0,0,1,0,0,0,0,0,0,"-","-","UNINCORPORATED","SUTTER","CA",-121.63504,39.0797
"90093644",-121.8062836,39.1861251,2016,"5100","5","7","3","03",0,1,"B",,,"Y",,,1800,1,"F","A","A","PASS ROAD","KELLOGG ROAD",6864,"W","N","2016-01-12",9285,"2016-01-03",1625,"015069",,"2","9","0","3",,"1","007","-","N",,0,0,,,0,,,,"Y",1,"A","-",22350,,"N","A","H","-","A","D","0","Y","C","02",0,1,0,0,0,0,0,0,1,"-","-","UNINCORPORATED","SUTTER","CA",-121.8065,39.18606
"90093622",-121.7539852,39.142216,2016,"5100","3","4","4","03",0,1,"A",,,,,,1800,1,"C","C","A","SR-20","ACACIA AVENUE ",45,"E","N","2016-01-12",9285,"2016-01-07",1642,"017118",,"2","9","0","1",,"1","072","-","Y",,0,0,,,0,,,,"Y",3,"A","-",22350,,"N","A","H","-","A","A","0","Y","A","08",0,0,1,0,0,0,0,0,0,"-","-","UNINCORPORATED","SUTTER","CA",-121.45128,39.08324
"90088679",-121.6453432,39.2313965,2016,"5100","3","1","4","03",0,1,"C",,,,,,1200,1,"F","A","A","STATE ROUTE 99 SOUTHBOUND","CLARK RD",650,"S","N","2016-01-05",9285,"2016-01-04",1000,"017534",,"1","9","0","1",,"1","071","-","Y",,0,0,,,0,,,,"Y",1,"A","-",22350,,"N","A","H","-","A","D","0","Y","D","22",0,0,1,0,0,0,0,0,0,"-","-","UNINCORPORATED","SUTTER","CA",-121.64508,39.23075
"8291280",-121.6554535,39.1512814,2016,"5102","0","2","4","21",0,1,"A",,,,,,1200,12,"C","C","A","HARTER PKWY","BUTTE HOUSE RD",5,"S","N","2017-02-02",5102,"2016-12-27",941,"4060","1","5","4","0","0",,"0","001","-","N",,0,0,,,0,,,,"N",2,"A","-",22106,,"N","A","H","-","A","A","0","Y","A","07",0,0,1,0,0,0,0,0,0,"-","-","YUBA CITY","SUTTER","CA",0,0
"8291126",-121.6440531,39.148943,2016,"5102","0","5","4","03",0,1,"A",,,,,,1500,12,"C","C","A","STABLER LN","BUTTE HOUSE RD",320,"N","N","2017-02-02",5102,"2016-12-16",1203,"4095","2","5","4","0","0",,"0","002","-","N",,0,0,,,0,,,,"Y",2,"A","-",22350,,"N","A","H","-","A","D","0","Y","A","07",0,0,1,0,0,0,0,0,0,"-","-","YUBA CITY","SUTTER","CA",-121.64397,39.14808
"8283142",-121.6091132,39.121735,2016,"5102","0","3","4","05",0,1,"A",,"Y",,,,2100,12,"D","G","A","BERNARD DR","MILES AV",0,,"Y","2017-01-19",5102,"2016-12-21",1803,"4061","5","5","4","0","0",,"0","005","-","N",,0,0,,,0,,,,"N",2,"A","-",21650,"1","F","A","H","-","C","D","0","Y","L","04",0,0,1,0,0,0,1,0,0,"-","-","YUBA CITY","SUTTER","CA",0,0
"8283101",-121.6342008,39.1418487,2016,"5102","0","4","4","03",0,1,"A",,,,,,1800,12,"C","C","A","COLUSA","RT 99",120,"E","N","2017-01-20",5102,"2016-12-22",1615,"4103","3","5","4","0","0",,"0","003","-","Y",,0,0,,,0,,,,"N",2,"A","-",22350,,"N","A","H","-","A","A","0","Y","A","01",0,0,1,0,0,0,0,0,0,"-","-","YUBA CITY","SUTTER","CA",-121.63446,39.14176
"8283052",0,0,2016,"5102","0","3","4","10",0,1,"A","Y",,,,,900,12,"G","B","B","INDUSTRIAL DR","N GEORGE WASHINGTON AV",4,"E","N","2017-01-24",5102,"2016-12-21",637,"4090","1","5","4","0","0",,"0","5102","-","N",,0,0,,,0,,,,"N",2,"A","-",21950,"A","N","A","H","-","B","D","0","Y","D","22",0,0,1,0,1,0,0,0,0,"-","-","YUBA CITY","SUTTER","CA",0,0
"8283048",-121.6440236,39.1412415,2016,"5102","0","4","4","03",0,2,"A",,,,,,2100,12,"C","C","A","WALTON AV","RT 20",147,"S","N","2017-01-24",5102,"2016-12-22",1928,"4076","1","5","4","0","0",,"0","001","-","Y",,0,0,,,0,,,,"Y",4,"A","-",22350,,"N","A","H","-","-","A","0","Y","D","22",0,0,2,0,0,0,0,0,0,"-","-","YUBA CITY","SUTTER","CA",0,0
"8199918",-121.6439332,39.1272551,2016,"5102","0","1","4","03",0,2,"A",,,,,,1800,11,"C","C","A","WALTON AV","FRANKLIN RD",0,,"Y","2017-01-03",5102,"2016-11-21",1721,"481","2","5","4","0","0",,"0","002","-","N",,0,0,,,0,,,,"Y",4,"A","-",22350,,"N","A","H","-","C","A","0","Y","A","01",0,0,2,0,0,0,0,0,0,"-","-","YUBA CITY","SUTTER","CA",0,0
"8199869",-121.6205279,39.141149,2016,"5102","0","3","3","00",0,1,"A",,,"Y",,,1500,11,"B","C","A","RT 20","OLIVE ST",157,"E","N","2016-12-30",5102,"2016-11-30",1208,"4083","3","5","4","0","0",,"0",,"-","Y",,0,0,,,0,,,,"N",2,"D","-",0,,"N","A","H","-","A","D","0","Y","-","-",0,1,0,0,0,0,0,0,1,"-","-","YUBA CITY","SUTTER","CA",0,0