"CASEID","POINT_X","POINT_Y","YEAR_","LOCATION","CHPTYPE","DAYWEEK","CRASHSEV","VIOLCAT","KILLED","INJURED","WEATHER1","PEDCOL","BICCOL","MCCOL","TRUCKCOL","ETOH","TIMECAT","MONTH_","CRASHTYP","INVOLVE","PED","PRIMARYRD","SECONDRD","DISTANCE","DIRECT","INTERSECT_","PROCDATE","JURIS","DATE_","TIME_","BADGE","JURIDIST","SHIFT","POP","SPECIAL","BEATTYPE","LAPDDIV","BEATCLAS","BEATNUMB","WEATHER2","STATEHW","CALTRANC","CALTRAND","STROUTE","ROUTESUF","POSTPRE","POSTMILE","LOCATYPE","RAMP","SIDEHW","TOWAWAY","PARTIES","PCF","VIOLCODE","VIOL","VIOLSUB","HITRUN","ROADSURF","RDCOND1","RDCOND2","LIGHTING","RIGHTWAY","CHPRDTYP","NOTPRIV","STFAULT","CHPFAULT","SEVINJ","OTHERINJ","COP","PEDKILL","PEDINJ","BICKILL","BICINJ","MCKILL","MCINJURE","RAMP1","RAMP2","CITY","COUNTY","STATE","X_CHP","Y_CHP"
"8199757",-121.6137445,39.1418594,2016,"5102","0","6","4","03",0,2,"C",,,,,,1200,12,"A","C","A","RT 20","KILEY AV",300,"E","N","2017-01-04",5102,"2016-12-10",1001,"4069","4","5","4","0","0",,"0","004","-","Y",,0,0,,,0,,,,"Y",2,"A","-",22350,,"N","B","H","-","A","D","0","Y","A","01",0,0,2,0,0,0,0,0,0,"-","-","YUBA CITY","SUTTER","CA",-121.61343,39.14123
"8199753",-121.6232897,39.1304402,2016,"5102","0","3","3","10",0,1,"A","Y",,,,,2100,12,"G","B","B","B ST","COOPER AV",5,"W","N","2017-01-04",5102,"2016-12-14",1858,"4093","4","5","4","0","0",,"0","004","-","N",,0,0,,,0,,,,"N",2,"A","-",21950,"A","F","A","H","-","C","D","0","Y","A","01",0,1,0,0,1,0,0,0,0,"-","-","YUBA CITY","SUTTER","CA",0,0
"8199721",-121.6227678,39.1415582,2016,"5102","0","3","4","07",0,2,"A",,,,,,2400,12,"B","C","A","RT 20","ORANGE ST",24,"W","N","2017-01-04",5102,"2016-12-21",2348,"4076","4","5","4","0","0",,"0","004","-","Y",,0,0,,,0,,,,"Y",2,"A","-",21658,"A","N","A","H","-","C","D","0","Y","A","01",0,0,2,0,0,0,0,0,0,"-","-","YUBA CITY","SUTTER","CA",0,0
"8199717",-121.6156648,39.1201999,2016,"5102","0","7","4","08",0,1,"B",,,,,,900,12,"A","I","A","GARDEN HWY","WINSHIP RD",370,"N","N","2017-01-04",5102,"2016-12-11",807,"9012","5","5","4","0","0",,"0","005","-","N",,0,0,,,0,,,,"Y",1,"A","-",22107,,"N","B","H","-","A","D","0","Y","A","01",0,0,1,0,0,0,0,0,0,"-","-","YUBA CITY","SUTTER","CA",0,0
"8199713",-121.6223233,39.1355351,2016,"5102","0","3","3","09",0,3,"B",,,,,,1500,12,"D","C","A","REEVES AV","ORANGE AV",17,"E","N","2017-01-04",5102,"2016-12-14",1309,"4083","3","5","4","0","0",,"0",,"-","N",,0,0,,,0,,,,"Y",2,"A","-",21801,"A","N","A","H","-","A","A","0","Y","A","01",0,1,2,0,0,0,0,0,0,"-","-","YUBA CITY","SUTTER","CA",0,0
"8198668",-121.606725,39.1295961,2016,"5102","0","3","4","03",0,1,"A",,,,,,1200,12,"-","C","A","GARDEN HWY","MONTEREY AV",20,"S","N","2017-01-05",5102,"2016-12-07",1044,"448","5","5","4","0","0",,"0","5102","-","N",,0,0,,,0,,,,"N",2,"A","-",22350,,"N","A","H","-","A","A","0","Y","D","22",0,0,1,0,0,0,0,0,0,"-","-","YUBA CITY","SUTTER","CA",-121.60617,39.13032
"8195002",-121.6247832,39.1247951,2016,"5102","0","6","2","09",0,2,"A",,,,,"Y",1800,12,"D","C","A","MARCIA AV","CLARK AV",0,,"Y","2017-01-24",5102,"2016-12-24",1635,,,"5","4","0","0",,"0",,"-","N",,0,0,,,0,,,,"Y",3,"A","-",21802,"A","N","A","H","-","A","A","0","Y","A","01",1,0,1,0,0,0,0,0,0,"-","-","YUBA CITY","SUTTER","CA",-121.62476,39.1248
"8194803",0,0,2016,"5102","0","5","4","03",0,1,"A",,,,,,1800,4,"C","C","A","RT 99","SUNSWEET BL",300,"N","N","2017-01-24",5102,"2016-04-22",1532,"4038","4","5","4","0","0",,"0",,"-","Y",,0,0,,,0,,,,"Y",3,"A","-",22350,,"N","A","H","-","A","A","0","Y","B","01",0,0,1,0,0,0,0,0,0,"-","-","YUBA CITY","SUTTER","CA",0,0
"8190599",-121.6075532,39.138095,2016,"5102","0","2","3","09",0,1,"A",,"Y",,,,1800,9,"D","G","A","2ND ST","BRIDGE ST",0,,"Y","2017-01-09",5102,"2016-09-20",1718,"4077","4","5","4","0","0",,"0",,"-","N",,0,0,,,0,,,,"N",2,"A","-",21802,"A","N","A","H","-","A","D","0","Y","L","04",0,1,0,0,0,0,1,0,0,"-","-","YUBA CITY","SUTTER","CA",0,0
"8189333",-121.6719164,39.1276339,2016,"5102","0","2","4","03",0,1,"A",,,,,,1800,11,"C","C","A","N GEORGE WASHINGTON BL","FRANKLIN RD",200,"N","N","2016-12-15",5102,"2016-11-29",1535,"4073","1","5","4","0","0",,"0",,"-","N",,0,0,,,0,,,,"N",2,"A","-",22350,,"N","A","H","-","A","D","0","Y","A","07",0,0,1,0,0,0,0,0,0,"-","-","YUBA CITY","SUTTER","CA",0,0
"8189325",-121.6517532,39.1378951,2016,"5102","0","3","3","08",0,2,"B",,,,,,1800,11,"D","C","A","LASSEN BL","KLAMATH LN",0,,"Y","2016-12-15",5102,"2016-11-30",1600,"4073","1","5","4","0","0",,"0",,"-","N",,0,0,,,0,,,,"Y",2,"A","-",22107,,"N","A","H","-","A","D","0","Y","A","08",0,1,1,0,0,0,0,0,0,"-","-","YUBA CITY","SUTTER","CA",0,0
"8189293",0,0,2016,"5102","0","5","4","05",0,1,"A",,"Y",,,,1800,11,"D","G","A","GRAY AV","RT 20",9,,"N","2016-12-15",5102,"2016-11-18",1732,"9004","3","5","4","0","0",,"0",,"-","Y",,0,0,,,0,,,,"N",2,"A","-",21650,"1","N","A","H","-","C","A","0","Y","L","04",0,0,1,0,0,0,1,0,0,"-","-","YUBA CITY","SUTTER","CA",-121.63023,39.14167
"8187348",-121.6440684,39.1537686,2016,"5102","0","4","4","01",0,1,"A",,,,,"Y",2400,11,"C","C","A","STABLER LN","SHARON DR",45,"N","N","2016-12-22",5102,"2016-11-17",2252,"4076","2","5","4","0","0",,"0","002","-","N",,0,0,,,0,,,,"Y",2,"A","-",23153,"A","N","A","H","-","C","D","0","Y","A","01",0,0,1,0,0,0,0,0,0,"-","-","YUBA CITY","SUTTER","CA",0,0
"8187223",-121.6247832,39.1247951,2016,"5102","0","1","3","09",0,1,"B",,"Y",,,,900,12,"E","I","A","CLARK AV","MORTON ST",0,,"Y","2016-12-22",5102,"2016-12-05",821,"4073","5","5","4","0","0",,"0",,"-","N",,0,0,,,0,,,,"N",2,"A","-",21801,"A","F","A","H","-","A","D","0","Y","A","01",0,1,0,0,0,0,1,0,0,"-","-","YUBA CITY","SUTTER","CA",0,0
"8187215",-121.6439332,39.131425,2016,"5102","0","3","3","05",0,1,"A",,"Y",,,,900,12,"D","G","A","WALTON AV","WILDFLOWER CIR",0,,"Y","2016-12-22",5102,"2016-12-07",748,"4102","1","5","4","0","0",,"0","5102","-","N",,0,0,,,0,,,,"N",2,"A","-",21650,"1","N","B","H","-","A","D","0","Y","L","04",0,1,0,0,0,0,1,0,0,"-","-","YUBA CITY","SUTTER","CA",-121.64389,39.13147
"8187211",-121.6247531,39.1233351,2016,"5102","0","3","3","10",0,2,"B","Y",,,,,1800,12,"G","B","B","CLARK AV","JULIE DR",0,,"Y","2016-12-22",5102,"2016-12-07",1731,"4102","5","5","4","0","0",,"0","5102","-","N",,0,0,,,0,,,,"N",3,"A","-",21950,"A","N","B","H","-","C","D","0","Y","A","01",0,1,1,0,2,0,0,0,0,"-","-","YUBA CITY","SUTTER","CA",-121.62638,39.12301
"8187063",-121.6434045,39.1272624,2016,"5102","0","4","3","06",0,1,"A",,,"Y",,,1500,12,"B","C","A","FRANKLIN RD","WALTON AV",150,"E","N","2017-01-11",5102,"2016-12-01",1331,"4073","2","5","4","0","0",,"0",,"-","N",,0,0,,,0,,,,"N",2,"A","-",21750,,"N","A","H","-","A","D","0","Y","C","02",0,1,0,0,0,0,0,0,1,"-","-","YUBA CITY","SUTTER","CA",0,0
"8187059",-121.6439452,39.1416478,2016,"5102","0","2","4","03",0,2,"B",,,,,,900,12,"C","C","A","RT 20","STABLER LN",25,"E","N","2017-01-11",5102,"2016-12-06",824,"4073","2","5","4","0","0",,"0",,"-","Y",,0,0,,,0,,,,"Y",2,"A","-",22350,,"N","A","H","-","A","D","0","Y","A","01",0,0,2,0,0,0,0,0,0,"-","-","YUBA CITY","SUTTER","CA",0,0
"8182888",-121.6433904,39.1272626,2016,"5102","0","3","4","09",0,3,"A",,,,,,1800,10,"D","C","A","FRANKLIN RD","WALTON AV",154,"E","N","2016-12-08",5102,"2016-10-26",1724,"4096","2","5","4","0","0",,"0","002","-","N",,0,0,,,0,,,,"Y",2,"A","-",21804,"A","N","A","H","-","A","D","0","Y","A","01",0,0,3,0,0,0,0,0,0,"-","-","YUBA CITY","SUTTER","CA",0,0
"8182610",-121.6183432,39.152515,2016,"5102","0","3","4","01",0,1,"A",,,,,"Y",2400,11,"D","C","A","QUEENS AV","PLUMAS ST",0,,"Y","2016-12-08",5102,"2016-11-02",2357,"4093","3","5","4","0","0",,"0","003","-","N",,0,0,,,0,,,,"Y",2,"A","-",23152,"A","N","A","H","-","C","A","0","Y","A","01",0,0,1,0,0,0,0,0,0,"-","-","YUBA CITY","SUTTER","CA",0,0
"8182605",0,0,2016,"5102","0","6","4","03",0,1,"B",,,,,,1500,11,"B","C","A","COLUSA AV","SHASTA",500,"E","N","2016-12-07",5102,"2016-11-19",1311,"4103","4","5","4","0","0",,"0","004","C","Y",,0,0,,,0,,,,"N",2,"A","-",22350,,"N","B","H","-","A","D","0","Y","A","01",0,0,1,0,0,0,0,0,0,"-","-","YUBA CITY","SUTTER","CA",-121.61611,39.14115
"8182598",-121.6439332,39.1272551,2016,"5102","0","6","3","12",0,1,"B",,,"Y",,,900,11,"D","C","A","FRANKLIN AV","WALTON AV",0,,"Y","2016-12-08",5102,"2016-11-19",800,"4103","2","5","4","0","0",,"0","002","C","N",,0,0,,,0,,,,"N",2,"A","-",21453,"A","F","B","H","-","A","A","0","Y","A","01",0,1,0,0,0,0,0,0,1,"-","-","YUBA CITY","SUTTER","CA",-121.64388,39.1273
"8182586",-121.6212561,39.1126329,2016,"5102","0","4","4","06",0,1,"A",,,,,"Y",2400,11,"B","C","A","LINCOLN RD","EASTCREST CT",160,"W","N","2016-12-08",5102,"2016-11-10",2159,"9015","4","5","4","0","0",,"0","004","-","N",,0,0,,,0,,,,"Y",2,"A","-",21750,,"M","A","H","-","D","A","0","Y","-",,0,0,1,0,0,0,0,0,0,"-","-","YUBA CITY","SUTTER","CA",0,0
"8182566",-121.6148574,39.1343021,2016,"5102","0","3","4","09",0,1,"A",,,"Y",,,1800,11,"D","C","A","PLUMAS ST","A ST",90,"S","N","2016-12-08",5102,"2016-11-16",1724,"9004","4","5","4","0","0",,"0",,"-","N",,0,0,,,0,,,,"N",2,"A","-",21801,"A","N","A","H","-","A","D","0","Y","A","01",0,0,1,0,0,0,0,0,0,"-","-","YUBA CITY","SUTTER","CA",0,0
"8182562",0,0,2016,"5102","0","6","4","08",0,1,"A",,,,,,2100,11,"A","I","A","HARTER PKWY","LASSEN AV",165,"S","N","2016-12-08",5102,"2016-11-12",2049,"4072","1","5","4","0","0",,"0","001","-","N",,0,0,,,0,,,,"Y",1,"A","-",22107,,"N","A","H","-","C","D","0","Y","A","07",0,0,1,0,0,0,0,0,0,"-","-","YUBA CITY","SUTTER","CA",0,0
"8175953",-121.6416086,39.1323323,2016,"5102","0","7","4","03",0,1,"B",,,,,,2100,11,"C","C","A","BRIDGE ST","JOANN WY",237,"W","N","2016-12-01",5102,"2016-11-06",1910,"4076","2","5","4","0","0",,"0","002","-","N",,0,0,,,0,,,,"Y",2,"A","-",22350,,"N","A","H","-","C","D","0","Y","A","01",0,0,1,0,0,0,0,0,0,"-","-","YUBA CITY","SUTTER","CA",0,0
"8175941",-121.6242637,39.0985255,2016,"5102","0","1","4","03",0,2,"A",,,,,,2400,11,"C","C","A","BOGUE RD","HASTINGS WY",33,"E","N","2016-12-01",5102,"2016-11-07",2201,"4076","5","5","4","0","0",,"0","005","-","N",,0,0,,,0,,,,"Y",4,"A","-",22350,,"F","A","H","-","C","D","0","Y","A","01",0,0,2,0,0,0,0,0,0,"-","-","YUBA CITY","SUTTER","CA",0,0
"8175937",-121.6207232,39.148235,2016,"5102","0","4","4","05",0,1,"A",,"Y",,,"Y",1500,11,"D","G","A","LIVE OAK BL","KING AV",0,,"Y","2016-12-01",5102,"2016-11-03",1417,"4102","3","5","4","0","0",,"0","5102","-","N",,0,0,,,0,,,,"N",2,"A","-",21650,"1","N","A","H","-","A","D","0","Y","L","04",0,0,1,0,0,0,1,0,0,"-","-","YUBA CITY","SUTTER","CA",-121.62071,39.14822
"8175933",-121.6381091,39.1272826,2016,"5102","0","2","3","21",0,1,"A",,,"Y",,,1800,11,"D","C","A","FRANKLIN RD","LITTLEJOHN RD",316,"E","N","2016-12-01",5102,"2016-11-08",1619,"4073","2","5","4","0","0",,"0",,"-","N",,0,0,,,0,,,,"N",2,"A","-",22106,,"N","A","H","-","A","D","0","Y","A","01",0,1,0,0,0,0,0,0,1,"-","-","YUBA CITY","SUTTER","CA",0,0
"8175929",-121.6234372,39.1325073,2016,"5102","0","1","4","03",0,1,"A",,,,,,1800,11,"C","C","A","BRIDGE ST","COOPER AV",30,"W","N","2016-12-01",5102,"2016-11-14",1627,"4073","4","5","4","0","0",,"0",,"-","N",,0,0,,,0,,,,"N",2,"A","-",22350,,"N","A","H","-","A","D","0","Y","A","01",0,0,1,0,0,0,0,0,0,"-","-","YUBA CITY","SUTTER","CA",0,0
"8175925",-121.6188534,39.1341342,2016,"5102","0","3","4","03",0,2,"A",,,,,,1800,11,"C","C","A","BRIDGE ST","LINDEN ST",150,"E","N","2016-12-01",5102,"2016-11-02",1543,"4073","4","5","4","0","0",,"0",,"-","N",,0,0,,,0,,,,"Y",2,"A","-",22350,,"N","A","H","-","A","D","0","Y","A","07",0,0,2,0,0,0,0,0,0,"-","-","YUBA CITY","SUTTER","CA",0,0
"8175921",-121.6778147,39.1569894,2016,"5102","0","5","4","00",0,1,"A",,,,,,1800,11,"C","C","A","ROYO RANCHERO DR","BUTTE HOUSE RD",150,"S","N","2016-12-01",5102,"2016-11-04",1651,"4069","1","5","4","0","0",,"0","001","-","N",,0,0,,,0,,,,"Y",2,"A","-",21650,"A","N","A","H","-","A","D","0","Y","A","01",0,0,1,0,0,0,0,0,0,"-","-","YUBA CITY","SUTTER","CA",-121.6782,39.15601
"8170665",-121.6581932,39.276035,2016,"5101","0","1","3","03",0,1,"A","Y",,,,,900,9,"G","B","B","PENNINGTON RD","L ST",0,,"Y","2016-11-18",5100,"2016-09-19",742,"2091","LOCA4","5","2","0","0",,"0","01A","-","N",,0,0,,,0,,,,"N",2,"A","-",22350,,"N","A","H","-","A","D","0","Y","A","01",0,1,0,0,1,0,0,0,0,"-","-","LIVE OAK","SUTTER","CA",0,0
"8170512",-121.6606313,39.2734963,2016,"5101","0","6","3","03",0,2,"A",,,,,,1500,9,"C","C","A","RT 99","ELM ST",30,"N","N","2016-11-18",5100,"2016-09-24",1433,"5127","5101","5","2","0","0",,"0","002","-","Y",,0,0,,,0,,,,"N",2,"A","-",22350,,"N","A","H","-","A","A","0","Y","-",,0,2,0,0,0,0,0,0,0,"-","-","LIVE OAK","SUTTER","CA",0,0
"8170362",-121.6581932,39.271975,2016,"5101","0","2","4","09",0,1,"A",,,,,,900,11,"D","C","A","ARCHER AV","L ST",0,,"Y","2016-11-18",5100,"2016-11-01",801,"AUSTIN","5101","5","2","0","0",,"0","001","-","N",,0,0,,,0,,,,"N",2,"A","-",21800,"A","N","B","H","-","A","D","0","Y","-",,0,0,1,0,0,0,0,0,0,"-","-","LIVE OAK","SUTTER","CA",0,0
"8170212",-121.6474733,39.109385,2016,"5102","0","2","4","12",0,1,"C",,,,,,1200,10,"D","C","A","WEST JOSEPH ST","EDWIN DR",0,,"Y","2016-11-17",5102,"2016-10-25",1113,"2222","97","5","4","0","0",,"0","007","-","N",,0,0,,,0,,,,"N",2,"A","-",22450,"A","N","B","H","-","A","A","0","Y","A","01",0,0,1,0,0,0,0,0,0,"-","-","YUBA CITY","SUTTER","CA",0,0
"8170155",-121.6608125,39.2743152,2016,"5101","0","5","4","03",0,2,"A",,,,,,2100,9,"C","C","A","RT 99","ELM ST",380,"N","N","2017-02-27",5100,"2016-09-30",1807,"5082","LOCA3","5","2","0","0",,"0","02A","-","Y","SUT",3,99,"-","-",40.13,"H","-","N","Y",3,"A","-",22350,,"N","A","H","-","A","D","0","Y","A","07",0,0,2,0,0,0,0,0,0,"-","-","LIVE OAK","SUTTER","CA",0,0
"8170104",-121.6659095,39.2760151,2016,"5101","0","7","4","09",0,1,"A",,,,,,1200,9,"D","C","A","PENNINGTON RD","P ST",120,"E","N","2016-11-21",5100,"2016-09-18",958,"2091","LOCA3","5","2","0","0",,"0","02A","-","N",,0,0,,,0,,,,"N",2,"A","-",21804,"A","N","A","H","-","A","D","0","Y","A","01",0,0,1,0,0,0,0,0,0,"-","-","LIVE OAK","SUTTER","CA",0,0
"8170099",-121.6612543,39.2764552,2016,"5101","0","2","4","03",0,1,"A",,,,"Y",,1500,9,"C","C","A","RT 99","PENNINGTON RD",50,"N","N","2017-02-27",5100,"2016-09-13",1200,"2232","LIVEO","5","2","0","0",,"0","02A","-","Y","SUT",3,99,"-","-",40.27,"H","-","S","N",2,"A","-",22350,,"N","A","H","-","A","A","0","Y","F","25",0,0,1,0,0,0,0,0,0,"-","-","LIVE OAK","SUTTER","CA",0,0
"8163064",-121.6129454,39.1219094,2016,"5102","0","2","4","21",0,1,"A",,,,,,1500,10,"C","C","A","GARDEN HWY","PERCY AV",40,"W","N","2016-12-12",5102,"2016-10-04",1448,"482","5","5","4","0","0",,"0","005","-","N",,0,0,,,0,,,,"N",2,"A","-",22106,,"N","A","H","-","A","A","0","Y","A","01",0,0,1,0,0,0,0,0,0,"-","-","YUBA CITY","SUTTER","CA",0,0
"8162526",-121.6236831,39.170925,2016,"5102","0","4","4","00",0,4,"A",,,,,"Y",1500,10,"D","C","A","LIVE OAK BL","PEASE RD",0,,"Y","2016-11-21",5102,"2016-10-20",1327,"9004","3","5","4","0","0",,"0",,"-","N",,0,0,,,0,,,,"Y",3,"A","-",23153,"F","N","A","H","-","A","A","0","Y","D","22",0,0,4,0,0,0,0,0,0,"-","-","YUBA CITY","SUTTER","CA",0,0
"8162522",-121.6554531,39.1512951,2016,"5102","0","2","3","09",0,2,"B",,,,,,2400,10,"A","C","A","BUTTE HOUSE RD","HARTER PKWY",0,,"Y","2016-11-21",5102,"2016-10-04",2141,"4022","1","5","4","0","0",,"0","001","-","N",,0,0,,,0,,,,"Y",2,"A","-",21453,"C","N","A","H","-","C","A","0","Y","D","22",0,2,0,0,0,0,0,0,0,"-","-","YUBA CITY","SUTTER","CA",0,0
"8162518",-121.6300631,39.138035,2016,"5102","0","2","4","09",0,3,"A",,,,"Y",,900,10,"D","C","A","GRAY AV","FORBES AV",0,,"Y","2016-11-21",5102,"2016-10-04",737,"9014","4","5","4","0","0",,"0","004","-","N",,0,0,,,0,,,,"N",2,"A","-",21800,"A","N","A","H","-","A","A","0","Y","F","26",0,0,3,0,0,0,0,0,0,"-","-","YUBA CITY","SUTTER","CA",0,0
"8157396",-121.6671631,39.1545451,2016,"5102","0","7","4","18",0,2,"B",,,,,,2400,10,"D","C","A","BUTTE HOUSE RD","HOOPER RD",0,,"Y","2017-01-12",5102,"2016-10-02",2108,"4022","1","5","4","0","0",,"0","001","-","N",,0,0,,,0,,,,"Y",2,"C","-",0,,"N","A","H","-","C","A","0","Y","-","-",0,0,2,0,0,0,0,0,0,"-","-","YUBA CITY","SUTTER","CA",0,0
"8157388",-121.6117131,39.095165,2016,"5102","0","3","3","10",0,1,"A","Y",,,,,900,10,"G","B","B","GARDEN HWY","SHANGHAI BEND RD",0,,"Y","2016-12-12",5102,"2016-10-12",753,"482","5","5","4","0","0",,"0","005","-","N",,0,0,,,0,,,,"N",2,"A","-",21950,"A","N","A","H","-","A","A","0","Y","A","01",0,1,0,0,1,0,0,0,0,"-","-","YUBA CITY","SUTTER","CA",0,0
"8157384",0,0,2016,"5102","0","4","4","03",0,1,"A",,,,,,1800,10,"C","C","A","BRIDGE ST","SHASTA ST",2050,"E","N","2016-11-02",5102,"2016-10-13",1747,"9013","3","5","4","0","0",,"0","003","-","N",,0,0,,,0,,,,"Y",3,"A","-",22350,,"N","A","H","-","A","D","0","Y","A","01",0,0,1,0,0,0,0,0,0,"-","-","YUBA CITY","SUTTER","CA",-121.60957,39.13714
"8157380",-121.6171132,39.1233051,2016,"5102","0","3","2","03",0,1,"A",,,,,,1500,10,"E","I","A","MAIN ST","ORCHARD WY",0,,"Y","2016-11-03",5102,"2016-10-12",1342,"4101","4","5","4","0","0",,"0","004","-","N",,0,0,,,0,,,,"Y",1,"A","-",22350,,"N","A","H","-","A","D","0","Y","A","01",1,0,0,0,0,0,0,0,0,"-","-","YUBA CITY","SUTTER","CA",0,0
"8157376",-121.6153332,39.135325,2016,"5102","0","5","4","21",0,3,"B",,,,,,1200,10,"C","C","A","BRIDGE ST","PLUMAS ST",0,,"Y","2016-11-03",5102,"2016-10-14",1151,"4103","4","5","4","0","0",,"0","004","-","N",,0,0,,,0,,,,"N",2,"A","-",22106,,"N","B","H","-","A","A","0","Y","A","01",0,0,3,0,0,0,0,0,0,"-","-","YUBA CITY","SUTTER","CA",-121.6153,39.13539
"8157372",-121.6386364,39.1323277,2016,"5102","0","6","2","09",0,1,"B",,,"Y",,,1200,10,"D","C","A","BRIDGE ST","JOY WY",175,"E","N","2016-11-03",5102,"2016-10-15",1040,"9013","2","5","4","0","0",,"0","002","C","N",,0,0,,,0,,,,"Y",2,"A","-",21804,,"N","B","H","-","A","D","0","Y","A","01",1,0,0,0,0,0,0,0,1,"-","-","YUBA CITY","SUTTER","CA",-121.63689,39.13238
"8152477",-121.6216632,39.1319851,2016,"5102","0","2","4","09",0,2,"A",,,,,,2100,10,"D","C","A","A ST","PARK AV",0,,"Y","2016-10-31",5102,"2016-10-11",1849,"4072","4","5","4","0","0",,"0","004","-","N",,0,0,,,0,,,,"Y",2,"A","-",21803,"A","F","A","H","-","D","D","0","Y","A","01",0,0,2,0,0,0,0,0,0,"-","-","YUBA CITY","SUTTER","CA",0,0
"8152361",-121.6270532,39.163175,2016,"5102","0","5","2","00",0,1,"A",,,,,,1200,9,"E","I","A","NORTHRIDGE DR","CLARK AV",0,,"Y","2016-12-28",5102,"2016-09-23",921,"4091","3","5","4","0","0",,"0","003","-","N",,0,0,,,0,,,,"Y",1,"D","-",0,,"N","A","H","-","C","D","0","Y","-","-",1,0,0,0,0,0,0,0,0,"-","-","YUBA CITY","SUTTER","CA",0,0
"8152365",-121.6715869,39.1407478,2016,"5102","0","1","4","03",0,2,"A",,,,,,1800,9,"C","C","A","GEORGE WASHINGTON BL","COLUSA FRONTAGE RD",50,"S","N","2016-10-31",5102,"2016-09-26",1743,"4096","1","5","4","0","0",,"0","001","-","N",,0,0,,,0,,,,"N",2,"A","-",22350,,"N","A","H","-","A","D","0","Y","A","01",0,0,2,0,0,0,0,0,0,"-","-","YUBA CITY","SUTTER","CA",0,0
"8152017",-121.6075532,39.138095,2016,"5102","0","4","4","09",0,1,"A",,,,,,1500,10,"D","C","A","BRIDGE ST","2ND ST",0,,"Y","2016-11-01",5102,"2016-10-06",1209,"485","4","5","4","0","0",,"0","004","-","N",,0,0,,,0,,,,"Y",2,"A","-",21801,"A","N","A","H","-","A","D","0","Y","D","22",0,0,1,0,0,0,0,0,0,"-","-","YUBA CITY","SUTTER","CA",0,0
"8146866",-121.6439367,39.1273649,2016,"5102","0","2","4","00",0,1,"A",,,,,,900,9,"C","C","A","WALTON AV","FRANKLIN RD",40,"N","N","2017-01-31",5102,"2016-09-27",707,"4073","2","5","4","0","0",,"0",,"-","N",,0,0,,,0,,,,"N",2,"D","-",0,,"N","A","H","-","A","D","0","Y","-","-",0,0,1,0,0,0,0,0,0,"-","-","YUBA CITY","SUTTER","CA",0,0
"8142445",-121.638899,39.1485348,2016,"5102","0","5","3","07",0,1,"A",,,,,,900,9,"C","E","A","EL DORADO LN","INGLEWOOD CT",118,"S","N","2016-10-21",5102,"2016-09-23",714,"4102","2","5","4","0","0",,"0","0714","-","N",,0,0,,,0,,,,"Y",2,"A","-",21658,"A","N","A","H","-","A","D","0","Y","A","01",0,1,0,0,0,0,0,0,0,"-","-","YUBA CITY","SUTTER","CA",-121.63873,39.14871
"8142437",-121.6201137,39.1325366,2016,"5102","0","4","4","03",0,1,"A",,,,,,1500,9,"B","C","A","A ST","HAWTHORNE AV",78,"W","N","2016-10-21",5102,"2016-09-15",1306,"4073","4","5","4","0","0",,"0",,"-","N",,0,0,,,0,,,,"N",2,"A","-",22350,,"N","A","H","-","A","D","0","Y","A","08",0,0,1,0,0,0,0,0,0,"-","-","YUBA CITY","SUTTER","CA",0,0
"8142433",-121.618472,39.1033923,2016,"5102","0","6","3","17",0,1,"A",,,,,,1800,9,"D","C","A","LASK DR","MAGNOLIA DR",12,"E","N","2016-10-20",5102,"2016-09-10",1556,"4095","5","5","4","0","0",,"0","005","-","N",,0,0,,,0,,,,"N",2,"A","-",21663,,"N","A","H","-","A","D","0","Y","-",,0,1,0,0,0,0,0,0,0,"-","-","YUBA CITY","SUTTER","CA",-121.61823,39.10369
"8142328",-121.6407969,39.1515651,2016,"5102","0","5","4","03",0,1,"A",,,,,,1800,8,"C","C","A","QUEENS AV","DANA WY",50,"E","N","2016-10-20",5102,"2016-08-26",1539,"4069","2","5","4","0","0",,"0","002","-","N",,0,0,,,0,,,,"N",2,"A","-",22350,,"N","A","H","-","A","D","0","Y","A","01",0,0,1,0,0,0,0,0,0,"-","-","YUBA CITY","SUTTER","CA",-121.64079,39.15133
"8142204",-121.6439542,39.1327462,2016,"5102","0","2","4","03",0,2,"A",,,,,,1200,10,"C","C","A","WALTON AV","BRIDGE ST",157,"N","N","2016-10-19",5102,"2016-10-04",1137,"4083","2","5","4","0","0",,"0",,"-","N",,0,0,,,0,,,,"Y",2,"A","-",22350,,"N","A","H","-","A","D","0","Y","A","01",0,0,2,0,0,0,0,0,0,"-","-","YUBA CITY","SUTTER","CA",0,0
"8139028",-121.6276756,39.1439548,2016,"5102","0","4","4","10",0,1,"A","Y",,,,,1800,10,"G","B","D","AINSLEY","STAFFORD WY",5,"E","N","2016-11-29",5102,"2016-10-20",1718,"4069","3","5","4","0","0",,"0","003","-","N",,0,0,,,0,,,,"N",2,"A","-",21950,"A","N","A","H","-","A","D","0","Y","A","01",0,0,1,0,1,0,0,0,0,"-","-","YUBA CITY","SUTTER","CA",-121.62769,39.14398
"8139020",0,0,2016,"5102","0","6","4","03",0,1,"A",,,,,,1800,10,"H","A","A","WALTON AV","SUNSWEET BL",0,,"Y","2016-11-29",5102,"2016-10-22",1601,"4095","2","5","4","0","0",,"0","002","-","N",,0,0,,,0,,,,"N",1,"A","-",22350,,"N","A","H","-","A","D","0","Y","-",,0,0,1,0,0,0,0,0,0,"-","-","YUBA CITY","SUTTER","CA",-121.6439,39.13462