"CASEID","POINT_X","POINT_Y","YEAR_","LOCATION","CHPTYPE","DAYWEEK","CRASHSEV","VIOLCAT","KILLED","INJURED","WEATHER1","PEDCOL","BICCOL","MCCOL","TRUCKCOL","ETOH","TIMECAT","MONTH_","CRASHTYP","INVOLVE","PED","PRIMARYRD","SECONDRD","DISTANCE","DIRECT","INTERSECT_","PROCDATE","JURIS","DATE_","TIME_","BADGE","JURIDIST","SHIFT","POP","SPECIAL","BEATTYPE","LAPDDIV","BEATCLAS","BEATNUMB","WEATHER2","STATEHW","CALTRANC","CALTRAND","STROUTE","ROUTESUF","POSTPRE","POSTMILE","LOCATYPE","RAMP","SIDEHW","TOWAWAY","PARTIES","PCF","VIOLCODE","VIOL","VIOLSUB","HITRUN","ROADSURF","RDCOND1","RDCOND2","LIGHTING","RIGHTWAY","CHPRDTYP","NOTPRIV","STFAULT","CHPFAULT","SEVINJ","OTHERINJ","COP","PEDKILL","PEDINJ","BICKILL","BICINJ","MCKILL","MCINJURE","RAMP1","RAMP2","CITY","COUNTY","STATE","X_CHP","Y_CHP"
"8138929",0,0,2016,"5102","0","2","4","03",0,1,"B",,,,,,900,10,"C","C","A","5TH ST BRIDGE","SHASTA ST",0,,"N","2016-12-01",5102,"2016-10-25",735,"4096","3","5","4","0","0",,"0","003","C","N",,0,0,,,0,,,,"Y",3,"A","-",22350,,"N","B","H","-","B","D","0","Y","A","01",0,0,1,0,0,0,0,0,0,"-","-","YUBA CITY","SUTTER","CA",0,0
"8138925",0,0,2016,"5102","0","4","4","00",0,2,"C",,,,,,900,10,"B","C","A","FRANKLIN RD","WINCO DR",0,,"Y","2016-11-30",5102,"2016-10-27",839,"4102","2","5","4","0","0",,"0",,"-","N",,0,0,,,0,,,,"Y",3,"A","-",23153,"E","N","B","H","-","A","A","0","Y","A","01",0,0,2,0,0,0,0,0,0,"-","-","YUBA CITY","SUTTER","CA",-121.63709,39.12716
"8138921",-121.6157432,39.1007751,2016,"5102","0","4","3","12",0,2,"A",,,,,,1500,11,"D","C","A","GARDEN HWY","BOGUE RD",0,,"Y","2017-01-09",5102,"2016-11-10",1426,"4073","5","5","4","0","0",,"0",,"-","Y",,0,0,,,0,,,,"Y",2,"A","-",21453,"A","N","A","H","-","A","A","0","Y","D","22",0,1,1,0,0,0,0,0,0,"-","-","YUBA CITY","SUTTER","CA",0,0
"8138917",0,0,2016,"5102","0","6","3","03",0,1,"A",,,"Y",,,1500,11,"C","C","A","BOGUE RD","SINGHS WY",250,"W","N","2016-12-02",5102,"2016-11-12",1301,"4100","5","5","4","0","0",,"0","005","-","N",,0,0,,,0,,,,"N",2,"A","-",22350,,"N","A","H","-","A","D","0","Y","C","02",0,1,0,0,0,0,0,0,1,"-","-","YUBA CITY","SUTTER","CA",-121.6196,39.09849
"8137981",-121.6063966,39.1361921,2016,"5102","0","4","4","00",0,1,"A",,,,,,900,9,"C","C","A","2ND ST","B ST",15,"N","N","2016-10-12",5102,"2016-09-15",805,"4073","4","5","4","0","0",,"0",,"-","N",,0,0,,,0,,,,"N",2,"A","-",23153,"E","F","A","H","-","A","A","0","Y","A","01",0,0,1,0,0,0,0,0,0,"-","-","YUBA CITY","SUTTER","CA",0,0
"8137977",0,0,2016,"5102","0","1","3","21",0,1,"A","Y",,,,,2100,9,"G","E","F","SKYLINE DR","GRAY AV",110,"E","N","2016-10-12",5102,"2016-09-12",1939,"9014","3","5","4","0","0",,"0","003","-","N",,0,0,,,0,,,,"N",4,"A","-",22106,,"N","A","H","-","C","D","0","Y","A","01",0,1,0,0,0,0,0,0,0,"-","-","YUBA CITY","SUTTER","CA",0,0
"8137722",-121.6354233,39.1323714,2016,"5102","0","5","4","10",0,1,"A","Y",,,,,1200,9,"A","B","B","W ONSTOTT FRONTAGE RD","BRIDGE ST",5,"S","N","2016-10-12",5102,"2016-09-02",1042,"4069","2","5","4","0","0",,"0","002","-","N",,0,0,,,0,,,,"N",2,"A","-",21950,"A","N","A","H","-","A","D","0","Y","D","22",0,0,1,0,1,0,0,0,0,"-","-","YUBA CITY","SUTTER","CA",-121.63553,39.13239
"8134139",-121.6066932,39.129645,2016,"5102","0","5","4","03",0,1,"A",,,,,,1800,9,"C","C","A","GARDEN HWY","MONTEREY AV",0,,"Y","2016-10-04",5102,"2016-09-09",1740,"4101","4","5","4","0","0",,"0","004","-","N",,0,0,,,0,,,,"Y",3,"A","-",22350,,"N","A","H","-","A","A","0","Y","A","01",0,0,1,0,0,0,0,0,0,"-","-","YUBA CITY","SUTTER","CA",0,0
"8134135",0,0,2016,"5102","0","7","4","01",0,1,"A",,,,,"Y",300,9,"E","I","A","SUMNER ST","SUMNER ST 101",0,,"-","2016-10-04",5102,"2016-09-11",210,"4076","3","5","4","0","0",,"0","003","-","N",,0,0,,,0,,,,"Y",1,"A","-",23153,"B","N","A","H","-","D","D","0","Y","A","01",0,0,1,0,0,0,0,0,0,"-","-","YUBA CITY","SUTTER","CA",0,0
"8134115",-121.6234632,39.135575,2016,"5102","0","5","4","01",0,2,"A",,,,,"Y",2100,9,"B","C","A","REEVES AV","COOPER AV",0,,"Y","2016-10-04",5102,"2016-09-16",1802,"4078","4","5","4","0","0",,"0","004","-","N",,0,0,,,0,,,,"N",2,"A","-",23153,"B","N","A","H","-","A","D","0","Y","A","07",0,0,2,0,0,0,0,0,0,"-","-","YUBA CITY","SUTTER","CA",0,0
"8134087",-121.62987,39.1317817,2016,"5102","0","1","3","11",0,1,"A","Y",,,,"Y",1500,9,"D","B","D","GRAY AV","BRIDGE ST",198,"S","N","2016-10-04",5102,"2016-09-12",1327,"4073","4","5","4","0","0",,"0",,"-","N",,0,0,,,0,,,,"N",2,"A","-",21954,"A","N","A","H","-","A","D","0","Y","N","60",0,1,0,0,1,0,0,0,0,"-","-","YUBA CITY","SUTTER","CA",0,0
"8134023",-121.6407581,39.1418321,2016,"5102","0","2","4","09",0,1,"A",,,,,,1500,8,"D","C","A","RT 20","CIVIC CENTER BL",600,"W","N","2017-02-24",5102,"2016-08-09",1307,"4077","2","5","4","0","0",,"0","002","-","Y","SUT",3,20,"-","R",15.27,"H","-","W","Y",2,"A","-",21804,"A","N","A","H","-","A","D","0","Y","D","22",0,0,1,0,0,0,0,0,0,"-","-","YUBA CITY","SUTTER","CA",0,0
"8125887",-121.6150732,39.1261451,2016,"5102","0","5","4","12",0,1,"A",,,,,,1800,9,"D","C","A","NIELSON AV","DEL MONTE AV",0,,"Y","2016-09-27",5102,"2016-09-02",1739,"4103","5","5","4","0","0",,"0","005","-","N",,0,0,,,0,,,,"N",2,"A","-",22450,"A","N","A","H","-","A","A","0","Y","A","07",0,0,1,0,0,0,0,0,0,"-","-","YUBA CITY","SUTTER","CA",0,0
"8125883",-121.6227132,39.105115,2016,"5102","0","4","3","10",0,1,"A","Y",,,,,1800,9,"G","B","B","RAILROAD AV","TEESDALE RD",0,,"Y","2016-09-27",5102,"2016-09-01",1725,"4102","5","5","4","0","0",,"0","5102","-","N",,0,0,,,0,,,,"N",2,"A","-",21950,"A","N","A","H","-","A","D","0","Y","A","01",0,1,0,0,1,0,0,0,0,"-","-","YUBA CITY","SUTTER","CA",0,0
"8125879",-121.6440032,39.1480651,2016,"5102","0","2","4","03",0,1,"A",,,,,,2100,9,"C","C","A","STABLER LN","BUTTE HOUSE RD",0,,"Y","2016-09-27",5102,"2016-09-06",1929,"4022","2","5","4","0","0",,"0","5102","-","N",,0,0,,,0,,,,"Y",2,"A","-",22350,,"F","A","H","-","A","A","0","Y","A","01",0,0,1,0,0,0,0,0,0,"-","-","YUBA CITY","SUTTER","CA",0,0
"8125875",-121.6128586,39.1219738,2016,"5102","0","3","4","10",0,2,"A","Y",,,,,900,9,"G","B","B","GARDEN HWY","PERCY AV",6,"S","N","2016-09-27",5102,"2016-09-07",810,"4073","5","5","4","0","0",,"0",,"-","N",,0,0,,,0,,,,"N",3,"A","-",21950,"A","N","A","H","-","A","A","0","Y","A","01",0,0,2,0,2,0,0,0,0,"-","-","YUBA CITY","SUTTER","CA",0,0
"8125350",-121.6212432,39.131125,2016,"5102","0","2","4","03",0,2,"A",,,,,,1500,8,"C","C","A","B ST","PARK AV",0,,"Y","2016-09-26",5102,"2016-08-30",1225,"4016","4","5","4","0","0",,"0","004","-","N",,0,0,,,0,,,,"Y",3,"A","-",22350,,"N","A","H","-","A","D","0","Y","A","01",0,0,2,0,0,0,0,0,0,"-","-","YUBA CITY","SUTTER","CA",0,0
"8125214",-121.6262921,39.1415816,2016,"5102","0","1","4","03",0,2,"A",,,,,,1800,8,"C","C","A","COLUSA AV","CLARK AV",43,"W","N","2017-02-24",5102,"2016-08-29",1731,"9013","4","5","4","0","0",,"0","004","-","Y","SUT",3,20,"-","-",16.05,"H","-","E","Y",2,"A","-",22350,,"N","A","H","-","A","A","0","Y","A","01",0,0,2,0,0,0,0,0,0,"-","-","YUBA CITY","SUTTER","CA",0,0
"8123915",-121.6500332,39.116355,2016,"5102","0","6","3","12",0,1,"A",,,,,,1800,5,"D","C","A","MCCUNE AV","ALLEN WY",0,,"Y","2016-09-20",5102,"2016-05-28",1515,"2193","89","5","4","0","0",,"0","007","-","N",,0,0,,,0,,,,"Y",2,"A","-",22450,"A","N","A","H","-","A","A","0","Y","A","01",0,1,0,0,0,0,0,0,0,"-","-","YUBA CITY","SUTTER","CA",0,0
"8122091",-121.6144533,39.133395,2016,"5102","0","4","4","00",0,1,"A",,,,,,1500,8,"D","C","A","B ST","PLUMAS ST",0,,"Y","2016-09-21",5102,"2016-08-25",1327,"4083","3","5","4","0","0",,"0",,"-","N",,0,0,,,0,,,,"Y",2,"D","-",0,,"N","A","H","-","A","A","0","Y","-","-",0,0,1,0,0,0,0,0,0,"-","-","YUBA CITY","SUTTER","CA",0,0
"8122086",0,0,2016,"5102","0","7","3","18",0,2,"A",,,"Y",,,1500,8,"E","J","A","5TH ST BRIDGE","BRIDGE ST",150,"N","N","2016-09-20",5102,"2016-08-28",1318,"4090","4","5","4","0","0",,"0","5102","-","N",,0,0,,,0,,,,"Y",1,"C","-",0,,"N","D","H","-","A","D","0","Y","-","-",0,2,0,0,0,0,0,0,2,"-","-","YUBA CITY","SUTTER","CA",0,0
"8119862",0,0,2016,"5102","0","3","2","11",0,1,"A","Y",,,,,1800,8,"G","B","B","N WALTON AV","WALTON AV 900",16,"W","N","2016-09-20",5102,"2016-08-24",1713,"9013","1","5","4","0","0",,"0","001","-","N",,0,0,,,0,,,,"N",2,"A","-",21950,"B","N","A","H","-","A","A","0","Y","N","60",1,0,0,0,1,0,0,0,0,"-","-","YUBA CITY","SUTTER","CA",-121.64398,39.13807
"8119854",-121.6153332,39.135325,2016,"5102","0","4","3","12",0,2,"A",,,,,,1500,8,"D","C","A","BRIDGE ST","PLUMAS ST",0,,"Y","2016-09-20",5102,"2016-08-25",1422,"4073","4","5","4","0","0",,"0",,"-","N",,0,0,,,0,,,,"Y",2,"A","-",21453,"A","N","A","H","-","A","A","0","Y","D","22",0,1,1,0,0,0,0,0,0,"-","-","YUBA CITY","SUTTER","CA",0,0
"8118703",0,0,2016,"5102","0","5","2","11",0,1,"A","Y",,"Y",,,600,8,"A","B","D","SANBORN RD","NAND DR",136,"N","N","2016-11-04",5102,"2016-08-05",534,"5104","97","5","4","0","0",,"0","007","-","N",,0,0,,,0,,,,"N",2,"A","-",21954,"A","N","A","H","-","C","D","0","Y","N","60",1,0,0,0,1,0,0,0,0,"-","-","YUBA CITY","SUTTER","CA",0,0
"8118699",0,0,2016,"5102","0","4","3","13",0,1,"A",,,,,,1800,8,"G","B","A","GREENWICH CIR","WALTON AV",0,,"Y","2016-09-12",5102,"2016-08-18",1733,"5097","96","5","4","0","0",,"0","007","-","N",,0,0,,,0,,,,"N",1,"A","-",22515,"A","N","A","H","-","A","A","0","Y","A","07",0,1,0,0,0,0,0,0,0,"-","-","YUBA CITY","SUTTER","CA",0,0
"8118669",0,0,2016,"5101","0","1","4","03",0,1,"A",,,,,,1200,8,"C","E","A","N ST","N ST 10104",40,"N","N","2016-09-16",5100,"2016-08-15",1115,"2081","5101","5","2","0","0",,"0","002","-","N",,0,0,,,0,,,,"Y",2,"A","-",22350,,"N","A","H","-","A","D","0","Y","A","01",0,0,1,0,0,0,0,0,0,"-","-","LIVE OAK","SUTTER","CA",0,0
"8118649",-121.6608752,39.2745987,2016,"5101","0","4","4","03",0,2,"A",,,,,,2100,5,"C","C","A","RT 99","ELM ST",478,"N","N","2017-02-21",5100,"2016-05-26",1850,"2232","LIVEO","5","2","0","0",,"0","02A","-","Y","SUT",3,99,"-","-",40.15,"H","-","N",,2,"A","-",22350,,"N","A","H","-","A","A","0","Y","D","22",0,0,2,0,0,0,0,0,0,"-","-","LIVE OAK","SUTTER","CA",0,0
"8118643",-121.6438832,39.1199951,2016,"5102","0","3","4","03",0,1,"A",,,,,,1500,8,"C","C","A","WALTON AV","CHERRY ST",0,,"Y","2016-09-12",5102,"2016-08-03",1211,"2231","85","5","4","0","0",,"0","007","-","N",,0,0,,,0,,,,"Y",2,"A","-",22350,,"N","A","A","-","A","D","0","Y","A","07",0,0,1,0,0,0,0,0,0,"-","-","YUBA CITY","SUTTER","CA",0,0
"8118641",-121.6439033,39.123995,2016,"5102","0","6","2","01",0,1,"A",,,"Y",,"Y",2100,4,"C","C","A","WALTON AV","CAMINO DEL FLORES",0,,"Y","2016-09-20",5102,"2016-04-23",1954,"5104","5100","5","4","0","0",,"0","001","-","N",,0,0,,,0,,,,"Y",2,"A","-",23153,"B","N","A","H","-","B","A","0","Y","D","22",1,0,0,0,0,0,0,0,1,"-","-","YUBA CITY","SUTTER","CA",0,0
"8114206",0,0,2016,"5102","0","4","4","-",0,1,"A","Y",,,,,2400,7,"A","B","D","FRANKLIN RD","HETHERINGTON CIR",0,,"Y","2016-11-07",5102,"2016-07-28",2332,"4076","1","5","4","0","0",,"0","001","-","N",,0,0,,,0,,,,"Y",2,"-","-",0,,"N","-","H","-","D","D","0","Y","-","-",0,0,1,0,1,0,0,0,0,"-","-","YUBA CITY","SUTTER","CA",0,0
"8113885",-121.6272732,39.1181651,2016,"5102","0","5","4","09",0,1,"A","Y",,,,,900,8,"G","B","E","JONES RD","RICHLAND",0,,"Y","2016-12-17",5102,"2016-08-12",750,"481",,"5","4","0","0",,"0","005","-","N",,0,0,,,0,,,,"Y",2,"A","-",21803,"A","N","A","H","-","B","A","0","Y","A","01",0,0,1,0,1,0,0,0,0,"-","-","YUBA CITY","SUTTER","CA",-121.62719,39.11815
"8113881",-121.6098572,39.1372908,2016,"5102","0","3","3","03",0,1,"A",,,"Y",,,900,8,"A","J","A","BRIDGE ST","HEIKEN WY",5,"N","N","2016-09-08",5102,"2016-08-17",626,"4090","4","5","4","0","0",,"0","5102","-","N",,0,0,,,0,,,,"N",1,"A","-",22350,,"N","A","H","-","A","D","0","Y","C","02",0,1,0,0,0,0,0,0,1,"-","-","YUBA CITY","SUTTER","CA",0,0
"8112460",-121.6645335,39.1538174,2016,"5102","0","3","3","09",0,2,"A",,,,,,2100,8,"A","C","A","BUTTE HOUSE RD","VILLA AV",75,"E","N","2016-09-01",5102,"2016-08-17",1844,"9009","1","5","4","0","0",,"0","001","-","N",,0,0,,,0,,,,"N",2,"A","-",21801,"A","N","A","H","-","A","D","0","Y","A","08",0,1,1,0,0,0,0,0,0,"-","-","YUBA CITY","SUTTER","CA",0,0
"8110685",-121.6485332,39.137905,2016,"5102","0","3","3","09",0,1,"A",,"Y",,,,900,8,"D","G","A","LASSEN BL","THARP RD",0,,"Y","2016-09-06",5102,"2016-08-17",757,"4060","1","5","4","0","0",,"0",,"-","N",,0,0,,,0,,,,"N",2,"A","-",21802,"A","N","A","H","-","A","A","0","Y","L","04",0,1,0,0,0,0,1,0,0,"-","-","YUBA CITY","SUTTER","CA",0,0
"8105409",-121.6347031,39.145355,2016,"5102","0","1","3","09",0,1,"A",,,,,,1500,8,"D","C","A","BUTTE HOUSE RD","EAST ONSTOTT RD",0,,"Y","2016-08-25",5102,"2016-08-15",1200,"4083","2","5","4","0","0",,"0",,"-","N",,0,0,,,0,,,,"Y",3,"A","-",21801,"A","N","A","H","-","A","D","0","Y","A","01",0,1,0,0,0,0,0,0,0,"-","-","YUBA CITY","SUTTER","CA",0,0
"8105405",-121.6159607,39.1412105,2016,"5102","0","1","4","03",0,1,"A",,,,,,900,8,"C","C","A","RT 20","SHASTA ST",47,"S","N","2017-02-24",5102,"2016-08-08",751,"9015","3","5","4","0","0",,"0","5102","-","Y","SUT",3,20,"-","-",16.63,"H","-","W","Y",3,"A","-",22350,,"N","A","H","-","A","A","0","Y","A","01",0,0,1,0,0,0,0,0,0,"-","-","YUBA CITY","SUTTER","CA",0,0
"8105401",0,0,2016,"5102","0","3","4","01",0,2,"A",,,,,"Y",900,8,"C","E","A","KENSINGTON WY","GRAY AV",58,"E","N","2016-08-25",5102,"2016-08-10",748,"4083","3","5","4","0","0",,"0",,"-","N",,0,0,,,0,,,,"Y",2,"A","-",23153,"A","F","A","H","-","A","D","0","Y","A","01",0,0,2,0,0,0,0,0,0,"-","-","YUBA CITY","SUTTER","CA",0,0
"8105397",-121.655899,39.1415464,2016,"5102","0","4","4","09",0,1,"A",,,,,,1500,8,"C","C","A","RT 20","HARTER PKWY",108,"W","N","2017-02-24",5102,"2016-08-11",1427,"4083","1","5","4","0","0",,"0",,"-","Y","SUT",3,20,"-","-",14.45,"H","-","W","N",2,"A","-",21802,"B","N","A","H","-","A","A","0","Y","A","01",0,0,1,0,0,0,0,0,0,"-","-","YUBA CITY","SUTTER","CA",0,0
"8105393",-121.6187721,39.1286485,2016,"5102","0","1","4","09",0,1,"A",,,,,,900,8,"D","C","A","FRANKLIN AV","PINE WY",80,"W","N","2016-08-25",5102,"2016-08-08",852,"4090","4","5","4","0","0",,"0","5102","-","N",,0,0,,,0,,,,"N",2,"A","-",21804,"A","N","A","H","-","A","D","0","Y","A","01",0,0,1,0,0,0,0,0,0,"-","-","YUBA CITY","SUTTER","CA",0,0
"8105142",-121.6316386,39.1323433,2016,"5102","0","3","4","03",0,2,"A",,,,"Y",,1200,8,"C","C","A","BRIDGE ST","N LAWRENCE AV",200,"E","N","2016-08-29",5102,"2016-08-03",913,"4090","4","5","4","0","0",,"0","5102","-","N",,0,0,,,0,,,,"Y",2,"A","-",22350,,"N","A","H","-","A","D","0","Y","A","01",0,0,2,0,0,0,0,0,0,"-","-","YUBA CITY","SUTTER","CA",-121.63218,39.13272
"8104897",-121.6144132,39.1388751,2016,"5102","0","5","3","01",0,1,"A",,,,,"Y",1500,7,"B","I","A","TEEGARDEN AV","FRANCIS WY",0,,"Y","2016-08-24",5102,"2016-07-29",1427,"4091","4","5","4","0","0",,"0","002","-","N",,0,0,,,0,,,,"Y",1,"A","-",23152,"A","M","A","H","-","C","D","0","Y","A","01",0,1,0,0,0,0,0,0,0,"-","-","YUBA CITY","SUTTER","CA",0,0
"8098720",-121.6065801,39.1340443,2016,"5102","0","5","4","09",0,1,"A",,,,,,1500,7,"D","C","A","WOODCREST WY","MCRAE WY",285,"E","N","2016-08-16",5102,"2016-07-15",1205,"4102","4","5","4","0","0",,"0","5102","-","N",,0,0,,,0,,,,"N",2,"A","-",21804,"A","N","A","H","-","A","D","0","Y","A","01",0,0,1,0,0,0,0,0,0,"-","-","YUBA CITY","SUTTER","CA",-121.60687,39.134
"8098719",-121.614588,39.1417602,2016,"5102","0","7","4","03",0,2,"A",,,,,,2400,7,"C","C","A","COLUSA AV","KILEY AV",130,"E","N","2017-02-28",5102,"2016-07-24",2258,"9013","4","5","4","0","0",,"0","004","-","Y","SUT",3,20,"-","-",16.7,"H","-","W","Y",2,"A","-",22350,,"N","A","H","-","C","A","0","Y","-","-",0,0,2,0,0,0,0,0,0,"-","-","YUBA CITY","SUTTER","CA",-121.61025,39.14285
"8098699",-121.6188076,39.1407223,2016,"5102","0","4","4","08",0,1,"A",,,,,,1200,7,"B","C","A","COLUSA HWY","ALMOND ST",87,"E","N","2017-02-28",5102,"2016-07-28",1131,"4083","3","5","4","0","0",,"0",,"-","Y","SUT",3,20,"-","-",16.47,"H","-","W","Y",2,"A","-",22107,,"N","A","H","-","A","D","0","Y","A","01",0,0,1,0,0,0,0,0,0,"-","-","YUBA CITY","SUTTER","CA",0,0
"8098696",-121.6156731,39.1450882,2016,"5102","0","3","2","05",0,1,"A",,"Y",,,,900,7,"A","G","A","DEL NORTE AV","SHASTA ST",126,"E","N","2016-08-08",5102,"2016-07-20",625,"9012","3","5","4","0","0",,"0","5102","-","N",,0,0,,,0,,,,"Y",2,"A","-",21650,"1","N","A","H","-","A","D","0","Y","L","04",1,0,0,0,0,0,1,0,0,"-","-","YUBA CITY","SUTTER","CA",0,0
"8098650",-121.6304143,39.1417291,2016,"5102","0","6","3","11",0,1,"A","Y",,,,,2500,7,"G","B","D","COLUSA AV","RT 20",0,,"Y","2017-02-28",5102,"2016-07-23",2500,"4100","3","5","4","0","0",,"0","003","-","Y","SUT",3,20,"-","-",15.83,"H","-","W","N",2,"A","-",21954,"A","M","A","H","-","C","A","0","Y","N","60",0,1,0,0,1,0,0,0,0,"-","-","YUBA CITY","SUTTER","CA",-121.62979,39.142
"8098646",-121.6344832,39.1306188,2016,"5102","0","1","4","03",0,2,"A",,,,,,1500,7,"C","C","A","RT 99","BRIDGE ST",870,"S","N","2017-02-28",5102,"2016-07-25",1410,"4073","2","5","4","0","0",,"0",,"-","Y","SUT",3,99,"-","-",29.87,"H","-","S","Y",2,"A","-",22350,,"N","A","H","-","A","D","0","Y","A","01",0,0,2,0,0,0,0,0,0,"-","-","YUBA CITY","SUTTER","CA",0,0
"8098642",-121.6716032,39.1415052,2016,"5102","0","4","4","12",0,2,"A",,,,,,1800,7,"D","C","A","RT 20","GEORGE WASHINGTON BL",0,,"Y","2017-02-28",5102,"2016-07-28",1538,"9009","1","5","4","0","0",,"0","001","-","Y","SUT",3,20,"-","-",13.6,"I","5","W","N",2,"A","-",21453,"A","N","A","H","-","A","A","0","Y","A","01",0,0,2,0,0,0,0,0,0,"-","-","YUBA CITY","SUTTER","CA",0,0
"8098509",-121.6344991,39.1295726,2016,"5102","0","1","3","03",0,2,"A",,,,"Y",,1500,7,"C","C","A","RT 99","FRANKLIN RD",670,"N","N","2017-02-28",5102,"2016-07-25",1422,"4073","2","5","4","0","0",,"0",,"-","Y","SUT",3,99,"-","-",29.8,"H","-","S","Y",2,"A","-",22350,,"N","A","H","-","A","D","0","Y","A","07",0,1,1,0,0,0,0,0,0,"-","-","YUBA CITY","SUTTER","CA",0,0
"8098089",-121.6485032,39.1403751,2016,"5102","0","4","4","09",0,1,"A",,,,,,1200,8,"D","C","A","THARP RD","SIERRA AV",0,,"Y","2016-08-17",5102,"2016-08-04",1154,"4073","1","5","4","0","0",,"0",,"-","N",,0,0,,,0,,,,"Y",2,"A","-",21802,"A","N","A","H","-","A","A","0","Y","A","01",0,0,1,0,0,0,0,0,0,"-","-","YUBA CITY","SUTTER","CA",0,0
"8097794",-121.6213331,39.1377451,2016,"5102","0","1","2","01",0,3,"A",,,,,"Y",2100,7,"D","C","A","FORBES AV","OLIVE ST",0,,"Y","2016-08-17",5102,"2016-07-18",1910,"4022","4","5","4","0","0",,"0","004","-","N",,0,0,,,0,,,,"Y",4,"A","-",23152,"A","N","A","H","-","A","A","0","Y","A","01",2,0,1,0,0,0,0,0,0,"-","-","YUBA CITY","SUTTER","CA",0,0
"8097789",-121.6344619,39.133457,2016,"5102","0","4","4","03",0,1,"A",,,,,,1800,7,"C","C","A","RT 99","BRIDGE ST",150,"N","N","2017-02-28",5102,"2016-07-28",1703,"4073","2","5","4","0","0",,"0",,"-","Y","SUT",3,99,"-","-",30.06,"H","-","S","N",2,"A","-",22350,,"N","A","H","-","A","D","0","Y","A","01",0,0,1,0,0,0,0,0,0,"-","-","YUBA CITY","SUTTER","CA",0,0
"8097785",-121.6345383,39.127167,2016,"5102","0","4","4","12",0,1,"A",,,,,,1500,7,"D","C","A","RT 99","FRANKLIN AV",0,,"Y","2017-02-28",5102,"2016-07-28",1217,"4083","4","5","4","0","0",,"0",,"-","Y","SUT",3,99,"-","-",29.67,"I","5","N","Y",4,"A","-",21453,"A","N","A","H","-","A","A","0","Y","A","01",0,0,1,0,0,0,0,0,0,"-","-","YUBA CITY","SUTTER","CA",0,0
"8097691",-121.6333432,39.1323951,2016,"5102","0","1","4","09",0,1,"A",,,,,,1500,7,"D","C","A","BRIDGE ST","N PALORA AV",0,,"Y","2016-08-18",5102,"2016-07-25",1435,"448","4","5","4","0","0",,"0","004","-","N",,0,0,,,0,,,,"Y",2,"A","-",21801,"A","N","A","H","-","A","D","0","Y","A","01",0,0,1,0,0,0,0,0,0,"-","-","YUBA CITY","SUTTER","CA",-121.63444,39.1324
"8097687",-121.6394752,39.1467235,2016,"5102","0","1","4","05",0,1,"A",,,,,,900,8,"A","C","A","BUTTE HOUSE RD","EL DORADO",250,"N","N","2016-08-18",5102,"2016-08-01",834,"4067","2","5","4","0","0",,"0","002","-","N",,0,0,,,0,,,,"Y",2,"A","-",21650,,"N","A","H","-","A","A","0","Y","A","01",0,0,1,0,0,0,0,0,0,"-","-","YUBA CITY","SUTTER","CA",-121.63868,39.14656
"8097683",-121.6624501,39.129586,2016,"5102","0","6","3","00",0,1,"A",,,,,,600,8,"C","E","A","EL MARGARITA RD","IMPERIAL WY",291,"S","N","2016-08-18",5102,"2016-08-06",304,"4076","1","5","4","0","0",,"0","001","-","N",,0,0,,,0,,,,"Y",2,"A","-",21658,,"N","A","H","-","C","D","0","Y","A","01",0,1,0,0,0,0,0,0,0,"-","-","YUBA CITY","SUTTER","CA",0,0
"8095532",-121.6253353,39.1378608,2016,"5102","0","3","4","03",0,1,"A",,,,,,2100,7,"C","C","A","FORBES AV","CLARK AV",25,"E","N","2016-08-03",5102,"2016-07-13",1846,"4079","4","5","4","0","0",,"0","004","-","N",,0,0,,,0,,,,"N",2,"A","-",22350,,"M","A","H","-","A","D","0","Y","A","07",0,0,1,0,0,0,0,0,0,"-","-","YUBA CITY","SUTTER","CA",0,0
"8095501",-121.6298587,39.151844,2016,"5102","0","2","4","05",0,1,"A",,,,,"Y",600,7,"E","I","A","QUEENS AV","GRAY AV",75,"E","N","2016-08-02",5102,"2016-07-12",456,"4022","3","5","4","0","0",,"0","5102","-","N",,0,0,,,0,,,,"Y",1,"A","-",21650,,"N","A","H","-","C","A","0","Y","A","07",0,0,1,0,0,0,0,0,0,"-","-","YUBA CITY","SUTTER","CA",0,0
"8095499",-121.6431677,39.1323251,2016,"5102","0","4","3","08",0,1,"A",,,,,,1800,7,"B","C","A","BRIDGE ST","WALTON AV",220,"E","N","2016-08-03",5102,"2016-07-07",1502,"4026","2","5","4","0","0",,"0","SUTTER","-","N",,0,0,,,0,,,,"Y",2,"A","-",22107,,"N","A","H","-","A","A","0","Y","A","01",0,1,0,0,0,0,0,0,0,"-","-","YUBA CITY","SUTTER","CA",0,0
"8095462",-121.6247832,39.1272651,2016,"5102","0","3","4","12",0,1,"A",,,,,,900,7,"D","C","A","CLARK AV","FRANKLIN AV",0,,"Y","2016-08-08",5102,"2016-07-13",653,"4083","4","5","4","0","0",,"0",,"-","N",,0,0,,,0,,,,"Y",3,"A","-",21453,"A","N","A","H","-","A","A","0","Y","D","22",0,0,1,0,0,0,0,0,0,"-","-","YUBA CITY","SUTTER","CA",0,0