"CASEID","POINT_X","POINT_Y","YEAR_","LOCATION","CHPTYPE","DAYWEEK","CRASHSEV","VIOLCAT","KILLED","INJURED","WEATHER1","PEDCOL","BICCOL","MCCOL","TRUCKCOL","ETOH","TIMECAT","MONTH_","CRASHTYP","INVOLVE","PED","PRIMARYRD","SECONDRD","DISTANCE","DIRECT","INTERSECT_","PROCDATE","JURIS","DATE_","TIME_","BADGE","JURIDIST","SHIFT","POP","SPECIAL","BEATTYPE","LAPDDIV","BEATCLAS","BEATNUMB","WEATHER2","STATEHW","CALTRANC","CALTRAND","STROUTE","ROUTESUF","POSTPRE","POSTMILE","LOCATYPE","RAMP","SIDEHW","TOWAWAY","PARTIES","PCF","VIOLCODE","VIOL","VIOLSUB","HITRUN","ROADSURF","RDCOND1","RDCOND2","LIGHTING","RIGHTWAY","CHPRDTYP","NOTPRIV","STFAULT","CHPFAULT","SEVINJ","OTHERINJ","COP","PEDKILL","PEDINJ","BICKILL","BICINJ","MCKILL","MCINJURE","RAMP1","RAMP2","CITY","COUNTY","STATE","X_CHP","Y_CHP"
"8094758",-121.6439332,39.131425,2016,"5102","0","7","4","09",0,1,"A",,,,,,1500,7,"B","C","A","WALTON","WILD FLOWER CIR",0,,"Y","2016-08-04",5102,"2016-07-10",1345,"9012","2","5","4","0","0",,"0","002","-","N",,0,0,,,0,,,,"N",2,"A","-",21802,"A","N","A","H","-","A","D","0","Y","A","01",0,0,1,0,0,0,0,0,0,"-","-","YUBA CITY","SUTTER","CA",-121.64389,39.13147
"8094689",-121.6283252,39.1416409,2016,"5102","0","2","3","09",0,3,"A",,,,,,1800,7,"D","C","A","RT 20","STAFFORD WY",0,,"Y","2017-02-28",5102,"2016-07-12",1524,"4083","3","5","4","0","0",,"0",,"-","Y","SUT",3,20,"-","-",15.94,"I","5","E","Y",5,"A","-",21801,"A","N","A","H","-","A","D","0","Y","A","01",0,1,2,0,0,0,0,0,0,"-","-","YUBA CITY","SUTTER","CA",0,0
"8094685",-121.6357662,39.1418452,2016,"5102","0","5","4","09",0,1,"A",,,,,,1800,7,"D","C","A","COLUSA AV","RT 99",150,"W","N","2017-02-28",5102,"2016-07-01",1748,"4091","2","5","4","0","0",,"0","002","-","Y","SUT",3,20,"-","-",15.54,"H","-","W","N",2,"A","-",21804,"A","N","A","H","-","A","D","0","Y","A","01",0,0,1,0,0,0,0,0,0,"-","-","YUBA CITY","SUTTER","CA",-121.63643,39.14121
"8092288",-121.6405695,39.1418338,2016,"5102","0","5","3","09",0,1,"A",,,,,,1800,7,"D","C","A","COLUSA AV","COLUSA AV 1529",22,"S","N","2017-02-28",5102,"2016-07-01",1716,"4102","2","5","4","0","0",,"0","5102","-","Y","SUT",3,20,"-","-",15.28,"H","-","W","Y",2,"A","-",21804,"A","N","A","H","-","A","D","0","Y","A","01",0,1,0,0,0,0,0,0,0,"-","-","YUBA CITY","SUTTER","CA",-121.64122,39.14212
"8089495",-121.6247832,39.1247951,2016,"5102","0","6","3","12",0,1,"A",,"Y",,,,2400,8,"B","G","A","CLARK AV","MORTON ST",0,,"Y","2016-09-20",5102,"2016-08-06",2204,"4087","5","5","4","0","0",,"0","005","-","N",,0,0,,,0,,,,"N",2,"A","-",22450,"A","N","A","H","-","C","A","0","Y","L","04",0,1,0,0,0,0,1,0,0,"-","-","YUBA CITY","SUTTER","CA",-121.62478,39.1248
"8085969",-121.6345391,39.1271817,2016,"5102","0","4","4","07",0,2,"A",,,,,,2400,6,"C","C","A","FRANKLIN","RT 99",0,,"Y","2017-02-18",5102,"2016-06-30",2233,"485","2","5","4","0","0",,"0","002","-","Y","SUT",3,99,"-","-",29.64,"H","-","S","N",2,"A","-",21658,"A","N","A","H","-","C","D","0","Y","B","07",0,0,2,0,0,0,0,0,0,"-","-","YUBA CITY","SUTTER","CA",-121.63462,39.12731
"8085870",-121.6440232,39.1417852,2016,"5102","0","6","4","12",0,2,"A",,,,,,1800,7,"D","C","A","COLUSA HWY","STABLER LN",0,,"Y","2017-02-28",5102,"2016-07-02",1631,"9009","1","5","4","0","0",,"0","001","-","Y","SUT",3,20,"-","-",15.094,"I","5","W","Y",2,"A","-",21453,"A","N","A","H","-","A","A","0","Y","A","01",0,0,2,0,0,0,0,0,0,"-","-","YUBA CITY","SUTTER","CA",0,0
"8085866",-121.6345505,39.1363258,2016,"5102","0","1","3","12",0,2,"A",,,,,,1200,7,"D","C","A","RT 99","SUNSWEET BL",0,,"Y","2017-02-28",5102,"2016-07-11",1127,"4083","2","5","4","0","0",,"0",,"-","Y","SUT",3,99,"-","-",30.252,"I","5","S","Y",2,"A","-",21453,"A","N","A","H","-","A","A","0","Y","A","01",0,2,0,0,0,0,0,0,0,"-","-","YUBA CITY","SUTTER","CA",0,0
"8082157",-121.6440032,39.1480651,2016,"5102","0","2","3","-",0,2,"A",,,,,,1800,6,"D","C","A","BUTTE HOUSE RD","STABLER LN",0,,"Y","2016-07-19",5102,"2016-06-21",1648,"4089","2","5","4","0","0",,"0","5102","-","N",,0,0,,,0,,,,"Y",2,"A","-",0,,"N","A","H","-","A","A","0","Y","-","-",0,1,1,0,0,0,0,0,0,"-","-","YUBA CITY","SUTTER","CA",-121.64397,39.14808
"8082153",-121.6170185,39.1390101,2016,"5102","0","2","4","03",0,1,"A",,,,,,1200,6,"C","C","A","PLUMAS ST","CHURCH ST",75,"N","N","2016-07-19",5102,"2016-06-21",1124,"448","3","5","4","0","0",,"0",,"-","N",,0,0,,,0,,,,"N",2,"A","-",22350,,"N","A","H","-","A","D","0","Y","A","01",0,0,1,0,0,0,0,0,0,"-","-","YUBA CITY","SUTTER","CA",-121.617,39.13911
"8082149",0,0,2016,"5102","0","3","4","03",0,2,"A",,,,,,2100,6,"C","C","A","RT 20","MARKET ST",30,"E","N","2017-02-11",5102,"2016-06-22",1808,"4093","3","5","4","0","0",,"0","003","-","Y","SUT",3,20,"-","-",31.1,"H","-","W","Y",2,"A","-",22350,,"N","A","H","-","A","A","0","Y","A","01",0,0,2,0,0,0,0,0,0,"-","-","YUBA CITY","SUTTER","CA",0,0
"8082145",-121.6347188,39.1462475,2016,"5102","0","6","4","08",0,1,"A",,,,,,1800,6,"B","C","A","EAST ONSTOTT RD","BUTTE HOUSE RD",325,"N","N","2016-07-15",5102,"2016-06-18",1526,"9009","3","5","4","0","0",,"0","003","-","N",,0,0,,,0,,,,"Y",2,"A","-",22107,,"N","A","H","-","A","D","0","Y","A","01",0,0,1,0,0,0,0,0,0,"-","-","YUBA CITY","SUTTER","CA",0,0
"8082141",-121.6412047,39.1272831,2016,"5102","0","3","4","11",0,1,"A","Y",,,,,900,6,"G","B","D","FRANKLIN RD","WALTON AV",774,"E","N","2016-07-15",5102,"2016-06-01",736,"4027","2","5","4","0","0",,"0",,"-","N",,0,0,,,0,,,,"N",2,"A","-",21954,"A","N","A","H","-","B","D","0","Y","N","60",0,0,1,0,1,0,0,0,0,"-","-","YUBA CITY","SUTTER","CA",0,0
"8082135",-121.6248832,39.1181351,2016,"5102","0","5","3","09",0,1,"A",,,"Y",,,1500,5,"D","C","A","BUNCE RD","RICHLAND RD",0,,"Y","2016-08-01",5102,"2016-05-27",1412,"4094","5","5","4","0","0",,"0","005","-","N",,0,0,,,0,,,,"N",2,"A","-",21802,"A","N","A","H","-","A","A","0","Y","A","01",0,1,0,0,0,0,0,0,1,"-","-","YUBA CITY","SUTTER","CA",0,0
"8082056",-121.6129965,39.1218716,2016,"5102","0","2","4","03",0,2,"A",,,,,,1800,6,"C","C","A","GARDEN HWY","PERCY AV",60,"S","N","2016-07-20",5102,"2016-06-28",1500,"4073","5","5","4","0","0",,"0",,"-","N",,0,0,,,0,,,,"N",2,"A","-",22350,,"N","A","H","-","A","D","0","Y","A","01",0,0,2,0,0,0,0,0,0,"-","-","YUBA CITY","SUTTER","CA",0,0
"8082025",-121.6715932,39.1413352,2016,"5102","0","7","4","12",0,2,"A",,,,,,1500,6,"D","C","A","GEORGE WASHINGTON","RT 20",0,,"Y","2017-02-11",5102,"2016-06-19",1249,"4058","1","5","4","0","0",,"0","001","-","Y","SUT",3,20,"-","-",13.6,"I","5","E","Y",2,"A","-",21453,"A","N","A","H","-","-","A","0","Y","D","22",0,0,2,0,0,0,0,0,0,"-","-","YUBA CITY","SUTTER","CA",-121.67158,39.14147
"8082021",-121.6351576,39.1418352,2016,"5102","0","4","4","12",0,1,"A",,,,,,1800,6,"D","C","A","RT 20","RT 99",0,,"Y","2017-02-18",5102,"2016-06-23",1520,"4083","2","5","4","0","0",,"0",,"-","Y","SUT",3,20,"-","-",15.573,"I","5","W","Y",2,"A","-",21453,"A","N","A","H","-","A","A","0","Y","A","01",0,0,1,0,0,0,0,0,0,"-","-","YUBA CITY","SUTTER","CA",0,0
"8082017",-121.6345383,39.127167,2016,"5102","0","3","4","12",0,1,"A",,,,"Y",,1200,6,"D","C","A","RT 99","FRANKLIN AV",0,,"Y","2017-02-18",5102,"2016-06-29",1040,"4083","2","5","4","0","0",,"0",,"-","Y","SUT",3,99,"-","-",29.67,"I","5","N","Y",2,"A","-",21453,"A","N","A","H","-","A","A","0","Y","F","56",0,0,1,0,0,0,0,0,0,"-","-","YUBA CITY","SUTTER","CA",0,0
"8082013",-121.6298587,39.151844,2016,"5102","0","5","3","03",0,1,"A",,,,,,900,6,"C","C","A","QUEENS AV","GRAY AV",75,"E","N","2016-07-18",5102,"2016-06-24",834,"4016","2","5","4","0","0",,"0","002","-","N",,0,0,,,0,,,,"Y",3,"A","-",22350,,"N","A","H","-","A","D","0","Y","D","22",0,1,0,0,0,0,0,0,0,"-","-","YUBA CITY","SUTTER","CA",0,0
"8082009",-121.6114231,39.1303951,2016,"5102","0","5","4","12",0,1,"A",,,,,,600,6,"D","C","A","FRANKLIN AV","WILBUR AV",0,,"Y","2016-07-19",5102,"2016-06-03",501,"4091",,"5","4","0","0",,"0","004","-","N",,0,0,,,0,,,,"N",2,"A","-",22450,"A","N","A","-","-","B","D","0","Y","A","01",0,0,1,0,0,0,0,0,0,"-","-","YUBA CITY","SUTTER","CA",-121.61138,39.13036
"8082005",-121.6211131,39.128105,2016,"5102","0","4","4","12",0,2,"A",,,,,,900,6,"D","C","A","FRANKLIN AV","PARK AV",0,,"Y","2016-07-18",5102,"2016-06-30",854,"4083","4","5","4","0","0",,"0",,"-","N",,0,0,,,0,,,,"Y",2,"A","-",22450,"A","N","A","H","-","A","A","0","Y","A","01",0,0,2,0,0,0,0,0,0,"-","-","YUBA CITY","SUTTER","CA",0,0
"8080965",-121.6298332,39.130945,2016,"5102","0","3","4","08",0,1,"A",,,,,,1800,7,"D","C","A","GRAY AV","FREDERICK ST",0,,"Y","2016-08-04",5102,"2016-07-13",1659,"4094","4","5","4","0","0",,"0","004","-","N",,0,0,,,0,,,,"N",2,"A","-",22107,,"N","A","H","-","A","D","0","Y","A","01",0,0,1,0,0,0,0,0,0,"-","-","YUBA CITY","SUTTER","CA",-121.62989,39.1309
"8080961",0,0,2016,"5102","0","6","4","08",0,1,"A",,,,,,1200,7,"B","C","A","STABLER LN","BUTTE HOUSE RD",75,"E","N","2016-08-04",5102,"2016-07-16",1029,"9015",,"5","4","0","0",,"0","002","-","N",,0,0,,,0,,,,"Y",2,"A","-",22107,,"N","A","H","-","A","A","0","Y","A","01",0,0,1,0,0,0,0,0,0,"-","-","YUBA CITY","SUTTER","CA",-121.64397,39.14808
"8078414",-121.6302132,39.1491051,2016,"5102","0","7","3","09",0,1,"A",,,,,,1200,7,"D","C","A","GRAY AV","WASHINGTON AV",0,,"Y","2016-07-14",5102,"2016-07-03",1020,"4016","3","5","4","0","0",,"0","003","-","N",,0,0,,,0,,,,"Y",2,"A","-",21802,"A","N","A","H","-","A","D","0","Y","A","01",0,1,0,0,0,0,0,0,0,"-","-","YUBA CITY","SUTTER","CA",0,0
"8078402",-121.6175702,39.1492664,2016,"5102","0","2","4","00",0,1,"A",,,,,,1200,7,"B","C","A","PLUMAS ST","LYNN WY",127,"S","N","2016-07-14",5102,"2016-07-05",1044,"4083","3","5","4","0","0",,"0",,"-","N",,0,0,,,0,,,,"N",2,"D","-",0,,"M","A","H","-","A","D","0","Y","-","-",0,0,1,0,0,0,0,0,0,"-","-","YUBA CITY","SUTTER","CA",0,0
"8078177",-121.6206933,39.14902,2016,"5102","0","5","4","08",0,1,"A",,,,,,1800,6,"D","C","A","LIVE OAK BL","WASHINGTON AV",31,"S","N","2016-07-18",5102,"2016-06-10",1551,"4045","3","5","4","0","0",,"0","003","-","N",,0,0,,,0,,,,"Y",2,"A","-",22107,,"N","A","H","-","A","D","0","Y","A","01",0,0,1,0,0,0,0,0,0,"-","-","YUBA CITY","SUTTER","CA",0,0
"8071482",-121.6234931,39.136105,2016,"5102","0","4","3","12",0,1,"A",,"Y",,,,1200,5,"D","G","A","COOPER AV","FREMONT WY",0,,"Y","2016-07-11",5102,"2016-05-26",1146,"4016","4","5","4","0","0",,"0","004","-","N",,0,0,,,0,,,,"N",2,"A","-",22450,"A","M","A","H","-","A","D","0","Y","L","04",0,1,0,0,0,0,1,0,0,"-","-","YUBA CITY","SUTTER","CA",0,0
"8071480",-121.6186033,39.131995,2016,"5102","0","5","3","07",0,1,"A",,,"Y",,,2100,5,"B","D","A","B ST","PINE WY",0,,"Y","2016-06-29",5102,"2016-05-27",1816,"485","4","5","4","0","0",,"0","004","-","N",,0,0,,,0,,,,"Y",2,"A","-",21658,"A","N","A","H","-","A","D","0","Y","C","02",0,1,0,0,0,0,0,0,0,"-","-","YUBA CITY","SUTTER","CA",0,0
"8071481",-121.6320685,39.1323561,2016,"5102","0","2","4","11",0,1,"A","Y",,,,,2400,5,"B","B","D","BRIDGE ST","N LAWRENCE ST",78,"E","N","2016-06-29",5102,"2016-05-31",2207,"4045","4","5","4","0","0",,"0","004","-","N",,0,0,,,0,,,,"N",2,"A","-",21956,,"N","A","H","-","C","D","0","Y","N","60",0,0,1,0,1,0,0,0,0,"-","-","YUBA CITY","SUTTER","CA",0,0
"8071479",-121.6188631,39.119145,2016,"5102","0","5","3","09",0,1,"A",,,,,,1200,5,"D","C","A","WINSHIP","MAIN ST",0,,"Y","2016-06-29",5102,"2016-05-27",940,"477",,"5","4","0","0",,"0",,"-","N",,0,0,,,0,,,,"N",2,"A","-",21802,"A","N","A","H","-","A","A","0","Y","A","01",0,1,0,0,0,0,0,0,0,"-","-","YUBA CITY","SUTTER","CA",0,0
"8069500",-121.6693151,39.1271155,2016,"5102","0","3","4","03",0,2,"A",,,,,,1800,6,"C","C","A","FRANKLIN RD","BUTTE AV",25,"E","N","2016-06-28",5102,"2016-06-22",1628,"4073","1","5","4","0","0",,"0",,"-","N",,0,0,,,0,,,,"Y",3,"A","-",22350,,"N","A","H","-","A","D","0","Y","A","01",0,0,2,0,0,0,0,0,0,"-","-","YUBA CITY","SUTTER","CA",0,0
"8069493",0,0,2016,"5102","0","3","4","09",0,1,"A",,,,,,1500,5,"D","C","A","FORBES AV","ORANGE ST",17,"S","N","2016-06-29",5102,"2016-05-25",1314,"4083","3","5","4","0","0",,"0",,"-","N",,0,0,,,0,,,,"Y",2,"A","-",21802,"A","N","A","H","-","A","A","0","Y","A","01",0,0,1,0,0,0,0,0,0,"-","-","YUBA CITY","SUTTER","CA",0,0
"8069496",-121.6276931,39.1439551,2016,"5102","0","5","3","07",0,1,"A",,,,,,2400,6,"C","E","A","AINSLEY AV","STAFFORD WY",0,,"Y","2016-07-07",5102,"2016-06-03",2121,"4100","3","5","4","0","0",,"0","003","-","N",,0,0,,,0,,,,"N",2,"A","-",21658,"A","N","A","H","-","C","D","0","Y","A","01",0,1,0,0,0,0,0,0,0,"-","-","YUBA CITY","SUTTER","CA",-121.62718,39.14393
"8069492",-121.6307295,39.1416241,2016,"5102","0","1","4","21",0,1,"A","Y",,,,,1200,6,"G","B","B","RT 20","GRAY AV",0,,"Y","2017-02-11",5102,"2016-06-13",1035,"4073","4","5","4","0","0",,"0",,"-","Y","SUT",3,20,"-","-",15.81,"I","5","E","N",2,"A","-",22106,,"N","A","H","-","A","A","0","Y","A","01",0,0,1,0,1,0,0,0,0,"-","-","YUBA CITY","SUTTER","CA",0,0
"8069488",-121.611171,39.1230741,2016,"5102","0","2","4","01",0,2,"A",,,,,"Y",300,6,"A","C","A","GARDEN HWY","SAMUEL DR",165,"S","N","2016-07-07",5102,"2016-06-14",108,"4060","5","5","4","0","0",,"0",,"-","N",,0,0,,,0,,,,"Y",2,"A","-",23153,"A","N","A","H","-","C","D","0","Y","A","01",0,0,2,0,0,0,0,0,0,"-","-","YUBA CITY","SUTTER","CA",0,0
"8069484",-121.6672485,39.1416748,2016,"5102","0","5","3","08",0,1,"A",,,,,,1500,6,"A","I","A","N COLUSA FRONTAGE RD","HOOPER RD",10,"W","N","2016-06-28",5102,"2016-06-10",1239,"4073","1","5","4","0","0",,"0",,"-","N",,0,0,,,0,,,,"Y",1,"A","-",22107,,"N","A","H","-","A","D","0","Y","A","01",0,1,0,0,0,0,0,0,0,"-","-","YUBA CITY","SUTTER","CA",0,0
"8069481",-121.6305445,39.1416208,2016,"5102","0","1","4","09",0,2,"A",,,,,,900,6,"C","C","A","RT 20","GRAY AV",15,"E","N","2017-02-11",5102,"2016-06-06",812,"4090","4","5","4","0","0",,"0","5102","-","Y","SUT",3,20,"-","-",15.82,"H","-","E","Y",2,"A","-",21453,"B","N","A","H","-","A","A","0","Y","D","22",0,0,2,0,0,0,0,0,0,"-","-","YUBA CITY","SUTTER","CA",0,0
"8069480",-121.6283252,39.1416409,2016,"5102","0","6","3","09",0,1,"A",,"Y",,,,1800,6,"D","G","A","COLUSA AV","STAFFORD WY",0,,"Y","2017-02-11",5102,"2016-06-11",1613,"4100","4","5","4","0","0",,"0","004","-","Y","SUT",3,20,"-","-",15.94,"H","-","E","N",2,"A","-",21804,"A","N","A","H","-","A","D","0","Y","L","04",0,1,0,0,0,0,1,0,0,"-","-","YUBA CITY","SUTTER","CA",-121.62784,39.14168
"8069477",-121.6145601,39.146651,2016,"5102","0","3","3","05",0,1,"A",,"Y",,,,1800,6,"D","G","A","MARKET ST","BIRD ST",129,"S","N","2016-06-29",5102,"2016-06-01",1539,"9013","3","5","4","0","0",,"0","003","-","N",,0,0,,,0,,,,"N",2,"A","-",21650,"1","N","A","H","-","A","D","0","Y","L","04",0,1,0,0,0,0,1,0,0,"-","-","YUBA CITY","SUTTER","CA",-121.61454,39.14706
"8069476",-121.6440023,39.1443217,2016,"5102","0","5","4","03",0,1,"A",,,,,,1500,6,"C","C","A","STABLER LN","POOLE BL",136,"S","N","2016-06-28",5102,"2016-06-03",1215,"9015","2","5","4","0","0",,"0",,"-","N",,0,0,,,0,,,,"N",2,"A","-",22350,,"N","A","H","-","A","A","0","Y","A","07",0,0,1,0,0,0,0,0,0,"-","-","YUBA CITY","SUTTER","CA",0,0
"8069473",-121.6440032,39.1480651,2016,"5102","0","1","4","12",0,1,"A",,,,,,1200,6,"B","C","A","BUTTE HOUSE RD","STABLER LN",0,,"Y","2016-06-29",5102,"2016-06-13",914,"4073","2","5","4","0","0",,"0",,"-","N",,0,0,,,0,,,,"Y",3,"A","-",21453,"A","N","A","H","-","A","A","0","Y","A","01",0,0,1,0,0,0,0,0,0,"-","-","YUBA CITY","SUTTER","CA",0,0
"8069472",-121.6331504,39.1585246,2016,"5102","0","2","3","08",0,1,"A",,,,,,600,6,"C","E","A","WILLOW GLEN DR","WOODLAND DR",15,"E","N","2016-07-07",5102,"2016-06-07",552,"4046","3","5","4","0","0",,"0",,"-","N",,0,0,,,0,,,,"Y",2,"A","-",22107,,"M","A","H","-","A","D","0","Y","A","01",0,1,0,0,0,0,0,0,0,"-","-","YUBA CITY","SUTTER","CA",-121.63317,39.15852
"8069469",-121.6345219,39.1353676,2016,"5102","0","2","4","03",0,1,"A",,,,,,2400,6,"C","C","A","RT 99","SUNSWEET BL",20,"S","N","2017-02-18",5102,"2016-06-21",2131,"4072","2","5","4","0","0",,"0","5102","-","Y","SUT",3,99,"-","-",30.24,"H","-","N","Y",2,"A","-",22350,,"N","A","H","-","C","A","0","Y","A","01",0,0,1,0,0,0,0,0,0,"-","-","YUBA CITY","SUTTER","CA",0,0
"8069468",0,0,2016,"5102","0","5","3","09",0,1,"A",,,,,,1200,6,"D","C","A","NORTHGATE & GRAY AV","NORTHGATE DR",0,,"Y","2016-07-07",5102,"2016-06-03",1144,"9013","3","5","4","0","0",,"0","003","-","N",,0,0,,,0,,,,"Y",2,"A","-",21802,"A","N","A","H","-","A","D","0","Y","A","01",0,1,0,0,0,0,0,0,0,"-","-","YUBA CITY","SUTTER","CA",-121.63014,39.15975
"8069464",-121.6295212,39.1272451,2016,"5102","0","6","4","03",0,2,"A",,,,,,900,6,"C","C","A","FRANKLIN RD","GRAY AV",80,"E","N","2016-06-28",5102,"2016-06-04",756,"4094","4","5","4","0","0",,"0","004","-","N",,0,0,,,0,,,,"Y",3,"A","-",22350,,"N","A","H","-","A","A","0","Y","A","01",0,0,2,0,0,0,0,0,0,"-","-","YUBA CITY","SUTTER","CA",-121.62977,39.12726
"8069460",-121.6561816,39.1514661,2016,"5102","0","3","3","18",0,2,"A",,,,,,1200,6,"E","I","A","BUTTE HOUSE RD","ELMER RD",75,"W","N","2016-06-28",5102,"2016-06-01",1052,"4073","1","5","4","0","0",,"0",,"-","N",,0,0,,,0,,,,"Y",1,"C","-",0,,"N","A","H","-","A","D","0","Y","-","-",0,1,1,0,0,0,0,0,0,"-","-","YUBA CITY","SUTTER","CA",0,0
"8069456",0,0,2016,"5102","0","4","3","08",0,1,"A",,,,,,900,6,"B","E","A","TRES PICOS DR","SOMERSET WY",110,"W","N","2016-06-28",5102,"2016-06-02",757,"4073","2","5","4","0","0",,"0",,"-","N",,0,0,,,0,,,,"Y",2,"A","-",22107,,"N","A","H","-","A","D","0","Y","A","01",0,1,0,0,0,0,0,0,0,"-","-","YUBA CITY","SUTTER","CA",0,0
"8069452",-121.6213331,39.1377451,2016,"5102","0","4","3","09",0,1,"A",,,,,,1500,6,"D","C","A","FORBES AV","OLIVE ST",0,,"Y","2016-06-28",5102,"2016-06-02",1351,"4060",,"5","4","0","0",,"0","004","-","N",,0,0,,,0,,,,"Y",2,"A","-",21802,"A","N","A","H","-","A","A","0","Y","A","01",0,1,0,0,0,0,0,0,0,"-","-","YUBA CITY","SUTTER","CA",0,0
"8066358",-121.6157432,39.1007751,2016,"5102","0","3","4","12",0,2,"A",,,,,,900,5,"D","C","A","BOGUE RD","GARDEN HWY",0,,"Y","2016-06-22",5102,"2016-05-25",733,"4060","5","5","4","0","0",,"0","005","-","N",,0,0,,,0,,,,"Y",2,"A","-",21453,"A","N","A","H","-","A","A","0","Y","A","01",0,0,2,0,0,0,0,0,0,"-","-","YUBA CITY","SUTTER","CA",0,0
"8066330",-121.6206359,39.1533031,2016,"5102","0","6","4","08",0,2,"A",,,,,,1800,5,"B","C","A","LIVE OAK BL","DOWNIE ST",59,"S","N","2016-06-22",5102,"2016-05-14",1623,"4102","3","5","4","0","0",,"0","5102","-","N",,0,0,,,0,,,,"N",2,"A","-",22107,,"M","A","H","-","A","D","0","Y","A","01",0,0,2,0,0,0,0,0,0,"-","-","YUBA CITY","SUTTER","CA",0,0
"8066326",-121.6108032,39.1234251,2016,"5102","0","4","3","05",0,1,"A",,,,,,900,5,"E","I","A","GARDEN HWY","SAMUEL DR",0,,"Y","2016-06-29",5102,"2016-05-26",621,"477","5","5","4","0","0",,"0","5102","-","N",,0,0,,,0,,,,"Y",1,"A","-",21650,,"N","A","H","-","A","A","0","Y","A","01",0,1,0,0,0,0,0,0,0,"-","-","YUBA CITY","SUTTER","CA",0,0
"8066322",-121.6250832,39.112675,2016,"5102","0","2","2","21",0,1,"A",,,"Y",,,1800,5,"A","C","A","LINCOLN RD","BUNCE RD",0,"W","N","2016-06-22",5102,"2016-05-24",1612,"4073","5","5","4","0","0",,"0",,"-","N",,0,0,,,0,,,,"N",2,"A","-",22106,,"N","A","H","-","A","D","0","Y","C","02",1,0,0,0,0,0,0,0,1,"-","-","YUBA CITY","SUTTER","CA",0,0
"8066160",-121.6345284,39.1280305,2016,"5102","0","7","3","16",0,2,"A",,,,,,1500,5,"E","J","A","RT 99","FRANKLIN RD",300,"N","N","2017-02-24",5102,"2016-05-01",1345,"4074","2","5","4","0","0",,"0","002","-","Y","SUT",3,99,"-","-",29.73,"H","-","N","Y",2,"A","-",24002,,"F","A","H","-","A","A","0","Y","-",,0,1,1,0,0,0,0,0,0,"-","-","YUBA CITY","SUTTER","CA",-121.63463,39.12728
"8066147",-121.6439432,39.1323151,2016,"5102","0","7","4","12",0,2,"A",,,,,,1500,5,"A","C","A","N WALTON AV","BRIDGE ST",0,,"Y","2016-06-23",5102,"2016-05-22",1434,"4058","1","5","4","0","0",,"0","001","-","N",,0,0,,,0,,,,"Y",2,"A","-",21453,"A","N","A","H","-","A","A","0","Y","-","-",0,0,2,0,0,0,0,0,0,"-","-","YUBA CITY","SUTTER","CA",-121.64386,39.13235
"8066143",-121.6206933,39.1484551,2016,"5102","0","7","3","03",0,1,"A",,,,,,1800,5,"E","I","A","LIVE OAK BL","LYNN WY",0,,"Y","2016-06-23",5102,"2016-05-08",1508,"4074","2","5","4","0","0",,"0","002","-","N",,0,0,,,0,,,,"Y",1,"A","-",22350,,"N","A","H","-","A","D","0","Y","-","-",0,1,0,0,0,0,0,0,0,"-","-","YUBA CITY","SUTTER","CA",-121.62069,39.14821
"8060757",-121.6394636,39.1416765,2016,"5102","0","5","4","03",0,1,"A",,,,,,1800,5,"C","C","A","RT 20","CIVIC CENTER BL",73,"W","N","2017-02-24",5102,"2016-05-13",1500,"4045",,"5","4","0","0",,"0","002","-","Y","SUT",3,20,"-","R",15.34,"H","-","E","N",3,"A","-",22350,,"N","A","H","-","A","A","0","Y","D","22",0,0,1,0,0,0,0,0,0,"-","-","YUBA CITY","SUTTER","CA",0,0
"8050206",-121.6555014,39.1414154,2016,"5102","0","3","3","03",0,3,"A",,,,,,2100,5,"C","C","A","HARTER RD","RT 20",0,,"Y","2017-02-24",5102,"2016-05-11",1844,"4100","1","5","4","0","0",,"0","001","-","Y","SUT",3,20,"-","-",14.47,"I","6","E","N",3,"A","-",22350,,"N","A","H","-","A","A","0","Y","-","-",0,1,2,0,0,0,0,0,0,"-","-","YUBA CITY","SUTTER","CA",0,0
"8050085",-121.6324456,39.1417927,2016,"5102","0","5","4","12",0,1,"A",,,,,,1500,5,"D","C","A","RT 20","ROCCA WY",0,,"Y","2017-02-24",5102,"2016-05-20",1409,"4073","3","5","4","0","0",,"0",,"B","Y","SUT",3,20,"-","-",15.72,"I","5","W","Y",3,"A","-",21453,"A","N","A","H","-","A","A","0","Y","A","01",0,0,1,0,0,0,0,0,0,"-","-","YUBA CITY","SUTTER","CA",0,0
"8050017",-121.6439332,39.1272551,2016,"5102","0","4","3","12",0,9,"A",,,,,,300,4,"D","C","A","FRANKLIN RD","SOUTH WALTON AV",0,,"Y","2016-06-10",5102,"2016-04-28",24,"4091","2","5","4","0","0",,"0",,"-","N",,0,0,,,0,,,,"Y",2,"A","-",21453,"A","N","A","H","-","B","A","0","Y","A","01",0,2,7,0,0,0,0,0,0,"-","-","YUBA CITY","SUTTER","CA",0,0
"8038935",-121.634472,39.1323462,2016,"5102","0","5","4","12",0,1,"A",,,,,,1800,4,"D","C","A","RT 99","BRIDGE ST",0,,"Y","2017-02-24",5102,"2016-04-15",1715,"4095","2","5","4","0","0",,"0",,"-","Y","SUT",3,99,"-","-",30.03,"I","5","N","Y",2,"A","-",21453,"A","N","A","H","-","B","A","0","Y","-","-",0,0,1,0,0,0,0,0,0,"-","-","YUBA CITY","SUTTER","CA",0,0