"CASEID","POINT_X","POINT_Y","YEAR_","LOCATION","CHPTYPE","DAYWEEK","CRASHSEV","VIOLCAT","KILLED","INJURED","WEATHER1","PEDCOL","BICCOL","MCCOL","TRUCKCOL","ETOH","TIMECAT","MONTH_","CRASHTYP","INVOLVE","PED","PRIMARYRD","SECONDRD","DISTANCE","DIRECT","INTERSECT_","PROCDATE","JURIS","DATE_","TIME_","BADGE","JURIDIST","SHIFT","POP","SPECIAL","BEATTYPE","LAPDDIV","BEATCLAS","BEATNUMB","WEATHER2","STATEHW","CALTRANC","CALTRAND","STROUTE","ROUTESUF","POSTPRE","POSTMILE","LOCATYPE","RAMP","SIDEHW","TOWAWAY","PARTIES","PCF","VIOLCODE","VIOL","VIOLSUB","HITRUN","ROADSURF","RDCOND1","RDCOND2","LIGHTING","RIGHTWAY","CHPRDTYP","NOTPRIV","STFAULT","CHPFAULT","SEVINJ","OTHERINJ","COP","PEDKILL","PEDINJ","BICKILL","BICINJ","MCKILL","MCINJURE","RAMP1","RAMP2","CITY","COUNTY","STATE","X_CHP","Y_CHP"
"8038900",-121.6298932,39.1323251,2016,"5102","0","5","4","00",0,1,"A",,,,,,2400,3,"D","C","A","GRAY AV","BRIDGE ST",0,,"Y","2016-05-13",5102,"2016-03-25",2324,"4069","5102","5","4","0","0",,"0","002","-","N",,0,0,,,0,,,,"Y",2,"D","-",0,,"N","A","H","-","C","A","0","Y","-","-",0,0,1,0,0,0,0,0,0,"-","-","YUBA CITY","SUTTER","CA",0,0
"8038512",-121.6394636,39.1416765,2016,"5102","0","7","4","01",0,2,"A",,,,,,1800,4,"B","C","A","RT 20","CIVIC CENTER BL",30,"W","N","2017-02-24",5102,"2016-04-17",1542,"4073","2","5","4","0","0",,"0",,"-","Y","SUT",3,20,"-","R",15.34,"H","-","E","N",2,"A","-",23152,"E","N","A","H","-","A","D","0","Y","D","22",0,0,2,0,0,0,0,0,0,"-","-","YUBA CITY","SUTTER","CA",0,0
"8038508",-121.6344932,39.1418452,2016,"5102","0","5","4","03",0,1,"A",,,,,,1500,4,"C","C","A","RT 20","RT 99",200,"E","N","2017-02-24",5102,"2016-04-08",1354,"4079","5102","5","4","0","0",,"0","002","-","Y","SUT",3,20,"-","-",15.61,"H","-","W","N",2,"A","-",22350,,"N","A","H","-","A","D","0","Y","D","22",0,0,1,0,0,0,0,0,0,"-","-","YUBA CITY","SUTTER","CA",0,0
"8035671",-121.6176632,39.121725,2016,"5102","0","7","4","11",0,1,"A","Y",,,,,2100,4,"H","J","D","MAIN ST","BENTON DR",0,,"Y","2016-06-08",5102,"2016-04-17",1909,"4061","5","5","4","0","0",,"0","005","-","N",,0,0,,,0,,,,"N",2,"A","-",21954,"A","N","A","H","-","A","D","0","Y","N","60",0,0,1,0,1,0,0,0,0,"-","-","YUBA CITY","SUTTER","CA",0,0
"8035594",-121.6324456,39.1417927,2016,"5102","0","3","4","12",0,1,"A",,,,,,1500,5,"D","C","A","RT 20","ROCCA WY",47,"N","N","2017-02-24",5102,"2016-05-04",1238,"4083","2","5","4","0","0",,"0",,"-","Y","SUT",3,20,"-","-",15.72,"I","6","W","N",4,"A","-",21453,"A","N","-","H","-","A","A","0","Y","A","01",0,0,1,0,0,0,0,0,0,"-","-","YUBA CITY","SUTTER","CA",-121.6319,39.14176
"8035593",-121.6136658,39.1233116,2016,"5102","0","1","3","05",0,1,"A",,"Y",,,,1800,5,"A","G","A","PERCY AV","WOODBRIDGE AV",87,"S","N","2016-08-29",5102,"2016-05-02",1623,"4083","5","5","4","0","0",,"0",,"-","N",,0,0,,,0,,,,"Y",2,"A","-",21650,,"N","A","H","-","A","D","0","Y","L","04",0,1,0,0,0,0,1,0,0,"-","-","YUBA CITY","SUTTER","CA",0,0
"8035592",-121.6344578,39.1330086,2016,"5102","0","1","3","11",0,1,"A","Y",,,,,2400,5,"G","B","B","RT 99","BRIDGE ST",0,,"Y","2017-02-24",5102,"2016-05-16",2342,"4072","2","5","4","0","0",,"0","002","-","Y","SUT",3,99,"-","-",30.03,"I","6","S","N",2,"A","-",21950,"B","N","A","H","-","C","A","0","Y","N","60",0,1,0,0,1,0,0,0,0,"-","-","YUBA CITY","SUTTER","CA",-121.63451,39.13239
"8035591",-121.6440332,39.1416452,2016,"5102","0","2","4","01",0,1,"A",,,,,"Y",1800,5,"D","C","A","RT 20","WALTON AV",48,"N","N","2017-02-24",5102,"2016-05-03",1536,"4083","2","5","4","0","0",,"0",,"-","Y","SUT",3,20,"-","R",15.094,"I","5","E","N",2,"A","-",23153,"A","N","A","H","-","A","A","0","Y","A","01",0,0,1,0,0,0,0,0,0,"-","-","YUBA CITY","SUTTER","CA",-121.64848,39.1415
"8035443",-121.6333432,39.1323951,2016,"5102","0","5","3","09",0,1,"A",,"Y",,,,1500,5,"D","G","A","BRIDGE ST","N PALORA AV",0,,"Y","2016-06-06",5102,"2016-05-13",1437,"4094","4","5","4","0","0",,"0","004","-","N",,0,0,,,0,,,,"N",2,"A","-",21802,,"N","A","H","-","A","A","0","Y","A","01",0,1,0,0,0,0,1,0,0,"-","-","YUBA CITY","SUTTER","CA",0,0
"8035442",-121.6301333,39.1526384,2016,"5102","0","4","4","03",0,2,"A",,,,,,1500,5,"C","C","A","GRAY AV","MCMULLEN AV",17,"S","N","2016-05-31",5102,"2016-05-12",1441,"4083","3","5","4","0","0",,"0",,"-","N",,0,0,,,0,,,,"Y",2,"A","-",22350,,"N","A","H","-","A","D","0","Y","A","01",0,0,2,0,0,0,0,0,0,"-","-","YUBA CITY","SUTTER","CA",-121.63009,39.15177
"8035441",-121.6137232,39.135875,2016,"5102","0","6","3","12",0,2,"B",,,,,,1500,5,"D","C","A","BRIDGE ST","SHASTA ST",0,,"Y","2016-05-31",5102,"2016-05-07",1333,"4073","4","5","4","0","0",,"0",,"-","N",,0,0,,,0,,,,"N",2,"A","-",21453,"A","N","A","H","-","A","A","0","Y","A","07",0,1,1,0,0,0,0,0,0,"-","-","YUBA CITY","SUTTER","CA",-121.61371,39.13594
"8035421",-121.6301804,39.139694,2016,"5102","0","4","4","03",0,2,"B",,,,,,1200,5,"C","C","A","GRAY AV","LOUISE AV",15,"S","N","2016-06-10",5102,"2016-05-05",1006,"482","4","5","4","0","0",,"0","5102","-","N",,0,0,,,0,,,,"Y",2,"A","-",22350,,"N","A","H","-","A","A","0","Y","D","22",0,0,2,0,0,0,0,0,0,"-","-","YUBA CITY","SUTTER","CA",0,0
"8035419",-121.6154871,39.0991466,2016,"5102","0","7","4","17",0,1,"A",,"Y",,"Y",,1500,4,"D","G","A","GARDEN HWY","BOGUE RD",600,"S","N","2016-06-02",5102,"2016-04-24",1437,"4016","5","5","4","0","0",,"0","005","-","N",,0,0,,,0,,,,"Y",2,"A","-",21208,"A","N","A","H","-","A","D","0","Y","L","04",0,0,1,0,0,0,1,0,0,"-","-","YUBA CITY","SUTTER","CA",0,0
"8035418",-121.6029896,39.1305423,2016,"5102","0","7","2","01",0,2,"A",,"Y",,,"Y",2100,5,"A","G","A","2ND ST","GARDEN HWY",900,"S","N","2016-06-10",5102,"2016-05-08",1953,"4061","5","5","4","0","0",,"0","005","-","N",,0,0,,,0,,,,"Y",2,"A","-",23152,"A","N","A","H","-","A","D","0","Y","D","22",1,1,0,0,0,0,1,0,0,"-","-","YUBA CITY","SUTTER","CA",-121.60194,39.12848
"8035416",-121.6555294,39.1415546,2016,"5102","0","2","3","08",0,5,"A",,,,,,1500,5,"D","C","A","RT 20","HARTER PKWY",55,"N","N","2017-02-24",5102,"2016-05-10",1200,"4083","1","5","4","0","0",,"0",,"-","Y","SUT",3,20,"-","-",14.47,"I","5","W","Y",5,"A","-",22107,,"N","A","H","-","A","A","0","Y","A","01",0,5,0,0,0,0,0,0,0,"-","-","YUBA CITY","SUTTER","CA",-121.65551,39.14408
"8029777",-121.9115433,39.145205,2016,"5102","0","5","4","03",0,1,"A",,,,,"Y",2100,4,"C","C","A","5TH ST BRIDGE","BRIDGE ST",0,,"Y","2016-05-13",5102,"2016-04-22",1826,"4045",,"5","4","0","0",,"0","004","-","N",,0,0,,,0,,,,"N",2,"A","-",22350,,"N","A","H","-","A","D","0","Y","-",,0,0,1,0,0,0,0,0,0,"-","-","YUBA CITY","SUTTER","CA",0,0
"8029773",0,0,2016,"5102","0","4","4","08",0,1,"A","Y",,,,,900,4,"G","B","D","BLEVIN RD","CASE CT",20,"S","N","2016-05-13",5102,"2016-04-21",819,"4073","5102","5","4","0","0",,"0","002","-","N",,0,0,,,0,,,,"N",2,"A","-",22107,,"N","A","H","-","A","D","0","Y","-",,0,0,1,0,1,0,0,0,0,"-","-","YUBA CITY","SUTTER","CA",0,0
"8029765",-121.6441699,39.14811,2016,"5102","0","4","3","09",0,2,"A",,,,,,1500,4,"D","C","A","BUTTE HOUSE RD","STABLER LN",50,"W","N","2016-05-13",5102,"2016-04-21",1438,"4073","5102","5","4","0","0",,"0","002","-","N",,0,0,,,0,,,,"Y",2,"A","-",21802,"A","N","A","H","-","A","D","0","Y","-",,0,2,0,0,0,0,0,0,0,"-","-","YUBA CITY","SUTTER","CA",0,0
"8028121",-121.6179958,39.1458041,2016,"5102","0","3","3","01",0,1,"A",,,,,"Y",2100,4,"C","C","A","BIRD ST","PLUMAS ST",100,"W","N","2016-04-27",5102,"2016-04-06",1952,"4072","5102","5","4","0","0",,"0","003","-","N",,0,0,,,0,,,,"Y",2,"A","-",23152,"A","M","A","H","-","A","D","0","Y","A","01",0,1,0,0,0,0,0,0,0,"-","-","YUBA CITY","SUTTER","CA",0,0
"8028117",-121.6440092,39.1460682,2016,"5102","0","5","3","09",0,1,"A",,,,,,1500,4,"B","C","A","STABLER LN","POOLE BL",500,"N","N","2016-04-27",5102,"2016-04-08",1457,"4073","5102","5","4","0","0",,"0","002","B","N",,0,0,,,0,,,,"N",3,"A","-",21801,"A","N","A","H","-","A","D","0","Y","-",,0,1,0,0,0,0,0,0,0,"-","-","YUBA CITY","SUTTER","CA",0,0
"8028113",-121.6354232,39.1323851,2016,"5102","0","2","4","08",0,1,"A",,,,,,1200,4,"D","C","A","BRIDGE ST","ONSTOTT FRONTAGE RD",0,,"Y","2016-04-27",5102,"2016-04-12",1121,"4074","5102","5","4","0","0",,"0","002","-","N",,0,0,,,0,,,,"Y",2,"A","-",22107,,"N","A","H","-","A","D","0","Y","A","08",0,0,1,0,0,0,0,0,0,"-","-","YUBA CITY","SUTTER","CA",0,0
"8028109",-121.6252132,39.1342451,2016,"5102","0","3","3","09",0,3,"A",,,,,,1800,4,"D","C","A","CLARK AV","KIMBALL AV",0,,"Y","2016-04-27",5102,"2016-04-13",1504,"4073","5102","5","4","0","0",,"0","004","-","N",,0,0,,,0,,,,"Y",2,"A","-",21802,"A","N","A","H","-","A","A","0","Y","-",,0,2,1,0,0,0,0,0,0,"-","-","YUBA CITY","SUTTER","CA",0,0
"8028105",-121.6056218,39.1311138,2016,"5102","0","4","4","03",0,3,"A",,,,,,1800,4,"C","C","A","GARDEN HWY","FRANKLIN AV",250,"N","N","2016-04-27",5102,"2016-04-14",1544,"4073","5102","5","4","0","0",,"0","004","-","N",,0,0,,,0,,,,"Y",3,"A","-",22350,,"N","A","H","-","A","D","0","Y","-",,0,0,3,0,0,0,0,0,0,"-","-","YUBA CITY","SUTTER","CA",0,0
"8028081",-121.6716032,39.1415052,2016,"5102","0","3","4","09",0,1,"A",,,,,,1800,4,"D","C","A","RT 20","GEORGE WASHINGTON BL",0,,"Y","2017-02-24",5102,"2016-04-13",1528,"4057","5102","5","4","0","0",,"0","001","-","Y","SUT",3,20,"-","-",13.6,"I","5","W","Y",2,"A","-",21453,"C","N","A","H","-","A","A","0","Y","A","07",0,0,1,0,0,0,0,0,0,"-","-","YUBA CITY","SUTTER","CA",0,0
"8027840",-121.6247542,39.1233681,2016,"5102","0","6","4","03",0,2,"A",,,,,,2100,4,"C","C","A","CLARK AV","JULIE DR",12,"N","N","2016-04-28",5102,"2016-04-02",1856,"4045","S102","5","4","0","0",,"0","005","-","N",,0,0,,,0,,,,"Y",2,"A","-",22350,,"N","A","H","-","A","D","0","Y","A","01",0,0,2,0,0,0,0,0,0,"-","-","YUBA CITY","SUTTER","CA",0,0
"8027836",-121.6213082,39.141346,2016,"5102","0","5","4","12",0,1,"A",,,,,,1200,4,"D","C","A","RT 20","PLUMAS ST",0,,"Y","2017-02-24",5102,"2016-04-01",922,"448","3","5","4","0","0",,"0",,"-","Y","SUT",3,20,"-","-",16.32,"I","5","E","Y",2,"A","-",21453,"A","N","A","H","-","A","A","0","Y","D","22",0,0,1,0,0,0,0,0,0,"-","-","YUBA CITY","SUTTER","CA",-121.61764,39.14064
"8027828",-121.6183432,39.152515,2016,"5102","0","1","3","09",0,1,"A",,,,,,1800,4,"D","C","A","QUEENS AV","PLUMAS ST",0,,"Y","2016-06-09",5102,"2016-04-11",1540,"4073","5102","5","4","0","0",,"0","003","-","N",,0,0,,,0,,,,"Y",2,"A","-",21802,"A","N","A","H","-","A","A","0","Y","-",,0,1,0,0,0,0,0,0,0,"-","-","YUBA CITY","SUTTER","CA",0,0
"8027824",-121.6390868,39.1416769,2016,"5102","0","2","4","03",0,5,"A",,,,,,1800,4,"C","C","A","RT 20","CIVIC CENTER DR",57,"E","N","2017-02-24",5102,"2016-04-12",1518,"4083","5102","5","4","0","0",,"0","002","-","Y","SUT",3,20,"-","R",15.36,"H","-","E","Y",5,"A","-",22350,,"N","A","H","-","A","D","0","Y","I","11",0,0,5,0,0,0,0,0,0,"-","-","YUBA CITY","SUTTER","CA",0,0
"8027820",-121.6371352,39.1323582,2016,"5102","0","3","3","03",0,1,"A",,,,,,1200,4,"C","C","A","BRIDGE ST","OJI WY",97,"W","N","2016-04-28",5102,"2016-04-13",1101,"4073","5102","5","4","0","0",,"0","002","-","N",,0,0,,,0,,,,"Y",2,"A","-",22350,,"N","A","H","-","A","D","0","Y","-",,0,1,0,0,0,0,0,0,0,"-","-","YUBA CITY","SUTTER","CA",0,0
"8026113",-121.6107016,39.143725,2016,"5102","0","5","4","03",0,1,"A",,,,,,1800,4,"A","I","A","SUMNER ST","VON GELDERN",60,"E","N","2016-04-21",5102,"2016-04-01",1623,"4057","5102","5","4","0","0",,"0","003","-","N",,0,0,,,0,,,,"Y",1,"A","-",22350,,"N","A","H","-","A","D","0","Y","A","01",0,0,1,0,0,0,0,0,0,"-","-","YUBA CITY","SUTTER","CA",0,0
"8026109",-121.6174631,39.1127651,2016,"5102","0","5","4","03",0,2,"A",,,,,,2100,4,"C","C","A","GARDEN HWY","LINCOLN RD",0,,"Y","2016-04-21",5102,"2016-04-01",1836,"4072","5102","5","4","0","0",,"0","005","-","N",,0,0,,,0,,,,"N",2,"A","-",22350,,"N","A","H","-","A","A","0","Y","A","01",0,0,2,0,0,0,0,0,0,"-","-","YUBA CITY","SUTTER","CA",0,0
"8026105",-121.6302132,39.1491051,2016,"5102","0","5","4","10",0,2,"A","Y",,,,,2100,4,"G","B","D","WASHINGTON AV","GRAY AV",0,,"Y","2016-04-21",5102,"2016-04-01",1858,"T9006","5102","5","4","0","0",,"0","003","-","N",,0,0,,,0,,,,"N",3,"A","-",21950,"A","N","A","H","-","A","D","0","Y","A","08",0,0,2,0,2,0,0,0,0,"-","-","YUBA CITY","SUTTER","CA",0,0
"8026095",-121.6251532,39.1321751,2016,"5102","0","7","3","12",0,1,"A","Y",,,,"Y",2100,3,"G","B","B","CLARK AV","BRIDGE ST",0,,"Y","2016-04-21",5102,"2016-03-27",1924,"4077","5102","5","4","0","0",,"0","004","-","N",,0,0,,,0,,,,"N",2,"A","-",21453,"A","F","A","H","-","A","A","0","Y","A","01",0,1,0,0,1,0,0,0,0,"-","-","YUBA CITY","SUTTER","CA",0,0
"8026091",0,0,2016,"5102","0","3","3","12",0,2,"A",,,,,,900,3,"D","C","A","LINCOLN RD","JONES RD",29,"S","N","2016-04-21",5102,"2016-03-30",831,"4083","5102","5","4","0","0",,"0","005","-","N",,0,0,,,0,,,,"Y",2,"A","-",22450,"A","N","A","H","-","A","A","0","Y","A","01",0,2,0,0,0,0,0,0,0,"-","-","YUBA CITY","SUTTER","CA",0,0
"8026087",-121.6332849,39.1272403,2016,"5102","0","2","3","08",0,1,"A","Y",,,,"Y",2400,3,"G","B","E","FRANKLIN AV","PALORA AV",150,"E","N","2016-04-25",5102,"2016-03-29",2228,"4077","5102","5","4","0","0",,"0","004","-","N",,0,0,,,0,,,,"N",2,"A","-",22107,,"F","A","H","-","C","D","0","Y","A","01",0,1,0,0,1,0,0,0,0,"-","-","YUBA CITY","SUTTER","CA",0,0
"8026083",-121.6512831,39.150135,2016,"5102","0","1","3","09",0,1,"A",,,,,,1500,3,"D","C","A","BUTTE HOUSE RD","BLEVIN RD",0,,"Y","2016-04-21",5102,"2016-03-28",1320,"4022","5102","5","4","0","0",,"0","002","-","N",,0,0,,,0,,,,"Y",2,"A","-",21801,"A","M","A","H","-","A","A","0","Y","A","01",0,1,0,0,0,0,0,0,0,"-","-","YUBA CITY","SUTTER","CA",0,0
"8026056",-121.6379263,39.1418452,2016,"5102","0","5","3","09",0,1,"A",,,,,,1800,4,"D","C","A","RT 20","CIVIC CENTER BL",0,,"Y","2017-02-24",5102,"2016-04-01",1623,"4100","SUTTE","5","4","0","0",,"0","002","-","Y","SUT",3,20,"-","R",15.42,"H","-","W","Y",2,"A","-",21804,"A","N","A","H","-","A","D","0","Y","A","01",0,1,0,0,0,0,0,0,0,"-","-","YUBA CITY","SUTTER","CA",0,0
"8023263",-121.6605572,39.2731815,2016,"5101","0","2","4","03",0,1,"B",,,,,,900,1,"C","C","A","RT 99","ELM ST",0,,"Y","2017-01-31",5100,"2016-01-19",744,"2236","5101","5","2","0","0",,"0","02A","C","Y","SUT",3,99,"-","-",40.05,"H","-","N","Y",5,"A","-",22350,,"N","B","H","-","A","A","0","Y","A","01",0,0,1,0,0,0,0,0,0,"-","-","LIVE OAK","SUTTER","CA",0,0
"8023259",-121.6518832,39.1126951,2016,"5102","0","7","4","03",0,3,"A",,,,,,2100,1,"C","C","A","LINCOLN RD","YOLANDA DR",0,,"Y","2016-04-25",5102,"2016-01-24",2041,"5097","89","5","4","0","0",,"0","007","-","N",,0,0,,,0,,,,"Y",2,"A","-",22350,,"N","A","H","-","C","D","0","Y","A","01",0,0,3,0,0,0,0,0,0,"-","-","YUBA CITY","SUTTER","CA",0,0
"8023256",-121.6524931,39.100795,2016,"5102","0","6","4","21",0,1,"A",,,,,,1500,2,"C","C","A","DHILLON DR","NEPAL CT",0,,"Y","2016-04-22",5102,"2016-02-06",1202,"2246","5100","5","4","0","0",,"0","007","-","N",,0,0,,,0,,,,"N",2,"A","-",22106,,"N","A","H","-","A","D","0","Y","-",,0,0,1,0,0,0,0,0,0,"-","-","YUBA CITY","SUTTER","CA",0,0
"8023188",-121.6611577,39.2758747,2016,"5101","0","1","4","03",0,1,"A",,,,,,1800,4,"C","C","A","RT 99","PENNINGTON RD",0,,"Y","2017-02-24",5100,"2016-04-04",1717,"5109","5101","5","2","0","0",,"0","02A","-","Y","SUT",3,99,"-","-",40.24,"H","-","N","N",2,"A","-",22350,,"N","A","H","-","A","A","0","Y","E","22",0,0,1,0,0,0,0,0,0,"-","-","LIVE OAK","SUTTER","CA",0,0
"8018118",-121.6475032,39.107365,2016,"5102","0","5","3","01",0,1,"A",,,,,"Y",600,4,"A","I","A","TRACY DR","GERMAINE DR",0,,"Y","2016-04-25",5102,"2016-04-15",349,"2066","MAINO","5","4","0","0",,"0","007","-","N",,0,0,,,0,,,,"Y",1,"A","-",23152,"A","M","A","-","-","C","C","0","Y","A","01",0,1,0,0,0,0,0,0,0,"-","-","YUBA CITY","SUTTER","CA",0,0
"8018110",-121.6637533,39.276035,2016,"5101","0","6","3","01",0,1,"B",,,,,"Y",2100,4,"D","C","A","PENNINGTON RD","N ST",0,,"Y","2016-04-25",5100,"2016-04-09",1907,"5082","LOCA2","5","2","0","0",,"0","02A","-","N",,0,0,,,0,,,,"Y",2,"A","-",23153,"B","N","A","H","-","B","A","0","Y","-",,0,1,0,0,0,0,0,0,0,"-","-","LIVE OAK","SUTTER","CA",0,0
"8015533",-121.6211632,39.125585,2016,"5102","0","1","3","09",0,1,"A",,"Y",,,,1800,3,"D","G","A","MORTON AV","PERCY AV",0,,"Y","2016-05-06",5102,"2016-03-14",1703,"4058","5102","5","4","0","0",,"0","005","-","N",,0,0,,,0,,,,"N",2,"A","-",21802,"A","N","A","H","-","A","D","0","Y","L","04",0,1,0,0,0,0,1,0,0,"-","-","YUBA CITY","SUTTER","CA",0,0
"8015529",-121.6436965,39.1323201,2016,"5102","0","1","4","08",0,1,"B",,,,,,1800,3,"D","C","A","BRIDGE ST","WALTON AV",70,"E","N","2016-05-06",5102,"2016-03-21",1639,"4079","5102","5","4","0","0",,"0","002","-","N",,0,0,,,0,,,,"Y",2,"A","-",22107,,"N","B","H","-","A","D","0","Y","D","22",0,0,1,0,0,0,0,0,0,"-","-","YUBA CITY","SUTTER","CA",0,0
"8015525",-121.6157465,39.1008575,2016,"5102","0","4","4","03",0,1,"A",,,,,,1200,3,"C","C","A","GARDEN HWY","BOGUE RD",30,"N","N","2016-04-18",5102,"2016-03-24",1126,"4079","5102","5","4","0","0",,"0","005","-","N",,0,0,,,0,,,,"N",2,"A","-",22350,,"N","A","H","-","A","D","0","Y","A","01",0,0,1,0,0,0,0,0,0,"-","-","YUBA CITY","SUTTER","CA",0,0
"8015521",-121.6312132,39.132335,2016,"5102","0","3","4","09",0,1,"A",,,,,,1500,3,"D","C","A","BRIDGE ST","N BARRETT RD",0,,"Y","2016-04-18",5102,"2016-03-23",1239,"4081","5102","5","4","0","0",,"0","005","-","N",,0,0,,,0,,,,"N",3,"A","-",21801,"A","N","A","H","-","A","D","0","Y","A","01",0,0,1,0,0,0,0,0,0,"-","-","YUBA CITY","SUTTER","CA",0,0
"8013421",0,0,2016,"5102","0","4","3","03",0,2,"B",,,,,,1500,3,"D","C","A","E 5TH ST BR","2ND ST",398,"W","N","2016-04-12",5102,"2016-03-03",1202,"443","5102","5","4","0","0",,"0","004","-","N",,0,0,,,0,,,,"Y",2,"A","-",22350,,"N","D","H","-","A","D","0","Y","A","01",0,1,1,0,0,0,0,0,0,"-","-","YUBA CITY","SUTTER","CA",0,0
"8013389",-121.6255531,39.1415518,2016,"5102","0","5","4","03",0,1,"B",,,,,,1500,3,"C","C","A","RT 20","CLARK AV",173,"E","N","2017-02-11",5102,"2016-03-11",1312,"4096","5102","5","4","0","0",,"0","004","C","Y","SUT",3,20,"-","-",16.09,"H","-","E","N",2,"A","-",22350,,"N","B","H","-","A","D","0","Y","A","01",0,0,1,0,0,0,0,0,0,"-","-","YUBA CITY","SUTTER","CA",0,0
"8013385",-121.6719117,39.12773,2016,"5102","0","1","4","03",0,1,"C",,,,,,1500,3,"C","C","A","N GEORGE WASHINGTON","FRANKLIN RD",235,"N","N","2016-04-12",5102,"2016-03-21",1448,"4079","5102","5","4","0","0",,"0","001","-","N",,0,0,,,0,,,,"Y",2,"A","-",22350,,"N","B","H","-","A","D","0","Y","A","01",0,0,1,0,0,0,0,0,0,"-","-","YUBA CITY","SUTTER","CA",0,0
"8013381",-121.6062001,39.1358394,2016,"5102","0","1","4","08",0,1,"C",,,,,,1800,3,"D","C","A","2ND ST","B ST",125,"S","N","2016-04-12",5102,"2016-03-21",1554,"4022","5102","5","4","0","0",,"0","004","-","N",,0,0,,,0,,,,"Y",2,"A","-",22107,,"N","B","H","-","A","A","0","Y","A","01",0,0,1,0,0,0,0,0,0,"-","-","YUBA CITY","SUTTER","CA",0,0
"8013377",-121.6439332,39.1272551,2016,"5102","0","2","4","03",0,1,"B",,,,,,900,3,"C","C","A","FRANKLIN RD","WALTON AV",0,,"Y","2016-04-12",5102,"2016-03-22",746,"4022","5102","5","4","0","0",,"0","002","-","N",,0,0,,,0,,,,"Y",3,"A","-",22350,,"N","A","H","-","A","A","0","Y","A","01",0,0,1,0,0,0,0,0,0,"-","-","YUBA CITY","SUTTER","CA",0,0
"8013373",-121.6344832,39.1304769,2016,"5102","0","7","4","03",0,1,"B",,,,,,1800,3,"C","C","A","RT 99","BRIDGE ST",667,"S","N","2017-02-11",5102,"2016-03-20",1517,"481","5102","5","4","0","0",,"0","002","-","Y","SUT",3,99,"-","-",29.9,"H","-","N","Y",2,"A","-",22350,,"N","B","H","-","A","A","0","Y","A","01",0,0,1,0,0,0,0,0,0,"-","-","YUBA CITY","SUTTER","CA",0,0
"8013369",-121.6298976,39.1325036,2016,"5102","0","1","4","03",0,1,"B",,,,,,2100,3,"C","C","A","GRAY AV","BRIDGE ST",65,"N","N","2016-04-12",5102,"2016-03-28",1951,"4046","5102","5","4","0","0",,"0","004","-","N",,0,0,,,0,,,,"N",2,"A","-",22350,,"N","A","H","-","C","A","0","Y","A","01",0,0,1,0,0,0,0,0,0,"-","-","YUBA CITY","SUTTER","CA",0,0
"8013365",-121.6247531,39.1233351,2016,"5102","0","6","4","03",0,1,"A",,,,,,2400,3,"C","C","A","CLARK AV","JULIE DR",0,,"Y","2016-04-12",5102,"2016-03-26",2242,"9000","YUBAC","5","4","0","0",,"0","005","-","N",,0,0,,,0,,,,,2,"A","-",22350,,"N","A","H","-","C","D","0","Y","A","01",0,0,1,0,0,0,0,0,0,"-","-","YUBA CITY","SUTTER","CA",0,0
"8013361",-121.6397631,39.127295,2016,"5102","0","4","4","08",0,3,"A",,,,,,1500,3,"F","C","A","FRANKLIN RD","NEIL DR",0,,"Y","2016-04-12",5102,"2016-03-24",1309,"4095","5102","5","4","0","0",,"0","002","-","N",,0,0,,,0,,,,"Y",2,"A","-",22107,,"N","A","H","-","A","D","0","Y","A","01",0,0,3,0,0,0,0,0,0,"-","-","YUBA CITY","SUTTER","CA",0,0
"8005524",0,0,2016,"5102","0","2","4","08",0,1,"A",,"Y",,,,1800,2,"D","G","A","BRIDGE ST","THARP RD",0,,"Y","2016-03-30",5102,"2016-02-16",1512,"4096","5102","5","4","0","0",,"0","001","-","N",,0,0,,,0,,,,"N",2,"A","-",21717,,"N","A","H","-","A","D","0","Y","A","07",0,0,1,0,0,0,1,0,0,"-","-","YUBA CITY","SUTTER","CA",0,0
"8001130",-121.6083431,39.1378151,2016,"5102","0","4","3","03",0,2,"B",,,,,,1500,3,"C","C","A","BRIDGE ST","SUTTER ST",0,,"Y","2016-04-01",5102,"2016-03-03",1202,"4079","5102","5","4","0","0",,"0","003","-","N",,0,0,,,0,,,,"Y",3,"A","-",22350,,"N","B","H","-","A","D","0","Y","A","01",0,1,1,0,0,0,0,0,0,"-","-","YUBA CITY","SUTTER","CA",0,0
"8001129",-121.6324456,39.1417927,2016,"5102","0","2","4","21",0,1,"A",,,,,,1500,3,"D","C","A","RT 20","ROCCA WY",87,"N","N","2017-02-11",5102,"2016-03-15",1406,"4083","5102","5","4","0","0",,"0","003","-","Y","SUT",3,20,"-","-",15.72,"I","5","W","Y",2,"A","-",22106,,"N","A","H","-","A","A","0","Y","A","07",0,0,1,0,0,0,0,0,0,"-","-","YUBA CITY","SUTTER","CA",0,0