"CASEID","POINT_X","POINT_Y","YEAR_","LOCATION","CHPTYPE","DAYWEEK","CRASHSEV","VIOLCAT","KILLED","INJURED","WEATHER1","PEDCOL","BICCOL","MCCOL","TRUCKCOL","ETOH","TIMECAT","MONTH_","CRASHTYP","INVOLVE","PED","PRIMARYRD","SECONDRD","DISTANCE","DIRECT","INTERSECT_","PROCDATE","JURIS","DATE_","TIME_","BADGE","JURIDIST","SHIFT","POP","SPECIAL","BEATTYPE","LAPDDIV","BEATCLAS","BEATNUMB","WEATHER2","STATEHW","CALTRANC","CALTRAND","STROUTE","ROUTESUF","POSTPRE","POSTMILE","LOCATYPE","RAMP","SIDEHW","TOWAWAY","PARTIES","PCF","VIOLCODE","VIOL","VIOLSUB","HITRUN","ROADSURF","RDCOND1","RDCOND2","LIGHTING","RIGHTWAY","CHPRDTYP","NOTPRIV","STFAULT","CHPFAULT","SEVINJ","OTHERINJ","COP","PEDKILL","PEDINJ","BICKILL","BICINJ","MCKILL","MCINJURE","RAMP1","RAMP2","CITY","COUNTY","STATE","X_CHP","Y_CHP"
"8001126",-121.6278532,39.1417551,2016,"5102","0","5","4","03",0,1,"C",,,,,"Y",2100,3,"D","C","A","RT 20","STAFFORD WY",0,,"Y","2016-04-01",5102,"2016-03-11",1836,"4072","5102","5","4","0","0",,"0","003","-","N",,0,0,,,0,,,,"Y",2,"A","-",22350,,"M","B","H","-","C","D","0","Y","A","01",0,0,1,0,0,0,0,0,0,"-","-","YUBA CITY","SUTTER","CA",0,0
"8001125",-121.6283252,39.1416409,2016,"5102","0","1","3","09",0,1,"A",,,,,,1800,3,"D","C","A","RT 20","STAFFORD WY",37,"N","N","2017-02-11",5102,"2016-03-14",1544,"4083","5102","5","4","0","0",,"0","003","-","Y","SUT",3,20,"-","-",15.94,"I","5","E","N",2,"A","-",21801,"A","N","A","H","-","A","D","0","Y","A","01",0,1,0,0,0,0,0,0,0,"-","-","YUBA CITY","SUTTER","CA",0,0
"8001121",-121.6457259,39.1417411,2016,"5102","0","4","4","09",0,1,"B",,,,,,1800,3,"D","C","A","COLUSA AV","STABLER LN",496,"W","N","2017-02-11",5102,"2016-03-10",1556,"9005","5102","5","4","0","0",,"0","002","C","Y","SUT",3,20,"-","R",15,"H","-","W","Y",2,"A","-",21804,"A","N","B","H","-","A","D","0","Y","A","01",0,0,1,0,0,0,0,0,0,"-","-","YUBA CITY","SUTTER","CA",0,0
"7208173",-121.6250732,39.1299051,2016,"5102","0","2","2","09",0,1,"B",,"Y",,,,1800,3,"D","G","A","B ST","CLARK AV",0,,"Y","2016-03-21",5102,"2016-03-01",1630,"4022","5102","5","4","0","0",,"0","004","-","N",,0,0,,,0,,,,"Y",2,"A","-",21804,"A","N","A","H","-","A","A","0","Y","L","04",1,0,0,0,0,0,1,0,0,"-","-","YUBA CITY","SUTTER","CA",0,0
"7208169",-121.6075532,39.138095,2016,"5102","0","1","4","09",0,1,"A",,"Y",,,"Y",1800,3,"D","G","A","2ND ST","BRIDGE ST",0,,"Y","2016-03-21",5102,"2016-03-07",1555,"4058","5102","5","4","0","0",,"0","004","-","N",,0,0,,,0,,,,"N",2,"A","-",21802,"A","F","A","H","-","A","D","0","Y","L","04",0,0,1,0,0,0,1,0,0,"-","-","YUBA CITY","SUTTER","CA",0,0
"7208165",0,0,2016,"5102","0","4","4","03",0,2,"B",,,,,,1500,3,"C","C","A","5TH ST BR","SHASTA ST",1488,"E","N","2016-03-21",5102,"2016-03-03",1202,"4096","5102","5","4","0","0",,"0","003","C","N",,0,0,,,0,,,,"Y",4,"A","-",22350,,"N","B","H","-","A","D","0","Y","A","01",0,0,2,0,0,0,0,0,0,"-","-","YUBA CITY","SUTTER","CA",0,0
"7208116",-121.6178873,39.1406571,2016,"5102","0","1","4","12",0,2,"B",,,,,,1200,3,"D","C","A","RT 20","PLUMAS ST",0,,"Y","2017-02-11",5102,"2016-03-07",947,"4022","5102","5","4","0","0",,"0","003","-","Y","SUT",3,20,"-","-",16.52,"I","5","W","Y",2,"A","-",21453,"A","N","B","H","-","A","A","0","Y","A","01",0,0,2,0,0,0,0,0,0,"-","-","YUBA CITY","SUTTER","CA",0,0
"7208112",-121.6335432,39.1708951,2016,"5102","0","2","3","09",0,1,"B",,,,,,1500,3,"D","C","A","PEASE RD","E ONSTOTT FRONTAGE RD",0,,"Y","2016-08-26",5102,"2016-03-08",1213,"4039","5102","5","4","0","0",,"0","003","-","N",,0,0,,,0,,,,"Y",2,"A","-",21802,"A","N","A","H","-","A","A","0","Y","A","01",0,1,0,0,0,0,0,0,0,"-","-","YUBA CITY","SUTTER","CA",0,0
"7208108",-121.6254832,39.139425,2016,"5102","0","7","4","10",0,1,"A","Y",,,,,1500,2,"D","B","E","CLARK AV","LOUISE AV",0,,"Y","2016-03-21",5102,"2016-02-28",1256,"4072","5102","5","4","0","0",,"0","004","-","N",,0,0,,,0,,,,"N",2,"A","-",21950,"A","N","A","H","-","A","D","0","Y","A","01",0,0,1,0,1,0,0,0,0,"-","-","YUBA CITY","SUTTER","CA",0,0
"7208104",-121.6237685,39.1274974,2016,"5102","0","1","4","08",0,2,"A",,,,,,1500,2,"D","C","A","FRANKLIN AV","CLARK AV",300,"E","N","2016-03-21",5102,"2016-02-29",1236,"4016","5102","5","4","0","0",,"0","005","-","N",,0,0,,,0,,,,"Y",2,"A","-",22103,,"N","A","H","-","A","D","0","Y","A","01",0,0,2,0,0,0,0,0,0,"-","-","YUBA CITY","SUTTER","CA",0,0
"7208100",-121.6144781,39.1245289,2016,"5102","0","4","3","12",0,1,"A",,"Y",,,,1800,2,"D","G","A","PERCY AV","WILSON AV",15,"S","N","2016-03-21",5102,"2016-02-11",1723,"4072","5102","5","4","0","0",,"0","005","-","N",,0,0,,,0,,,,"N",2,"A","-",22450,"A","N","A","H","-","A","D","0","Y","A","01",0,1,0,0,0,0,1,0,0,"-","-","YUBA CITY","SUTTER","CA",0,0
"7208096",-121.6157887,39.136312,2016,"5102","0","1","4","06",0,1,"B",,"Y",,,,1800,2,"C","G","A","PLUMAS ST","SCOTT ST",25,"S","N","2016-03-21",5102,"2016-02-29",1508,"4022","5102","5","4","0","0",,"0","004","-","N",,0,0,,,0,,,,"N",2,"A","-",21755,,"N","A","H","-","A","A","0","Y","L","04",0,0,1,0,0,0,1,0,0,"-","-","YUBA CITY","SUTTER","CA",0,0
"7208071",-121.6346516,39.1426779,2016,"5102","0","5","4","01",0,1,"A",,,,"Y",,1200,2,"C","C","A","RT 99","RT 20",300,"N","N","2017-02-11",5102,"2016-02-26",947,"443","5102","5","4","0","0",,"0","002","-","Y","SUT",3,99,"-","T",30.69,"H","-","S","N",2,"A","-",23152,"E","N","A","H","-","A","D","0","Y","A","01",0,0,1,0,0,0,0,0,0,"-","-","YUBA CITY","SUTTER","CA",0,0
"7208067",-121.6554932,39.1418951,2016,"5102","0","7","4","12",0,1,"A",,,,,,2100,2,"D","C","A","HARTER PKWY","N COLUSA FRONTAGE RD",0,,"Y","2016-04-04",5102,"2016-02-21",1830,"T9006","5102","5","4","0","0",,"0","001","-","N",,0,0,,,0,,,,"Y",2,"A","-",21453,"A","N","A","H","-","C","A","0","Y","A","01",0,0,1,0,0,0,0,0,0,"-","-","YUBA CITY","SUTTER","CA",0,0
"7208063",-121.6302232,39.1439351,2016,"5102","0","1","3","12",0,2,"A",,,,,,1200,2,"D","C","A","GRAY AV","AINSLEY AV",0,,"Y","2016-03-22",5102,"2016-02-29",1056,"4068","5102","5","4","0","0",,"0",,"-","N",,0,0,,,0,,,,"Y",2,"A","-",21453,"A","N","A","H","-","A","A","0","Y","-",,0,1,1,0,0,0,0,0,0,"-","-","YUBA CITY","SUTTER","CA",0,0
"7208059",0,0,2016,"5102","0","4","4","03",0,1,"B",,,,,,1500,3,"C","C","A","5TH ST BR","SHASTA ST",1699,"E","N","2016-03-22",5102,"2016-03-03",1236,"4095","5102","5","4","0","0",,"0","004","C","N",,0,0,,,0,,,,"Y",3,"A","-",22350,,"N","B","H","-","A","D","0","Y","A","01",0,0,1,0,0,0,0,0,0,"-","-","YUBA CITY","SUTTER","CA",0,0
"7204867",-121.6259912,39.1449637,2016,"5102","0","7","4","01",0,1,"A",,,,,"Y",300,2,"C","C","A","CLARK AV","AINSLEY AV",360,"N","N","2016-03-11",5102,"2016-02-21",118,"4076","5102","5","4","0","0",,"0","005","-","N",,0,0,,,0,,,,"Y",3,"A","-",23152,"A","N","A","H","-","C","D","0","Y","A","01",0,0,1,0,0,0,0,0,0,"-","-","YUBA CITY","SUTTER","CA",0,0
"7204738",0,0,2016,"5102","0","2","2","00",0,1,"A","Y",,,,"Y",1800,1,"G","B","D","GRAY AV","FORBES AV",53,"W","N","2016-03-11",5102,"2016-01-12",1733,"4083","5102","5","4","0","0",,"0","003","-","N",,0,0,,,0,,,,"Y",2,"D","-",0,,"N","A","H","-","C","D","0","Y","-","-",1,0,0,0,1,0,0,0,0,"-","-","YUBA CITY","SUTTER","CA",0,0
"7204567",-121.6440032,39.1480651,2016,"5102","0","2","4","01",0,1,"B",,,,,"Y",1800,3,"D","C","A","BUTTE HOUSE RD","STABLER LN",0,,"Y","2016-03-14",5102,"2016-03-01",1649,"4081","5102","5","4","0","0",,"0","002","-","N",,0,0,,,0,,,,"Y",2,"A","-",23152,"A","N","A","H","-","A","A","0","Y","A","01",0,0,1,0,0,0,0,0,0,"-","-","YUBA CITY","SUTTER","CA",0,0
"7204532",-121.6219601,39.1355351,2016,"5102","0","4","4","05",0,1,"A",,,,,,600,2,"A","E","A","REEVES AV","ORANGE ST",120,"E","N","2016-03-11",5102,"2016-02-25",529,"4089","5102","5","4","0","0",,"0","004","-","N",,0,0,,,0,,,,"N",2,"A","-",21650,,"N","A","H","-","C","D","0","Y","A","01",0,0,1,0,0,0,0,0,0,"-","-","YUBA CITY","SUTTER","CA",0,0
"7204528",-121.6174631,39.1127651,2016,"5102","0","2","3","12",0,2,"A",,,,,,900,2,"A","C","A","GARDEN HWY","LINCOLN RD",0,,"Y","2016-03-11",5102,"2016-02-23",817,"4058","5102","5","4","0","0",,"0","005","-","N",,0,0,,,0,,,,"Y",3,"A","-",21453,"A","N","A","H","-","A","A","0","Y","A","01",0,1,1,0,0,0,0,0,0,"-","-","YUBA CITY","SUTTER","CA",0,0
"7204524",-121.6299194,39.1333959,2016,"5102","0","5","4","09",0,1,"A",,,,,,1800,2,"D","C","A","GRAY AV","BRIDGE ST",390,"N","N","2016-03-11",5102,"2016-02-26",1634,"4078","5102","5","4","0","0",,"0","004","-","N",,0,0,,,0,,,,"Y",2,"A","-",21801,"A","N","A","H","-","A","D","0","Y","A","01",0,0,1,0,0,0,0,0,0,"-","-","YUBA CITY","SUTTER","CA",0,0
"7202280",-121.6074986,39.1380029,2016,"5102","0","5","4","09",0,1,"A",,,,,,1800,2,"A","C","A","2ND ST","BRIDGE ST",37,"E","N","2016-03-10",5102,"2016-02-12",1536,"9000","5102","5","4","0","0",,"0","004","-","N",,0,0,,,0,,,,"Y",2,"A","-",21801,"A","M","A","H","-","A","D","0","Y","-",,0,0,1,0,0,0,0,0,0,"-","-","YUBA CITY","SUTTER","CA",0,0
"7202272",0,0,2016,"5102","0","3","4","08",0,1,"A",,,,,,2100,2,"A","C","A","FRANKLIN RD","THARP RD",815,"E","N","2016-03-10",5102,"2016-02-10",1851,"4091","5102","5","4","0","0",,"0","001","-","N",,0,0,,,0,,,,"Y",2,"A","-",22107,,"N","A","H","-","C","D","0","Y","A","01",0,0,1,0,0,0,0,0,0,"-","-","YUBA CITY","SUTTER","CA",0,0
"7193817",-121.6485132,39.1493251,2016,"5102","0","3","3","12",0,2,"B",,,,,,900,2,"A","C","A","BUTTE HOUSE RD","THARP RD",0,,"Y","2016-03-04",5102,"2016-02-17",819,"4096","5102","5","4","0","0",,"0","001","-","N",,0,0,,,0,,,,"Y",2,"A","-",21453,"A","N","A","H","-","A","A","0","Y","A","01",0,1,1,0,0,0,0,0,0,"-","-","YUBA CITY","SUTTER","CA",0,0
"7193813",0,0,2016,"5102","0","4","4","10",0,1,"A","Y",,,,,1800,2,"G","B","B","HARTER PKWY","LASSEN BL",0,,"Y","2016-03-04",5102,"2016-02-18",1759,"4096","5102","5","4","0","0",,"0","001","-","N",,0,0,,,0,,,,"N",2,"A","-",21950,"A","F","A","H","-","A","A","0","Y","-",,0,0,1,0,1,0,0,0,0,"-","-","YUBA CITY","SUTTER","CA",0,0
"7193809",-121.6298939,39.1323526,2016,"5102","0","5","4","03",0,1,"A",,,,,,1200,2,"C","C","A","GRAY AV","BRIDGE ST",10,"N","N","2016-03-04",5102,"2016-02-19",937,"4094","5102","5","4","0","0",,"0","003","-","N",,0,0,,,0,,,,"N",2,"A","-",22350,,"N","A","H","-","A","A","0","Y","A","01",0,0,1,0,0,0,0,0,0,"-","-","YUBA CITY","SUTTER","CA",0,0
"7193805",-121.6307838,39.141738,2016,"5102","0","5","4","03",0,2,"C",,,,,,1500,2,"B","C","A","GRAY AV","RT 20",135,"N","N","2017-02-11",5102,"2016-02-19",1359,"481",,"5","4","0","0",,"0",,"-","Y","SUT",3,20,"-","-",15.81,"I","6","W","Y",3,"A","-",22350,,"N","B","-","-","A","D","0","Y","A","01",0,0,2,0,0,0,0,0,0,"-","-","YUBA CITY","SUTTER","CA",0,0
"7191537",-121.6415002,39.1418257,2016,"5102","0","3","4","03",0,1,"A",,,,,,2100,2,"C","C","A","RT 20","CIVIC CENTER BL",630,"W","N","2017-02-11",5102,"2016-02-10",1819,"4057","5102","5","4","0","0",,"0","002","-","Y","SUT",3,20,"-","R",15.23,"H","-","W","Y",4,"A","-",22350,,"N","A","H","-","C","A","0","Y","A","01",0,0,1,0,0,0,0,0,0,"-","-","YUBA CITY","SUTTER","CA",0,0
"7191334",-121.6439431,39.1379051,2016,"5102","0","7","4","09",0,2,"A",,,,,,1800,2,"D","C","A","WALTON AV","LASSEN BL",0,,"Y","2016-02-29",5102,"2016-02-14",1617,"9003","SUTTE","5","4","0","0",,"0","002","-","N",,0,0,,,0,,,,"Y",2,"A","-",21801,"A","N","A","H","-","A","A","0","Y","A","01",0,0,2,0,0,0,0,0,0,"-","-","YUBA CITY","SUTTER","CA",0,0
"7191330",-121.6411132,39.144685,2016,"5102","0","2","3","09",0,1,"A",,"Y",,,,1800,2,"-","A","A","STARR DR","POOLE BL",0,,"Y","2016-03-01",5102,"2016-02-16",1555,"443","5102","5","4","0","0",,"0","002","-","N",,0,0,,,0,,,,"N",2,"A","-",21801,"A","N","A","H","-","A","D","0","Y","A","01",0,1,0,0,0,0,1,0,0,"-","-","YUBA CITY","SUTTER","CA",0,0
"7191326",-121.6554932,39.1418951,2016,"5102","0","4","4","12",0,2,"A",,,,,,900,2,"A","C","A","HARTER PKWY","COLUSA FRONTAGE RD",0,,"Y","2016-03-01",5102,"2016-02-11",725,"4096","5102","5","4","0","0",,"0","001","-","N",,0,0,,,0,,,,"Y",2,"A","-",21453,"A","N","A","H","-","A","A","0","Y","A","01",0,0,2,0,0,0,0,0,0,"-","-","YUBA CITY","SUTTER","CA",0,0
"7191310",-121.6235924,39.1377614,2016,"5102","0","2","4","03",0,2,"A",,,,,,1500,2,"C","C","A","COOPER AV","FORBES AV",5,"S","N","2016-02-29",5102,"2016-02-09",1430,"4056","PATRO","5","4","0","0",,"0","004","-","N",,0,0,,,0,,,,"N",2,"A","-",22350,,"N","A","H","-","A","A","0","Y","A","01",0,0,2,0,0,0,0,0,0,"-","-","YUBA CITY","SUTTER","CA",0,0
"7191286",-121.6137232,39.135875,2016,"5102","0","6","3","12",0,1,"A",,,,,,1200,2,"D","C","A","SHASTA ST","BRIDGE ST",0,,"Y","2016-02-29",5102,"2016-02-06",942,"T9006","5102","5","4","0","0",,"0","004","-","N",,0,0,,,0,,,,"N",2,"A","-",21453,"A","N","A","H","-","A","A","0","Y","A","01",0,1,0,0,0,0,0,0,0,"-","-","YUBA CITY","SUTTER","CA",0,0
"7191282",-121.6439332,39.1272551,2016,"5102","0","6","4","00",0,2,"A",,,,,,2400,2,"D","C","A","FRANKLIN RD","WALTON AV",0,,"Y","2016-02-29",5102,"2016-02-06",2219,"4076","5102","5","4","0","0",,"0","002","-","N",,0,0,,,0,,,,"Y",3,"D","-",0,,"N","A","H","-","C","A","0","Y","-","-",0,0,2,0,0,0,0,0,0,"-","-","YUBA CITY","SUTTER","CA",0,0
"7191186",-121.63022,39.1436742,2016,"5102","0","5","4","03",0,1,"A",,,,,,1800,2,"C","C","A","GRAY AV","AINSLEY AV",95,"S","N","2016-02-26",5102,"2016-02-12",1755,"9005","5102","5","4","0","0",,"0","003","-","N",,0,0,,,0,,,,"N",2,"A","-",22350,,"N","A","H","-","C","A","0","Y","D","22",0,0,1,0,0,0,0,0,0,"-","-","YUBA CITY","SUTTER","CA",0,0
"7190151",-121.6425232,39.112725,2016,"5102","0","7","1","05",1,1,"A",,,,,,2100,2,"A","C","A","LINCOLN RD","MESA VERDE",0,"W","N","2016-05-05",5102,"2016-02-28",1845,"2154","90","5","4","0","0",,"0","007","-","N",,0,0,,,0,,,,"Y",2,"A","-",21460,"A","N","A","H","-","C","D","0","Y","A",,1,0,0,0,0,0,0,0,0,"-","-","YUBA CITY","SUTTER","CA",0,0
"7189212",-121.6439973,39.1401487,2016,"5102","0","5","4","08",0,1,"A",,,,,,1800,2,"D","C","A","WALTON AV","RT 20",545,"S","N","2016-02-26",5102,"2016-02-12",1545,"4083","5102","5","4","0","0",,"0","002","-","N",,0,0,,,0,,,,"Y",2,"A","-",22107,,"N","A","H","-","A","D","0","Y","A","01",0,0,1,0,0,0,0,0,0,"-","-","YUBA CITY","SUTTER","CA",0,0
"7187968",-121.6206131,39.1518751,2016,"5102","0","6","4","03",0,1,"A",,,,,,1800,2,"C","C","A","QUEENS AV","LIVE OAK BL",0,,"Y","2016-02-22",5102,"2016-02-06",1513,"4057","5102","5","4","0","0",,"0","003","-","N",,0,0,,,0,,,,"N",2,"A","-",22350,,"N","A","H","-","A","A","0","Y","A","01",0,0,1,0,0,0,0,0,0,"-","-","YUBA CITY","SUTTER","CA",0,0
"7187966",-121.6455447,39.1417455,2016,"5102","0","5","3","08",0,1,"B",,,"Y",,,2100,2,"H","I","A","RT 20","STABLER LN",400,"W","N","2017-02-11",5102,"2016-02-05",1838,"4075","SUTTE","5","4","0","0",,"0","004","-","Y","SUT",3,20,"-","R",15.01,"H","-","W","Y",1,"A","-",22107,,"N","A","H","-","D","D","0","Y","C","02",0,1,0,0,0,0,0,0,1,"-","-","YUBA CITY","SUTTER","CA",0,0
"7187956",-121.6250832,39.112675,2016,"5102","0","4","4","08",0,1,"A",,,,,,2400,2,"-","E","A","LINCOLN RD","BUNCE RD",0,,"Y","2016-02-22",5102,"2016-02-04",2148,"4089","5102","5","4","0","0",,"0","004","-","N",,0,0,,,0,,,,"Y",2,"A","-",22107,,"N","A","H","-","C","D","0","Y","A","08",0,0,1,0,0,0,0,0,0,"-","-","YUBA CITY","SUTTER","CA",0,0
"7187928",-121.6208132,39.144815,2016,"5102","0","3","3","08",0,2,"A",,,,,,900,2,"A","C","A","LIVE OAK BL","BIRD ST",0,,"Y","2016-02-22",5102,"2016-02-03",705,"4094","5102","5","4","0","0",,"0","005","-","N",,0,0,,,0,,,,"Y",2,"A","-",22107,,"N","A","H","-","A","D","0","Y","A","01",0,1,1,0,0,0,0,0,0,"-","-","YUBA CITY","SUTTER","CA",0,0
"7187924",-121.6485032,39.1403751,2016,"5102","0","1","4","09",0,1,"A",,,,,,1800,2,"D","C","A","THARP RD","SIERRA AV",0,,"Y","2016-02-22",5102,"2016-02-01",1729,"4068","5102","5","4","0","0",,"0","001","-","N",,0,0,,,0,,,,"Y",2,"A","-",21804,"A","N","A","H","-","B","A","0","Y","A","07",0,0,1,0,0,0,0,0,0,"-","-","YUBA CITY","SUTTER","CA",0,0
"7187369",-121.629897,39.1324789,2016,"5102","0","5","3","01",0,2,"A",,,,,,300,2,"E","I","A","GRAY AV","BRIDGE ST",56,"N","N","2016-09-08",5102,"2016-02-12",207,"4089","5102","5","4","0","0",,"0","004","-","N",,0,0,,,0,,,,"Y",1,"A","-",23152,"A","N","A","H","-","C","D","0","Y","A","01",0,1,1,0,0,0,0,0,0,"-","-","YUBA CITY","SUTTER","CA",0,0
"7187361",-121.65516,39.1415568,2016,"5102","0","2","4","03",0,1,"A",,,,,,1800,2,"C","C","A","RT 20","HARTER PKWY",80,"E","N","2017-02-11",5102,"2016-02-16",1618,"9003","SUTTE","5","4","0","0",,"0","001","-","Y","SUT",3,20,"-","-",14.49,"H","-","W","N",2,"A","-",22350,,"N","A","H","-","A","A","0","Y","A","01",0,0,1,0,0,0,0,0,0,"-","-","YUBA CITY","SUTTER","CA",0,0
"7181007",-121.6057871,39.1351013,2016,"5102","0","2","4","08",0,1,"A",,,,,,1500,2,"D","C","A","2ND ST","C ST",50,"S","N","2016-02-24",5102,"2016-02-02",1236,"4056","PATRO","5","4","0","0",,"0","004","-","N",,0,0,,,0,,,,"Y",2,"A","-",22107,,"N","A","H","-","A","D","0","Y","A","01",0,0,1,0,0,0,0,0,0,"-","-","YUBA CITY","SUTTER","CA",0,0
"7180088",-121.6302232,39.1439351,2016,"5102","0","6","3","00",0,3,"A",,,,,,1200,1,"D","D","A","AINSLEY AV","GRAY AV",0,,"Y","2016-02-11",5102,"2016-01-30",934,"4094","5102","5","4","0","0",,"0","003","-","N",,0,0,,,0,,,,"Y",2,"D","-",0,,"N","A","H","-","A","A","0","Y","-","-",0,1,2,0,0,0,0,0,0,"-","-","YUBA CITY","SUTTER","CA",0,0
"7180084",-121.662629,39.1271443,2016,"5102","0","4","3","08",0,5,"B",,,,,,1800,1,"D","C","A","FRANKLIN AV","EL MARGARITA",47,"W","N","2016-02-11",5102,"2016-01-28",1513,"4083","5102","5","4","0","0",,"0","001","-","N",,0,0,,,0,,,,"Y",2,"A","-",22103,,"N","A","H","-","A","D","0","Y","A","01",0,1,4,0,0,0,0,0,0,"-","-","YUBA CITY","SUTTER","CA",0,0
"7179958",-121.6482625,39.1416804,2016,"5102","0","5","4","03",0,1,"C",,,,,,1200,1,"C","C","A","RT 20","THARP RD",30,"E","N","2017-02-11",5102,"2016-01-29",1017,"4079",,"5","4","0","0",,"0","001","-","Y","SUT",3,20,"-","R",14.86,"H","-","W","N",2,"A","-",22350,,"N","B","H","-","A","A","0","Y","D","22",0,0,1,0,0,0,0,0,0,"-","-","YUBA CITY","SUTTER","CA",0,0
"7179954",-121.6211239,39.141332,2016,"5102","0","3","3","12",0,1,"A",,"Y",,,,600,1,"D","G","A","RT 20","OLIVE ST",0,,"Y","2017-02-11",5102,"2016-01-27",543,"4022",,"5","4","0","0",,"0","003","-","Y","SUT",3,20,"-","-",16.33,"I","5","E","N",2,"A","-",21453,"A","N","A","H","-","A","A","0","Y","L","04",0,1,0,0,0,0,1,0,0,"-","-","YUBA CITY","SUTTER","CA",0,0
"7179950",-121.6163469,39.1053705,2016,"5102","0","4","3","09",0,1,"B",,,,,,1800,1,"D","C","A","GARDEN HWY","TEESDALE AV",800,"S","N","2016-08-26",5102,"2016-01-28",1518,"4078","5102","5","4","0","0",,"0","005","-","N",,0,0,,,0,,,,"Y",2,"A","-",21804,"A","N","B","H","-","A","D","0","Y","A","08",0,1,0,0,0,0,0,0,0,"-","-","YUBA CITY","SUTTER","CA",0,0
"7174752",-121.6345303,39.127023,2016,"5102","0","7","4","00",0,1,"C",,,,,,1800,1,"C","C","A","RT 99","FRANKLIN RD",6,"S","N","2017-02-10",5102,"2016-01-17",1635,"9003","SUTTE","5","4","0","0",,"0","002","-","Y","SUT",3,99,"-","-",29.66,"H","-","N","N",2,"A","-",22350,"A","N","B","H","-","B","A","0","Y","A","01",0,0,1,0,0,0,0,0,0,"-","-","YUBA CITY","SUTTER","CA",0,0
"7174608",-121.6832585,39.1589416,2016,"5102","0","6","4","18",0,1,"A",,,,,,1500,1,"B","C","A","BUTTE HOUSE RD","N TOWNSHIP RD",1650,"E","N","2016-02-05",5102,"2016-01-23",1240,"4094","5102","5","4","0","0",,"0","001","-","N",,0,0,,,0,,,,"Y",2,"C","-",0,,"N","A","H","-","A","D","0","Y","-","-",0,0,1,0,0,0,0,0,0,"-","-","YUBA CITY","SUTTER","CA",0,0
"7174604",-121.6233432,39.132545,2016,"5102","0","6","4","12",0,3,"B",,,,,,1500,1,"D","C","A","BRIDGE ST","COOPER AV",0,,"Y","2016-02-05",5102,"2016-01-23",1209,"4079","5102","5","4","0","0",,"0","004","-","N",,0,0,,,0,,,,"Y",2,"A","-",21453,"A","N","A","H","-","A","A","0","Y","A","01",0,0,3,0,0,0,0,0,0,"-","-","YUBA CITY","SUTTER","CA",0,0
"7174600",-121.6300633,39.1380214,2016,"5102","0","6","4","10",0,1,"A","Y",,,,"Y",1800,1,"G","B","B","GRAY AV","FORBES AV",5,"S","N","2016-02-05",5102,"2016-01-23",1748,"4075","SUTTE","5","4","0","0",,"0","004","-","N",,0,0,,,0,,,,"N",2,"A","-",21950,"A","N","A","H","-","B","D","0","Y","A","07",0,0,1,0,1,0,0,0,0,"-","-","YUBA CITY","SUTTER","CA",0,0
"7174488",-121.6127642,39.1362216,2016,"5102","0","4","4","03",0,1,"B",,,,,,1800,1,"C","C","A","BRIDGE ST","SHASTA ST",300,"E","N","2016-02-10",5102,"2016-01-21",1715,"4075","SUTTE","5","4","0","0",,"0","004","-","N",,0,0,,,0,,,,"Y",3,"A","-",22350,,"N","A","H","-","B","D","0","Y","A","01",0,0,1,0,0,0,0,0,0,"-","-","YUBA CITY","SUTTER","CA",0,0
"7174484",-121.6477189,39.1416935,2016,"5102","0","3","4","03",0,1,"A",,,,,,1800,1,"C","C","A","RT 20","THARP RD",200,"E","N","2017-02-11",5102,"2016-01-20",1736,"4073","5102","5","4","0","0",,"0","002","-","Y","SUT",3,20,"-","R",14.89,"H","-","W","Y",3,"A","-",22350,,"N","A","H","-","C","D","0","Y","-",,0,0,1,0,0,0,0,0,0,"-","-","YUBA CITY","SUTTER","CA",0,0
"7169599",-121.6276931,39.1439551,2016,"5102","0","1","4","12",0,1,"C",,,,,,1200,1,"D","C","A","AINSLEY","STAFFORD WY",0,,"Y","2016-01-28",5102,"2016-01-04",1039,"4083","5102","5","4","0","0",,"0","003","-","N",,0,0,,,0,,,,"Y",2,"A","-",22450,"A","N","B","H","-","A","A","0","Y","A","01",0,0,1,0,0,0,0,0,0,"-","-","YUBA CITY","SUTTER","CA",0,0
"7169528",-121.6539784,39.1272014,2016,"5102","0","3","4","03",0,1,"B",,,,,,900,1,"C","C","A","FRANKLIN RD","HARDING RD",200,"W","N","2016-01-28",5102,"2016-01-13",756,"4079","5102","5","4","0","0",,"0","002","-","N",,0,0,,,0,,,,"N",2,"A","-",22350,,"N","A","H","-","A","D","0","Y","A","01",0,0,1,0,0,0,0,0,0,"-","-","YUBA CITY","SUTTER","CA",0,0
"7169520",-121.6099834,39.1404524,2016,"5102","0","4","4","09",0,2,"A",,,,,,1200,1,"B","C","A","SUTTER ST","TEEGARDEN AV",27,"N","N","2016-02-01",5102,"2016-01-21",1013,"4083","5102","5","4","0","0",,"0","003","-","N",,0,0,,,0,,,,"Y",2,"A","-",21804,"A","N","A","H","-","A","D","0","Y","A","01",0,0,2,0,0,0,0,0,0,"-","-","YUBA CITY","SUTTER","CA",0,0
"7169524",-121.6422211,39.1475424,2016,"5102","0","7","4","08",0,1,"A",,,,,,1500,1,"D","C","A","BUTTE HOUSE RD","STABLER LN",540,"E","N","2016-01-28",5102,"2016-01-10",1403,"4058","5102","5","4","0","0",,"0","002","-","N",,0,0,,,0,,,,"Y",2,"A","-",22107,,"N","A","H","-","A","D","0","Y","A","01",0,0,1,0,0,0,0,0,0,"-","-","YUBA CITY","SUTTER","CA",0,0