"CASEID","POINT_X","POINT_Y","YEAR_","LOCATION","CHPTYPE","DAYWEEK","CRASHSEV","VIOLCAT","KILLED","INJURED","WEATHER1","PEDCOL","BICCOL","MCCOL","TRUCKCOL","ETOH","TIMECAT","MONTH_","CRASHTYP","INVOLVE","PED","PRIMARYRD","SECONDRD","DISTANCE","DIRECT","INTERSECT_","PROCDATE","JURIS","DATE_","TIME_","BADGE","JURIDIST","SHIFT","POP","SPECIAL","BEATTYPE","LAPDDIV","BEATCLAS","BEATNUMB","WEATHER2","STATEHW","CALTRANC","CALTRAND","STROUTE","ROUTESUF","POSTPRE","POSTMILE","LOCATYPE","RAMP","SIDEHW","TOWAWAY","PARTIES","PCF","VIOLCODE","VIOL","VIOLSUB","HITRUN","ROADSURF","RDCOND1","RDCOND2","LIGHTING","RIGHTWAY","CHPRDTYP","NOTPRIV","STFAULT","CHPFAULT","SEVINJ","OTHERINJ","COP","PEDKILL","PEDINJ","BICKILL","BICINJ","MCKILL","MCINJURE","RAMP1","RAMP2","CITY","COUNTY","STATE","X_CHP","Y_CHP"
"7169498",-121.6440112,39.1454009,2016,"5102","0","3","4","09",0,1,"A",,,,,,1500,1,"D","C","A","STABLER LN","POOLE BL",257,"N","N","2016-02-26",5102,"2016-01-13",1256,"4083","5102","5","4","0","0",,"0","002","-","N",,0,0,,,0,,,,"Y",2,"A","-",21801,"A","N","A","H","-","A","D","0","Y","A","01",0,0,1,0,0,0,0,0,0,"-","-","YUBA CITY","SUTTER","CA",0,0
"7161111",-121.6345383,39.127167,2016,"5102","0","2","4","03",0,1,"B",,,,,,1800,1,"C","C","A","FRANKLIN AV","RT 99",37,"E","N","2017-02-10",5102,"2016-01-05",1513,"4083","5102","5","4","0","0",,"0","002","-","Y","SUT",3,99,"-","-",29.67,"I","6","N","N",2,"A","-",22350,,"N","B","H","-","A","D","0","Y","I","11",0,0,1,0,0,0,0,0,0,"-","-","YUBA CITY","SUTTER","CA",0,0
"7161107",-121.6287816,39.1322751,2016,"5102","0","5","3","08",0,1,"A",,"Y",,,,1500,1,"B","G","A","BRIDGE ST","BROWN AV",43,"E","N","2016-01-26",5102,"2016-01-08",1430,"4094","5102","5","4","0","0",,"0","005","-","N",,0,0,,,0,,,,"N",2,"A","-",22107,,"N","A","H","-","A","D","0","Y","L","04",0,1,0,0,0,0,1,0,0,"-","-","YUBA CITY","SUTTER","CA",0,0
"7161085",-121.6281432,39.1272451,2016,"5102","0","3","4","04",0,1,"C",,,,,,1800,1,"C","C","A","FRANKLIN AV","BROWN AV",0,,"Y","2016-01-25",5102,"2016-01-06",1711,"481","5102","5","4","0","0",,"0","004","-","N",,0,0,,,0,,,,"Y",4,"A","-",21703,,"N","B","H","-","C","D","0","Y","A","07",0,0,1,0,0,0,0,0,0,"-","-","YUBA CITY","SUTTER","CA",0,0
"7161049",-121.6206933,39.1485842,2016,"5102","0","1","4","03",0,2,"A",,,,,,1500,1,"C","C","A","LIVE OAK BL","LYNN WY",47,"N","N","2016-01-25",5102,"2016-01-11",1410,"4083","5102","5","4","0","0",,"0","003","-","N",,0,0,,,0,,,,"N",2,"A","-",22350,,"N","A","H","-","A","D","0","Y","A","01",0,0,2,0,0,0,0,0,0,"-","-","YUBA CITY","SUTTER","CA",0,0
"6350464",-121.6407581,39.1418321,2016,"5102","0","5","4","09",0,1,"B",,,,,,1500,3,"D","C","A","RT 20","CIVIC CENTER BL",250,"W","N","2017-02-11",5102,"2016-03-04",1359,"448","5102","5","4","0","0",,"0","002","C","Y","SUT",3,20,"-","R",15.27,"H","-","W","Y",2,"A","-",21804,"A","N","B","H","-","A","D","0","Y","D","22",0,0,1,0,0,0,0,0,0,"-","-","YUBA CITY","SUTTER","CA",0,0
"90108213",0,0,2015,"5100","3","6","1","01",1,2,"A",,,,,"Y",1800,10,"E","I","A","STATE ROUTE 99 N/B","HUTCHINSON ROAD",0,,"Y","2016-02-03",9285,"2015-10-31",1700,"017272",,"2","9","0","1",,"1","051","-","Y",,0,0,,,0,,,,"Y",3,"A","-",23152,"A","N","A","H","-","A","A","0","Y","A","01",2,0,0,0,0,0,0,0,0,"-","-","UNINCORPORATED","SUTTER","CA",-121.6346,39.04001
"90108153",-121.6697589,39.2973316,2015,"5100","3","5","4","03",0,2,"C",,,,,,1800,12,"C","C","A","RT 99","RIVIERA RD",1584,"S","N","2016-02-03",9285,"2015-12-18",1520,"015048",,"2","9","0","1",,"1","071","-","Y",,0,0,,,0,,,,"Y",2,"A","-",22350,,"N","B","H","-","A","D","0","Y","D","22",0,0,2,0,0,0,0,0,0,"-","-","UNINCORPORATED","SUTTER","CA",-121.66973,39.29747
"90106692",0,0,2015,"5100","3","4","1","09",1,0,"A",,,,"Y",,1800,11,"D","C","A","SR 99 (NORTHBOUND) ","OSWALD ROAD",1056,"S","N","2016-02-01",9285,"2015-11-19",1740,"15048",,"2","9","0","1",,"1","051","-","Y",,0,0,,,0,,,,"Y",2,"A","-",21804,"B","N","A","H","-","C","D","0","Y","A","01",0,0,0,0,0,0,0,0,0,"-","-","UNINCORPORATED","SUTTER","CA",-121.63347,39.06658
"90093417",-121.6392705,39.18984,2015,"5100","5","5","4","06",0,1,"B",,,,,,1200,12,"D","C","A","EAGER ROAD","RT 99",1056,"W","N","2016-01-12",9285,"2015-12-18",910,"15048",,"1","9","0","3",,"1","007","-","N",,0,0,,,0,,,,"N",2,"A","-",21750,,"N","A","H","-","A","D","0","Y","A","07",0,0,1,0,0,0,0,0,0,"-","-","UNINCORPORATED","SUTTER","CA",-121.63921,39.18978
"90089999",-121.8291233,39.147535,2015,"5100","3","1","2","06",0,1,"A",,,,,,900,11,"F","A","A","SR-20","WEST BUTTE RD",0,,"N","2016-01-07",9285,"2015-11-16",850,"015976",,"1","9","0","1",,"1","072","-","Y",,0,0,,,0,,,,"Y",2,"A","-",21751,,"F","A","H","-","A","D","0","Y","-","99",1,0,0,0,0,0,0,0,0,"-","-","UNINCORPORATED","SUTTER","CA",0,0
"90085510",-121.6344032,39.0983051,2015,"5100","3","4","2","12",0,2,"B",,,,,,600,12,"D","C","A","STATE ROUTE 99","BOGUE ROAD",0,,"Y","2015-12-30",9285,"2015-12-24",539,"014744",,"3","9","0","1",,"1","051","C","Y",,0,0,,,0,,,,"Y",3,"A","-",21453,"A","N","B","H","-","C","A","0","Y","A","01",1,0,1,0,0,0,0,0,0,"-","-","UNINCORPORATED","SUTTER","CA",-121.63434,39.09877
"90084936",0,0,2015,"5100","5","4","4","12",0,1,"B",,,,"Y",,1500,12,"E","J","A","PEASE ROAD","TOWNSHIP ROAD",28,"W","N","2015-12-30",9285,"2015-12-24",1325,"014744",,"1","9","0","3",,"1","007","-","N",,0,0,,,0,,,,"Y",2,"A","-",22450,"A","N","A","H","-","A","D","0","Y","A","01",0,0,1,0,0,0,0,0,0,"-","-","UNINCORPORATED","SUTTER","CA",-121.68871,39.17044
"90083199",-121.6889632,39.1414351,2015,"5100","3","7","3","01",0,1,"B",,,,,"Y",900,12,"B","C","A","SR-20","TOWNSHIP ROAD",0,,"N","2015-12-28",9285,"2015-12-13",625,"016343",,"1","9","0","1",,"1","072","-","Y",,0,0,,,0,,,,"Y",2,"A","-",23152,"A","N","B","H","-","D","A","0","Y","D","22",0,1,0,0,0,0,0,0,0,"-","-","UNINCORPORATED","SUTTER","CA",-121.68873,39.14116
"90081836",-121.8486282,39.1427933,2015,"5100","3","3","4","01",0,2,"B",,,,,"Y",2100,12,"C","C","A","EASTBOUND STATE ROUTE 20","SOUTH TARKE ROAD",1700,"W","N","2015-12-24",9285,"2015-12-09",2055,"017534",,"2","9","0","1",,"1","072","-","Y",,0,0,,,0,,,,"Y",2,"A","-",23152,"A","F","B","H","-","D","D","0","Y","A","07",0,0,2,0,0,0,0,0,0,"-","-","UNINCORPORATED","SUTTER","CA",-121.85305,39.14288
"90081492",-121.6067213,38.7816101,2015,"5100","5","5","4","03",0,1,"A",,,,,,2100,12,"B","I","A","GARDEN HWY","SANKEY RD",1381,"N","N","2015-12-23",9285,"2015-12-11",2012,"018636",,"2","9","0","3",,"1","001","-","N",,0,0,,,0,,,,"Y",1,"A","-",22350,,"N","A","H","-","C","D","0","Y","A","01",0,0,1,0,0,0,0,0,0,"-","-","UNINCORPORATED","SUTTER","CA",-121.60373,38.78053
"90081413",-121.6384119,39.1181751,2015,"5100","5","7","3","22",0,1,"C",,,,,,1800,12,"E","J","A","RICHLAND ROAD","LITTLEJOHN ROAD",528,"E","N","2015-12-23",9285,"2015-12-06",1650,"15048",,"2","9","0","3",,"1","005","-","N",,0,0,,,0,,,,"Y",1,"B","-",0,,"N","B","H","-","C","D","0","Y","J","48",0,1,0,0,0,0,0,0,0,"-","-","UNINCORPORATED","SUTTER","CA",-121.63797,39.11827
"90081279",-121.5043814,38.7946576,2015,"5100","5","5","1","12",1,0,"A",,,,,,900,10,"H","F","A","KEYS ROAD","NATOMAS ROAD",1584,"E","N","2015-12-23",9285,"2015-10-23",843,"014744",,"1","9","0","3",,"1","001","-","N",,0,0,,,0,,,,"Y",2,"A","-",22451,"A","N","A","H","-","A","D","0","Y","D","22",0,0,0,0,0,0,0,0,0,"-","-","UNINCORPORATED","SUTTER","CA",-121.5008,38.79463
"90080932",-121.7725928,39.1570342,2015,"5100","5","1","4","08",0,1,"A",,,,,,900,12,"B","C","A","S. BUTTE RD","IRWIN AVE",2720,"W","N","2015-12-23",9285,"2015-12-14",815,"016343",,"1","9","0","3",,"1","007","-","N",,0,0,,,0,,,,"Y",2,"A","-",22107,,"N","A","H","-","A","D","0","Y","A","07",0,0,1,0,0,0,0,0,0,"-","-","UNINCORPORATED","SUTTER","CA",-121.77254,39.15715
"90079457",-121.6346021,39.12184,2015,"5100","3","1","4","08",0,1,"A",,,,,,1500,12,"C","C","A","SR-99","HUNN ROAD",20,"N","N","2015-12-21",9285,"2015-12-14",1250,"014793",,"1","9","0","1",,"1","051","-","Y",,0,0,,,0,,,,"Y",4,"A","-",22107,,"N","A","H","-","A","A","0","Y","A","01",0,0,1,0,0,0,0,0,0,"-","-","UNINCORPORATED","SUTTER","CA",-121.63459,39.12203
"90079412",0,0,2015,"5100","3","5","3","08",0,1,"A",,,,"Y",,900,12,"A","C","A","STATE ROUTE 20","SOUTHRIDGE BLVD.",2371,"E","N","2015-12-21",9285,"2015-12-11",810,"014744",,"1","9","0","1",,"1","072","B","Y",,0,0,,,0,,,,"Y",3,"A","-",22107,,"N","A","H","-","A","D","0","Y","A","07",0,1,0,0,0,0,0,0,0,"-","-","UNINCORPORATED","SUTTER","CA",-121.78779,39.14825
"90076550",-121.4919701,38.8239883,2015,"5100","5","1","3","08",0,1,"A",,,,,,2400,12,"F","A","A","HOWSLEY ROAD","PLEASANT GROVE ROAD",1056,"W","N","2015-12-17",9285,"2015-12-14",2242,"017080",,"3","9","0","3",,"1","001","-","N",,0,0,,,0,,,,"Y",1,"A","-",22107,,"N","A","H","-","D","D","0","Y","A","01",0,1,0,0,0,0,0,0,0,"-","-","UNINCORPORATED","SUTTER","CA",-121.4922,38.82394
"90072288",-121.6332036,39.0566749,2015,"5100","3","2","4","03",0,3,"B",,,,,,2400,12,"C","C","A","NORTHBOUND STATE ROUTE 99","MESSICK RD",2112,"N","N","2015-12-14",9285,"2015-12-08",2240,"017534",,"3","9","0","1",,"1","051","-","Y",,0,0,,,0,,,,"Y",2,"A","-",22350,,"N","B","H","-","D","D","0","Y","D","22",0,0,3,0,0,0,0,0,0,"-","-","UNINCORPORATED","SUTTER","CA",-121.63339,39.05633
"90069732",-121.6066697,39.0755741,2015,"5100","4","4","3","03",0,2,"B",,,,,,1800,12,"E","I","A","GARDEN HIGHWAY","BARRY ROAD",528,"S","N","2015-12-10",9285,"2015-12-03",1500,"014744",,"2","9","0","2",,"1","052","C","N",,0,0,,,0,,,,"Y",1,"A","-",22350,,"N","B","H","-","A","D","0","Y","A","07",0,2,0,0,0,0,0,0,0,"-","-","UNINCORPORATED","SUTTER","CA",-121.60651,39.07623
"90068600",0,0,2015,"5100","5","1","4","03",0,1,"B",,,,,,900,12,"C","C","A","E. BUTTE ROAD","CLARK RD",3168,"S","N","2015-12-09",9285,"2015-12-07",735,"016343",,"1","9","0","3",,"1","007","-","N",,0,0,,,0,,,,"N",2,"A","-",22350,,"N","B","H","-","A","D","0","Y","D","22",0,0,1,0,0,0,0,0,0,"-","-","UNINCORPORATED","SUTTER","CA",-121.71801,39.22579
"90067040",-121.7155215,38.8099968,2015,"5100","3","3","1","06",1,1,"E",,,,"Y",,900,11,"A","C","A","STATE ROUTE 113","KNIGHTS ROAD",2772,"N","N","2015-12-07",9285,"2015-11-11",609,"013174",,"1","9","0","1",,"2","031","-","Y",,0,0,,,0,,,,"Y",5,"A","-",21751,,"N","B","H","-","D","D","0","Y","A","01",0,1,0,0,0,0,0,0,0,"-","-","UNINCORPORATED","SUTTER","CA",-121.71596,38.8488
"90066454",-121.7139526,38.8074676,2015,"5100","5","3","2","03",0,1,"A",,,,,,2400,12,"E","I","A","KNIGHTS RD","ENSLEY RD",194,"N","N","2015-12-07",9285,"2015-12-02",2143,"018522",,"2","9","0","3",,"1","003","-","N",,0,0,,,0,,,,"Y",1,"A","-",22350,,"N","A","H","-","D","D","0","Y","A","07",1,0,0,0,0,0,0,0,0,"-","-","UNINCORPORATED","SUTTER","CA",-121.7138,38.80796
"90064939",0,0,2015,"5100","3","4","2","01",0,5,"A",,,,,"Y",2400,11,"D","C","A","SR-70 N/B","KEMPTON ROAD",0,,"Y","2015-12-03",9285,"2015-11-26",2315,"018522",,"3","9","0","1",,"1","010","-","Y",,0,0,,,0,,,,"Y",2,"A","-",23153,"A","N","A","H","-","C","A","0","Y","A","07",1,0,4,0,0,0,0,0,0,"-","-","UNINCORPORATED","SUTTER","CA",-121.54358,38.95402
"90064765",-121.5491489,38.9429608,2015,"5100","5","3","2","18",0,1,"A",,,,,,1500,11,"F","A","A","MARK HOPKINS AVENUE","BERRY ROAD ",2112,"S","N","2015-12-03",9285,"2015-11-25",1350,"015069",,"1","9","0","3",,"1","001","-","N",,0,0,,,0,,,,"N",1,"C","-",0,,"N","A","H","-","A","D","0","Y","-","-",1,0,0,0,0,0,0,0,0,"-","-","UNINCORPORATED","SUTTER","CA",-121.54842,38.94299
"90062043",-121.4877932,38.907595,2015,"5100","5","3","3","03",0,1,"A",,,,,,2100,11,"E","A","A","NICOLAUS AVE","PLEASANT GROVE RD",0,,"Y","2015-11-30",9285,"2015-11-25",1810,"017534",,"2","9","0","3",,"1","001","-","N",,0,0,,,0,,,,"Y",1,"A","-",22350,,"N","A","H","-","D","D","0","Y","A","07",0,1,0,0,0,0,0,0,0,"-","-","UNINCORPORATED","SUTTER","CA",-121.48784,38.90759
"90062023",-121.6603099,39.2372032,2015,"5100","5","7","4","00",0,1,"A",,"Y",,,,1800,11,"B","G","A","LARKIN ROAD","CLARK ROAD",1584,"N","N","2015-11-30",9285,"2015-11-29",1725,"014793",,"2","9","0","3",,"1","007","-","N",,0,0,,,0,,,,"N",2,"A","-",21760,"C","F","A","H","-","D","D","0","Y","A","07",0,0,1,0,0,0,1,0,0,"-","-","UNINCORPORATED","SUTTER","CA",-121.66001,39.23682
"90061810",0,0,2015,"5100","5","1","4","05",0,1,"A",,,,,,2400,11,"F","A","A","TIERRA BUENA RD","LARKIN RD",600,"W","N","2015-11-30",9285,"2015-11-23",2325,"017534",,"3","9","0","3",,"1","007","-","N",,0,0,,,0,,,,"Y",1,"A","-",21650,,"N","A","H","-","D","D","0","Y","A","01",0,0,1,0,0,0,0,0,0,"-","-","UNINCORPORATED","SUTTER","CA",-121.66176,39.18939
"90061117",-121.832355,39.1567096,2015,"5100","5","1","4","08",0,1,"B",,,,,,900,11,"F","I","A","W. BUTTE RD.","SOUTH BUTTE RD",2112,"N","N","2015-11-30",9285,"2015-11-02",710,"015976",,"1","9","0","3",,"1","007","C","N",,0,0,,,0,,,,"Y",1,"A","-",22107,,"N","B","H","-","A","D","0","Y","A","07",0,0,1,0,0,0,0,0,0,"-","-","UNINCORPORATED","SUTTER","CA",-121.83155,39.15692
"90058882",-121.6712432,39.3015251,2015,"5100","3","5","4","09",0,1,"A",,,,,,600,10,"A","C","A","SR-99","LIVE OAK BLVD",0,,"Y","2015-11-24",9285,"2015-10-30",510,"018522",,"3","9","0","1",,"1","071","-","Y",,0,0,,,0,,,,"Y",2,"A","-",21801,"A","N","A","H","-","C","D","0","Y","D","22",0,0,1,0,0,0,0,0,0,"-","-","UNINCORPORATED","SUTTER","CA",-121.64129,39.21791
"90058404",-121.7538395,39.1520953,2015,"5100","5","6","4","08",0,1,"A",,,,,,600,10,"E","I","A","ACACIA AVENUE ","MARSHALL STREET",1056,"S","N","2015-11-24",9285,"2015-10-31",340,"019144",,"3","9","0","3",,"1","007","-","N",,0,0,,,0,,,,"Y",1,"A","-",22107,,"M","A","H","-","D","D","0","Y","A","01",0,0,1,0,0,0,0,0,0,"-","-","UNINCORPORATED","SUTTER","CA",-121.75386,39.14866
"90058174",0,0,2015,"5100","3","7","4","08",0,1,"A",,,,,,2100,11,"E","I","A","SR-113 S/B","EVERGLADE RD",2640,"S","N","2015-11-24",9285,"2015-11-22",1901,"018636",,"2","9","0","1",,"2","031","-","N",,0,0,,,0,,,,"Y",1,"A","-",22107,,"N","A","H","-","D","D","0","Y","A","01",0,0,1,0,0,0,0,0,0,"-","-","UNINCORPORATED","SUTTER","CA",-121.672,38.97429
"90057550",-121.6529368,39.2518563,2015,"5100","3","5","4","03",0,1,"A",,,,,,900,11,"C","C","A","RT 99","PASEO AVENUE",715,"N","N","2015-11-23",9285,"2015-11-13",615,"15048",,"1","9","0","1",,"1","071","-","Y",,0,0,,,0,,,,"Y",2,"A","-",22350,,"N","A","H","-","B","D","0","Y","D","22",0,0,1,0,0,0,0,0,0,"-","-","UNINCORPORATED","SUTTER","CA",-121.65308,39.25201
"90057512",-121.4785355,38.9802206,2015,"5100","5","2","3","01",0,1,"A",,,,"Y","Y",2100,10,"E","I","A","BEAR RIVER DRIVE","JACKSON RD",2682,"W","N","2015-11-23",9285,"2015-10-20",2034,"017534",,"2","9","0","3",,"1","001","-","N",,0,0,,,0,,,,"Y",2,"A","-",23152,"A","N","A","H","-","D","D","0","Y","A","07",0,1,0,0,0,0,0,0,0,"-","-","UNINCORPORATED","SUTTER","CA",-121.47866,38.98024
"90057310",-121.7262332,39.1420351,2015,"5100","3","7","4","09",0,2,"C",,,,,,900,11,"D","C","A","HUMPHREY ROAD","RT 20",0,,"Y","2015-11-23",9285,"2015-11-08",845,"015048",,"1","9","0","1",,"1","072","-","Y",,0,0,,,0,,,,"Y",2,"A","-",21802,"A","N","B","H","-","A","A","0","Y","A","08",0,0,2,0,0,0,0,0,0,"-","-","UNINCORPORATED","SUTTER","CA",-121.72623,39.142
"90054225",-121.6053932,38.974565,2015,"5100","3","7","4","12",0,2,"B",,,,,,1200,11,"D","C","A","SR-99","WILSON AVE",0,,"Y","2015-11-19",9285,"2015-11-15",942,"013174","9285","1","9","0","1",,"1","011","C","Y",,0,0,,,0,,,,"Y",3,"A","-",21453,"A","N","B","H","-","A","A","0","Y","A","07",0,0,2,0,0,0,0,0,0,"-","-","UNINCORPORATED","SUTTER","CA",-121.60982,38.97497
"90054214",-121.6630941,38.9089051,2015,"5100","5","6","3","08",0,2,"A",,,,,,1500,11,"E","I","A","KIRKVILLE ROAD ","ARMOUR ROAD",2640,"E","N","2015-11-19",9285,"2015-11-07",1312,"015069",,"1","9","0","3",,"1","003","-","N",,0,0,,,0,,,,"Y",2,"A","-",22100,"B","F","A","H","-","A","D","0","Y","D","22",0,2,0,0,0,0,0,0,0,"-","-","UNINCORPORATED","SUTTER","CA",-121.66274,38.90888
"90054040",-121.6344615,39.096246,2015,"5100","3","7","4","08",0,3,"B",,,,,,1200,11,"F","I","A","SR-99","BOGUE RD",750,"S","N","2015-11-19",9285,"2015-11-01",925,"015976",,"1","9","0","1",,"1","051","C","Y",,0,0,,,0,,,,"Y",1,"A","-",22107,,"N","B","H","-","A","D","0","Y","A","01",0,0,3,0,0,0,0,0,0,"-","-","UNINCORPORATED","SUTTER","CA",-121.6347,39.09528
"90052791",-121.6332132,39.0581248,2015,"5100","3","2","3","08",0,1,"A",,,,,,1500,11,"E","I","A","SR-99","MESSICK ROAD",2640,"N","N","2015-11-17",9285,"2015-11-10",1220,"014793",,"1","9","0","1",,"1","051","-","Y",,0,0,,,0,,,,"Y",1,"A","-",22107,,"N","A","H","-","A","D","0","Y","A","01",0,1,0,0,0,0,0,0,0,"-","-","UNINCORPORATED","SUTTER","CA",-121.63336,39.05821
"90052328",-121.6987569,38.8049433,2015,"5100","5","7","3","08",0,1,"B",,,,,,1500,11,"E","I","A","KARNAK RD","ENSLEY ROAD",911,"S","N","2015-11-17",9285,"2015-11-15",1450,"013174","9285","2","9","0","3",,"1","003","-","N",,0,0,,,0,,,,"Y",1,"A","-",22107,,"N","A","H","-","A","D","0","Y","D","22",0,1,0,0,0,0,0,0,0,"-","-","UNINCORPORATED","SUTTER","CA",-121.69826,38.80452
"90049178",-121.6363177,39.2052745,2015,"5100","4","2","1","00",1,0,"A",,"Y",,,,1800,9,"C","G","A","LIVE OAK BOULEVARD","MORSE ROAD",2376,"S","N","2015-11-12",9285,"2015-09-08",1738,"013966",,"2","9","0","2",,"1","073","-","N",,0,0,,,0,,,,"Y",2,"A","-",21760,,"N","A","H","-","A","D","0","Y","A","01",0,0,0,0,0,1,0,0,0,"-","-","UNINCORPORATED","SUTTER","CA",-121.38805,39.12135
"90048082",-121.7644331,39.1828441,2015,"5100","5","1","3","08",0,1,"A",,,"Y",,,1800,10,"E","I","A","PASS RD","ACACIA AVENUE ",4752,"W","N","2015-11-10",9285,"2015-10-26",1610,"015976",,"2","9","0","3",,"1","007","-","N",,0,0,,,0,,,,"Y",1,"A","-",22107,,"N","A","H","-","A","D","0","Y","C","02",0,1,0,0,0,0,0,0,1,"-","-","UNINCORPORATED","SUTTER","CA",-121.76651,39.18442
"90047865",-121.6534732,39.0398351,2015,"5100","5","1","1","09",1,1,"A",,,,,,1200,8,"D","C","A","CARLSON RD","HUTCHINSON RD",0,,"Y","2015-11-10",9285,"2015-08-31",945,"014401",,"1","9","0","3",,"1","005","-","N",,0,0,,,0,,,,"Y",2,"A","-",21802,"A","N","A","H","-","A","A","0","Y","A","01",1,0,0,0,0,0,0,0,0,"-","-","UNINCORPORATED","SUTTER","CA",-121.6534,39.03985
"90047584",-121.8006313,39.0706217,2015,"5100","5","1","4","02",0,1,"A",,,,,,2100,10,"C","C","A","PROGRESS RD","OSWALD RD",250,"N","N","2015-11-10",9285,"2015-10-26",1845,"018153",,"2","9","0","3",,"1","007","-","N",,0,0,,,0,,,,"Y",2,"A","-",22400,"A","N","A","H","-","D","D","0","Y","A","01",0,0,1,0,0,0,0,0,0,"-","-","UNINCORPORATED","SUTTER","CA",-121.80045,39.07035
"90042147",0,0,2015,"5100","3","6","3","08",0,2,"A",,,,,,2400,10,"E","I","A","SR-20 W/B","SOUTH BUTTE RD",528,"E","N","2015-11-02",9285,"2015-10-24",2220,"018522",,"3","9","0","1",,"1","072","-","Y",,0,0,,,0,,,,"Y",2,"A","-",22107,,"N","A","H","-","D","D","0","Y","A","01",0,1,1,0,0,0,0,0,0,"-","-","UNINCORPORATED","SUTTER","CA",-121.69653,39.14164
"90040359",-121.6420833,39.2160676,2015,"5100","3","5","4","05",0,1,"B",,,,"Y",,1200,10,"B","C","A","SR-99","ENCINAL RD",738,"S","N","2015-10-29",9285,"2015-10-23",945,"017118",,"1","9","0","1",,"1","071","-","Y",,0,0,,,0,,,,"Y",2,"A","-",21460,"A","N","A","H","-","A","D","0","Y","G","25",0,0,1,0,0,0,0,0,0,"-","-","UNINCORPORATED","SUTTER","CA",-121.6422,39.21603
"90039025",0,0,2015,"5100","4","4","4","03",0,1,"A",,,"Y",,,1800,10,"C","C","A","ARBOGA ROAD","11TH AVENUE",435,"S","N","2015-10-27",9285,"2015-10-22",1730,"017118",,"2","9","0","2",,"1","022","-","N",,0,0,,,0,,,,"N",2,"A","-",22350,,"N","A","H","-","A","D","0","Y","A","01",0,0,1,0,0,0,0,0,1,"-","-","UNINCORPORATED","SUTTER","CA",-121.56103,39.08718
"90038050",-121.6369944,39.1197363,2015,"5100","5","5","3","01",0,1,"A",,,,,"Y",600,10,"E","I","A","CAMINO CORTEZ","CORTEZ CT",19,"N","N","2015-10-26",9285,"2015-10-16",500,"019168",,"3","9","0","3",,"1","005","-","N",,0,0,,,0,,,,"Y",1,"A","-",23152,"A","M","A","H","-","C","D","0","Y","A","07",0,1,0,0,0,0,0,0,0,"-","-","UNINCORPORATED","SUTTER","CA",-121.63683,39.11876
"90035205",-121.6598449,39.0981721,2015,"5100","5","7","2","01",0,1,"A",,,,,"Y",900,10,"E","I","A","BOGUE ROAD","HOLCOMB AVENUE",690,"W","N","2015-10-21",9285,"2015-10-11",640,"15048",,"1","9","0","3",,"1","005","-","N",,0,0,,,0,,,,"Y",1,"A","-",23152,"A","N","A","H","-","B","D","0","Y","A","01",1,0,0,0,0,0,0,0,0,"-","-","UNINCORPORATED","SUTTER","CA",-121.64174,39.08853
"90035101",-121.6346031,39.121785,2015,"5100","3","2","4","09",0,2,"A",,,,,,1200,10,"D","C","A","SR-99","HUNN ROAD",0,,"Y","2015-10-21",9285,"2015-10-20",1050,"014793",,"1","9","0","1",,"1","051","-","Y",,0,0,,,0,,,,"Y",2,"A","-",21802,"A","N","A","H","-","A","A","0","Y","A","01",0,0,2,0,0,0,0,0,0,"-","-","UNINCORPORATED","SUTTER","CA",-121.63502,39.12174
"90034450",-121.6712432,39.3015251,2015,"5100","3","3","3","09",0,2,"A",,,,,,1800,10,"D","C","A","SR-99","RIVIERA ROAD",0,,"Y","2015-10-20",9285,"2015-10-14",1700,"014793",,"2","9","0","1",,"1","071","-","Y",,0,0,,,0,,,,"Y",2,"A","-",21802,"A","N","A","H","-","A","A","0","Y","A","01",0,1,1,0,0,0,0,0,0,"-","-","UNINCORPORATED","SUTTER","CA",-121.67125,39.30175
"90034437",-121.6344043,39.0984012,2015,"5100","3","3","4","21",0,1,"A",,,"Y",,,1500,10,"C","C","A","SR-99","BOGUE ROAD",35,"N","N","2015-10-20",9285,"2015-10-14",1415,"014793",,"2","9","0","1",,"1","051","-","Y",,0,0,,,0,,,,"Y",2,"A","-",22106,,"N","A","H","-","A","A","0","Y","D","22",0,0,1,0,0,0,0,0,1,"-","-","UNINCORPORATED","SUTTER","CA",-121.6349,39.09824
"90033719",0,0,2015,"5100","3","5","3","08",0,1,"A",,,,,,300,10,"F","I","A","SR-20 W/B","SOUTHRIDGE BLVD",142,"W","N","2015-10-19",9285,"2015-10-16",20,"018522",,"3","9","0","1",,"1","072","-","Y",,0,0,,,0,,,,"Y",1,"A","-",22107,,"N","A","H","-","D","D","0","Y","A","07",0,1,0,0,0,0,0,0,0,"-","-","UNINCORPORATED","SUTTER","CA",-121.79678,39.14986