"CASEID","POINT_X","POINT_Y","YEAR_","LOCATION","CHPTYPE","DAYWEEK","CRASHSEV","VIOLCAT","KILLED","INJURED","WEATHER1","PEDCOL","BICCOL","MCCOL","TRUCKCOL","ETOH","TIMECAT","MONTH_","CRASHTYP","INVOLVE","PED","PRIMARYRD","SECONDRD","DISTANCE","DIRECT","INTERSECT_","PROCDATE","JURIS","DATE_","TIME_","BADGE","JURIDIST","SHIFT","POP","SPECIAL","BEATTYPE","LAPDDIV","BEATCLAS","BEATNUMB","WEATHER2","STATEHW","CALTRANC","CALTRAND","STROUTE","ROUTESUF","POSTPRE","POSTMILE","LOCATYPE","RAMP","SIDEHW","TOWAWAY","PARTIES","PCF","VIOLCODE","VIOL","VIOLSUB","HITRUN","ROADSURF","RDCOND1","RDCOND2","LIGHTING","RIGHTWAY","CHPRDTYP","NOTPRIV","STFAULT","CHPFAULT","SEVINJ","OTHERINJ","COP","PEDKILL","PEDINJ","BICKILL","BICINJ","MCKILL","MCINJURE","RAMP1","RAMP2","CITY","COUNTY","STATE","X_CHP","Y_CHP"
"90033367",-121.6319232,39.0983251,2015,"5100","5","3","4","09",0,2,"A",,,,,,1500,10,"D","C","A","BOGUE ROAD ","PHILLIPS RD",0,,"Y","2015-10-19",9285,"2015-10-14",1440,"013174",,"2","9","0","3",,"1","005","-","N",,0,0,,,0,,,,"Y",2,"A","-",21802,"A","N","A","H","-","A","A","0","Y","A","01",0,0,2,0,0,0,0,0,0,"-","-","UNINCORPORATED","SUTTER","CA",-121.63186,39.09832
"90030960",0,0,2015,"5100","3","3","1","07",2,2,"A",,,"Y",,,2400,8,"C","C","A","SR-99 N/B","HOWSLEY RD",2640,"S","N","2015-10-19",9285,"2015-08-12",2134,"018475",,"2","9","0","1",,"1","011","-","Y",,0,0,,,0,,,,"Y",4,"A","-",21658,"A","N","A","H","-","C","D","0","Y","C","02",0,1,1,0,0,0,0,2,0,"-","-","UNINCORPORATED","SUTTER","CA",-121.54345,38.8141
"90029791",-121.6743146,39.1125775,2015,"5100","4","5","4","08",0,1,"A",,,,,"Y",2100,10,"E","I","A","LINCOLN AVENUE","TOWNSHIP ROAD",4224,"E","N","2015-10-19",9285,"2015-10-09",2040,"017118",,"2","9","0","2",,"1","052","-","N",,0,0,,,0,,,,"Y",1,"A","-",22107,,"N","A","H","-","D","D","0","Y","D","22",0,0,1,0,0,0,0,0,0,"-","-","UNINCORPORATED","SUTTER","CA",-121.42138,39.06455
"90029703",0,0,2015,"5100","3","5","4","03",0,1,"A",,,,,,2100,10,"C","C","A","SR-99 N/B","RICHLAND ROAD",25,"S","N","2015-10-19",9285,"2015-10-09",1827,"017118",,"2","9","0","1",,"1","051","-","Y",,0,0,,,0,,,,"N",2,"A","-",22350,,"N","A","H","-","A","A","0","Y","D","22",0,0,1,0,0,0,0,0,0,"-","-","UNINCORPORATED","SUTTER","CA",-121.38046,39.07049
"90027924",-121.7467021,39.1422918,2015,"5100","3","1","4","03",0,2,"A",,,,,,900,9,"B","C","A","SR-20","ACACIA AVENUE ",2112,"E","N","2015-10-19",9285,"2015-09-21",742,"015976",,"1","9","0","1",,"1","072","-","Y",,0,0,,,0,,,,"Y",2,"A","-",22350,,"N","A","H","-","A","D","0","Y","A","07",0,0,2,0,0,0,0,0,0,"-","-","UNINCORPORATED","SUTTER","CA",-121.74652,39.14221
"90026242",-121.6624531,39.153235,2015,"5102","4","6","4","09",0,1,"A",,,,,,1200,10,"D","C","A","BUTTE HOUSE RD","TIERRA BUENA RD",0,,"Y","2015-10-19",9285,"2015-10-03",1115,"017272",,"1","4","0","2",,"1","073","-","N",,0,0,,,0,,,,"Y",2,"A","-",21802,"A","N","A","H","-","A","A","0","Y","A","01",0,0,1,0,0,0,0,0,0,"-","-","YUBA CITY","SUTTER","CA",-121.6626,39.15346
"90026238",-121.8609188,39.1879821,2015,"5100","5","3","3","08",0,1,"A",,,"Y",,,2100,9,"F","I","A","PASS ROAD ","W. BUTTE ROAD",7920,"E","N","2015-10-19",9285,"2015-09-30",1840,"019144",,"2","9","0","3",,"1","007","-","N",,0,0,,,0,,,,"Y",1,"A","-",22107,,"N","A","H","-","A","D","0","Y","C","02",0,1,0,0,0,0,0,0,1,"-","-","UNINCORPORATED","SUTTER","CA",-121.85033,39.18867
"90026209",0,0,2015,"5100","3","1","4","09",0,1,"A",,,,,,1800,9,"D","C","A","SR-99 N/B","POWERLINE RD",0,,"Y","2015-10-19",9285,"2015-09-28",1535,"013174","9285","2","9","0","1",,"1","011","-","Y",,0,0,,,0,,,,"Y",2,"A","-",21802,,"N","A","H","-","A","A","0","Y","D","22",0,0,1,0,0,0,0,0,0,"-","-","UNINCORPORATED","SUTTER","CA",0,0
"90025783",-121.5468115,38.9100778,2015,"5100","5","4","3","03",0,1,"A",,"Y",,,,1200,9,"B","G","A","NICOLAUS AVENUE","STATE ROUTE 70",1056,"W","N","2015-10-19",9285,"2015-09-24",950,"014744",,"1","9","0","3",,"1","001","-","N",,0,0,,,0,,,,"N",2,"A","-",22350,,"N","A","H","-","A","D","0","Y","A","01",0,1,0,0,0,0,1,0,0,"-","-","UNINCORPORATED","SUTTER","CA",-121.55534,38.90992
"90025780",0,0,2015,"5100","3","5","3","01",0,1,"A",,,,,"Y",2100,9,"B","C","A","SR-113 S/B","EVERGLADE RD",2640,"N","N","2015-10-19",9285,"2015-09-18",2053,"018522",,"2","9","0","1",,"2","031","-","Y",,0,0,,,0,,,,"Y",2,"A","-",23152,"A","N","A","H","-","E","D","0","Y","A","01",0,1,0,0,0,0,0,0,0,"-","-","UNINCORPORATED","SUTTER","CA",-121.67224,38.98949
"90024950",0,0,2015,"5100","5","2","4","01",0,1,"A",,,,,"Y",600,9,"E","I","A","MARCUM RD","PLEASANT GROVE RD",12,"W","N","2015-10-19",9285,"2015-09-29",300,"018340",,"3","9","0","3",,"1","001","-","N",,0,0,,,0,,,,"Y",1,"A","-",23152,"A","N","A","H","-","D","A","0","Y","A","01",0,0,1,0,0,0,0,0,0,"-","-","UNINCORPORATED","SUTTER","CA",-121.48795,38.89691
"90024858",-121.6729067,38.8204333,2015,"5100","5","3","3","08",0,3,"B",,,,,,1200,9,"F","I","A","ARMOUR ROAD","ENSLEY ROAD",5280,"N","N","2015-10-19",9285,"2015-09-16",1000,"013966",,"1","9","0","3",,"1","003","-","N",,0,0,,,0,,,,"Y",1,"A","-",22107,,"N","A","H","-","A","D","0","Y","D","22",0,1,2,0,0,0,0,0,0,"-","-","UNINCORPORATED","SUTTER","CA",-121.67286,38.82066
"90024595",-121.5011732,38.7801851,2015,"5100","5","1","4","12",0,1,"A",,,,,,1800,9,"D","C","A","SANKEY ROAD","NATOMAS ROAD",0,,"Y","2015-10-19",9285,"2015-09-21",1515,"013174","9285","2","9","0","3",,"1","001","-","N",,0,0,,,0,,,,"N",2,"A","-",22450,,"F","A","H","-","A","A","0","Y","D","22",0,0,1,0,0,0,0,0,0,"-","-","UNINCORPORATED","SUTTER","CA",-121.48825,38.78036
"90023097",-121.5629806,38.7499291,2015,"5100","5","7","1","08",1,0,"A",,,,,,2100,8,"E","I","A","RIEGO ROAD","POWER LINE ROAD",3960,"E","N","2015-10-19",9285,"2015-08-09",2001,"017080",,"2","9","0","3",,"1","001","-","N",,0,0,,,0,,,,"Y",1,"A","-",22107,,"N","A","H","-","B","D","0","Y","A","07",0,0,0,0,0,0,0,0,0,"-","-","UNINCORPORATED","SUTTER","CA",-121.56151,38.75
"90020574",-121.4882788,38.7889864,2015,"5100","5","1","3","08",0,4,"A",,,,,,1800,8,"C","C","A","PLEASANT GROVE ROAD","KEYS ROAD",2112,"S","N","2015-10-19",9285,"2015-08-31",1520,"013966",,"2","9","0","3",,"1","001","-","N",,0,0,,,0,,,,"Y",2,"A","-",22107,,"N","A","H","-","A","D","0","Y","A","08",0,1,3,0,0,0,0,0,0,"-","-","UNINCORPORATED","SUTTER","CA",-121.48834,38.79066
"90019636",0,0,2015,"5100","3","4","4","03",0,1,"A",,,,,,1500,9,"C","C","A","SR-99 N/B","LIVE OAK BLVD",196,"N","N","2015-10-19",9285,"2015-09-17",1230,"017118",,"1","9","0","1",,"1","071","-","Y",,0,0,,,0,,,,"N",2,"A","-",22350,,"N","A","H","-","A","D","0","Y","A","01",0,0,1,0,0,0,0,0,0,"-","-","UNINCORPORATED","SUTTER","CA",-121.64126,39.21841
"90017970",-121.9329503,39.1872997,2015,"5100","5","7","2","01",0,2,"A",,,,,"Y",300,8,"B","C","A","PASS ROAD","MARTY ROAD",528,"E","N","2015-10-19",9285,"2015-08-30",101,"017080",,"3","9","0","3",,"1","007","-","N",,0,0,,,0,,,,"Y",2,"A","-",23152,"A","N","A","H","-","C","D","0","Y","I","20",1,0,1,0,0,0,0,0,0,"-","-","UNINCORPORATED","SUTTER","CA",-121.93283,39.18716
"90017967",0,0,2015,"5100","3","2","4","08",0,1,"A",,,,,,2100,9,"F","A","A","SR-20 W/B","HUMPHREY ROAD ",235,"E","N","2015-10-19",9285,"2015-09-15",1945,"017080",,"2","9","0","1",,"1","072","-","Y",,0,0,,,0,,,,"Y",1,"A","-",22107,,"N","A","H","-","D","D","0","Y","D","22",0,0,1,0,0,0,0,0,0,"-","-","UNINCORPORATED","SUTTER","CA",-121.7251,39.14197
"90016904",-121.4882831,38.780395,2015,"5100","5","3","3","09",0,2,"A",,,,"Y",,900,9,"D","C","A","PLEASANT GROVE ROAD","SANKEY ROAD",0,,"Y","2015-10-19",9285,"2015-09-09",750,"015069",,"1","9","0","3",,"1","001","-","N",,0,0,,,0,,,,"Y",3,"A","-",21801,"A","N","A","H","-","A","D","0","Y","G","25",0,2,0,0,0,0,0,0,0,"-","-","UNINCORPORATED","SUTTER","CA",-121.48832,38.78055
"90016368",-121.6348265,39.0763528,2015,"5100","3","3","4","03",0,2,"A",,,,,,1200,9,"C","C","A","STATE ROUTE 99","BARRY ROAD",30,"S","N","2015-10-19",9285,"2015-09-09",1145,"014744",,"1","9","0","1",,"1","051","-","Y",,0,0,,,0,,,,"Y",3,"A","-",22350,,"N","A","H","-","A","D","0","Y","A","01",0,0,2,0,0,0,0,0,0,"-","-","UNINCORPORATED","SUTTER","CA",-121.63404,39.07604
"90015559",0,0,2015,"5100","3","4","4","07",0,1,"A",,,,"Y",,300,9,"C","C","A","S/R-99 S/B","SANKEY ROAD",7920,"N","N","2015-10-19",9285,"2015-09-03",210,"019144",,"3","9","0","1",,"1","011","-","Y",,0,0,,,0,,,,"Y",2,"A","-",21658,"A","N","A","H","-","D","D","0","Y","A","01",0,0,1,0,0,0,0,0,0,"-","-","UNINCORPORATED","SUTTER","CA",-121.54387,38.80117
"90015508",-121.6331763,39.0647552,2015,"5100","3","1","2","09",0,3,"A",,,,,,1200,8,"D","C","A","SR-99","OSWALD RD",1584,"S","N","2015-10-19",9285,"2015-08-17",1010,"013806",,"1","9","0","1",,"1","051","-","Y",,0,0,,,0,,,,"Y",2,"A","-",21801,"A","N","A","H","-","A","D","0","Y","M","47",1,1,1,0,0,0,0,0,0,"-","-","UNINCORPORATED","SUTTER","CA",-121.6334,39.06659
"90014935",0,0,2015,"5100","5","3","4","01",0,1,"A",,,,,"Y",2400,9,"E","I","A","BEAR RIVER DR","PLACER RD",20,"E","N","2015-10-19",9285,"2015-09-02",2230,"019168",,"3","9","0","3",,"1","001","-","N",,0,0,,,0,,,,"Y",1,"A","-",23152,"A","N","A","H","-","D","D","0","Y","A","01",0,0,1,0,0,0,0,0,0,"-","-","UNINCORPORATED","SUTTER","CA",-121.41466,39.98084
"90014932",-121.6719352,39.1272498,2015,"5100","4","2","3","03",0,2,"A",,,,,,1800,9,"C","C","A","N. GEORGE WASHINGTON BLVD","FRANKLIN AVE",60,"N","N","2015-10-19",9285,"2015-09-01",1625,"017272",,"2","9","0","2",,"1","052","-","N",,0,0,,,0,,,,"Y",2,"A","-",22350,,"N","A","H","-","A","A","0","Y","A","01",0,1,1,0,0,0,0,0,0,"-","-","UNINCORPORATED","SUTTER","CA",-121.67192,39.12723
"90014929",-121.8025573,39.1861436,2015,"5100","5","6","3","05",0,1,"A",,,"Y",,,1500,8,"E","J","A","PASS ROAD","KELLOGG ROAD",5808,"W","N","2015-10-19",9285,"2015-08-29",1310,"014744",,"1","9","0","3",,"1","007","-","N",,0,0,,,0,,,,"N",1,"A","-",21650,,"N","A","H","-","A","D","0","Y","C","02",0,1,0,0,0,0,0,0,1,"-","-","UNINCORPORATED","SUTTER","CA",-121.80179,39.18613
"90014883",-121.6712432,39.3015251,2015,"5100","3","2","4","09",0,1,"B",,,,,,1800,8,"D","C","A","STATE ROUTE 99","LIVE OAK BLVD.",0,,"Y","2015-10-19",9285,"2015-08-04",1730,"013966",,"2","9","0","1",,"1","071","-","Y",,0,0,,,0,,,,"Y",2,"A","-",21802,"A","N","A","H","-","A","A","0","Y","A","01",0,0,1,0,0,0,0,0,0,"-","-","UNINCORPORATED","SUTTER","CA",-121.64154,39.21801
"90014275",-121.6348284,39.0763056,2015,"5100","3","3","3","07",0,1,"A",,,,,,300,8,"E","I","A","STATE ROUTE 99 SOUTHBOUND","RIEGO RD",2640,"S","N","2015-10-19",9285,"2015-08-26",233,"017534",,"3","9","0","1",,"1","011","-","Y",,0,0,,,0,,,,"Y",1,"A","-",21658,"A","N","A","H","-","D","D","0","Y","A","01",0,1,0,0,0,0,0,0,0,"-","-","UNINCORPORATED","SUTTER","CA",-121.54047,38.74199
"90014153",-121.6340904,39.1898793,2015,"5100","5","2","4","12",0,1,"A",,,,"Y",,1200,8,"D","C","A","EAGER ROAD","SR-99",415,"E","N","2015-10-19",9285,"2015-08-25",1120,"013174","9285","1","9","0","3",,"1","007","-","Y",,0,0,,,0,,,,"Y",3,"A","-",22450,,"N","A","H","-","A","A","0","Y","A","01",0,0,1,0,0,0,0,0,0,"-","-","UNINCORPORATED","SUTTER","CA",-121.63305,38.18992
"90014155",-121.7538887,39.1489045,2015,"5100","5","3","4","03",0,2,"A",,,,,,1200,8,"C","C","A","ACACIA AVENUE ","MARSHALL ST",2218,"S","N","2015-10-19",9285,"2015-08-26",1138,"014401",,"1","9","0","3",,"1","007","-","N",,0,0,,,0,,,,"Y",2,"A","-",22350,,"N","A","H","-","A","D","0","Y","A","01",0,0,2,0,0,0,0,0,0,"-","-","UNINCORPORATED","SUTTER","CA",-121.75394,39.14831
"90014149",-121.533720115,38.7505188764,2015,"5100","5","2","4","08",0,1,"A",,,,,,1500,8,"E","I","A","RIEGO RD","SR-99",2006,"E","N","2015-10-19",9285,"2015-08-25",1428,"014401",,"2","9","0","3",,"1","001","-","N",,0,0,,,0,,,,"Y",1,"A","-",22107,,"N","A","H","-","A","D","0","Y","D","22",0,0,1,0,0,0,0,0,0,"-","-","UNINCORPORATED","SUTTER","CA",-121.53351,38.75034
"90014146",-121.7054163,39.2317139,2015,"5100","5","2","2","08",0,1,"A",,,,,,900,8,"E","I","A","CLARK ROAD","E. BUTTE ROAD",2640,"E","N","2015-10-29",9285,"2015-08-25",800,"013174","9285","1","9","0","3",,"1","007","-","N",,0,0,,,0,,,,"Y",1,"A","-",22107,,"N","A","H","-","A","D","0","Y","A","07",1,0,0,0,0,0,0,0,0,"-","-","UNINCORPORATED","SUTTER","CA",-121.42328,39.13904
"90013434",0,0,2015,"5100","3","6","1","01",3,1,"A",,,,,"Y",1800,4,"A","C","A","RT 113","SCHLAGEL ROAD",535,"S","N","2015-10-19",9285,"2015-04-25",1545,"15048",,"2","9","0","1",,"2","031","-","Y",,0,0,,,0,,,,"Y",2,"A","-",23152,"A","N","A","H","-","A","D","0","Y","D","22",1,0,0,0,0,0,0,0,0,"-","-","UNINCORPORATED","SUTTER","CA",-121.6556,39.00316
"90012358",0,0,2015,"5100","3","1","3","03",0,2,"A",,,,"Y",,1200,8,"C","C","A","SR-99 S/B","BOGUE RD",100,"S","N","2015-10-19",9285,"2015-08-24",1118,"014401",,"1","9","0","1",,"1","051","-","Y",,0,0,,,0,,,,"Y",2,"A","-",22350,,"N","A","H","-","A","D","0","Y","A","01",0,1,1,0,0,0,0,0,0,"-","-","UNINCORPORATED","SUTTER","CA",-121.63458,39.09795
"90012348",0,0,2015,"5100","3","5","4","03",0,4,"A",,,,,,1500,8,"C","C","A","SR-99 N/B","HUNN RD",650,"N","N","2015-10-19",9285,"2015-08-21",1318,"017118",,"1","9","0","1",,"1","051","-","Y",,0,0,,,0,,,,"Y",4,"A","-",22350,,"N","A","H","-","A","D","0","Y","D","22",0,0,4,0,0,0,0,0,0,"-","-","UNINCORPORATED","SUTTER","CA",-121.63453,39.12362
"90012330",-121.6331632,39.0691051,2015,"5100","3","6","4","01",0,2,"A",,,,,"Y",1800,8,"D","C","A","SR-99 ","OSWALD ROAD",0,,"Y","2015-10-29",9285,"2015-08-22",1740,"013174","9285","2","9","0","1",,"1","051","-","Y",,0,0,,,0,,,,"Y",2,"A","-",23152,,"N","A","H","-","A","A","0","Y","D","22",0,0,2,0,0,0,0,0,0,"-","-","UNINCORPORATED","SUTTER","CA",-121.6332,39.06904
"90011043",-121.4883334,38.8240138,2015,"5100","5","1","4","03",0,2,"A",,,,"Y",,900,8,"C","C","A","HOWSLEY ROAD","PLEASANT GROVE ROAD",20,"W","N","2015-10-19",9285,"2015-08-17",855,"013174","9285","1","9","0","3",,"1","001","-","N",,0,0,,,0,,,,"Y",2,"A","-",22350,,"N","A","H","-","A","D","0","Y","F","27",0,0,2,0,0,0,0,0,0,"-","-","UNINCORPORATED","SUTTER","CA",-121.48366,38.82398
"90010893",0,0,2015,"5100","3","2","4","18",0,1,"A",,,,,,2400,8,"E","J","A","SR-113 S/B","KIRKVILLE ROAD",1584,"N","N","2015-10-19",9285,"2015-08-18",2111,"017080",,"2","9","0","1",,"2","031","-","Y",,0,0,,,0,,,,"Y",1,"C","-",0,,"N","A","C","-","D","D","0","Y","-","-",0,0,1,0,0,0,0,0,0,"-","-","UNINCORPORATED","SUTTER","CA",-121.6912,38.91391
"90010892",-121.7171252,38.8036288,2015,"5100","5","2","4","08",0,1,"A",,,,,,1500,8,"F","I","A","KNIGHTS ROAD","SR-113",900,"E","N","2015-10-19",9285,"2015-08-18",1430,"013174","9285","2","9","0","3",,"1","003","-","N",,0,0,,,0,,,,"Y",1,"A","-",22107,,"N","A","H","-","A","D","0","Y","A","07",0,0,1,0,0,0,0,0,0,"-","-","UNINCORPORATED","SUTTER","CA",-121.7169,38.80362
"90010345",-121.6347915,39.0369052,2015,"5100","3","3","3","08",0,1,"A",,,,,,900,8,"F","A","A","STATE ROUTE 99","HUTCHINSON ROAD",1056,"S","N","2015-10-19",9285,"2015-08-12",600,"014744",,"1","9","0","1",,"1","051","-","Y",,0,0,,,0,,,,"Y",1,"A","-",22107,,"N","A","H","-","B","D","0","Y","A","01",0,1,0,0,0,0,0,0,0,"-","-","UNINCORPORATED","SUTTER","CA",-121.6346,39.03515
"90010064",-121.7177984,39.1667281,2015,"5100","4","2","3","08",0,4,"A",,,,,,2100,8,"D","C","A","BUTTE HOUSE ROAD","EAST BUTTE ROAD",289,"W","N","2015-10-29",9285,"2015-08-04",1835,"017534",,"2","9","0","2",,"1","073","-","N",,0,0,,,0,,,,"Y",2,"A","-",22107,,"N","A","H","-","A","D","0","Y","A","01",0,1,3,0,0,0,0,0,0,"-","-","UNINCORPORATED","SUTTER","CA",-121.71813,39.16688
"90009387",-121.6347323,39.0854801,2015,"5100","3","7","1","11",1,0,"A","Y",,,,,2400,7,"G","B","E","STATE ROUTE 99 NORTHBOUND","REED ROAD",701,"N","N","2015-10-19",9285,"2015-07-12",2232,"018632",,"3","9","0","1",,"1","051","-","Y",,0,0,,,0,,,,"Y",4,"A","-",21956,,"N","A","H","-","D","D","0","Y","N","60",0,0,0,1,0,0,0,0,0,"-","-","UNINCORPORATED","SUTTER","CA",-121.63467,39.08564
"90008766",-121.7600295,38.8687277,2015,"5100","5","6","1","08",1,0,"A",,,,,,1200,7,"E","I","A","CRANMORE ROAD","STATE RANCH ROAD",3696,"W","N","2015-10-19",9285,"2015-07-11",1130,"013174",,"1","9","0","3",,"1","003","-","N",,0,0,,,0,,,,"Y",1,"A","-",22107,,"N","A","H","-","A","D","0","Y","M","46",0,0,0,0,0,0,0,0,0,"-","-","UNINCORPORATED","SUTTER","CA",-121.75998,38.86888
"90008158",-121.6346457,39.1108334,2015,"5100","3","3","4","03",0,2,"A",,,,,,1800,7,"C","C","A","SR-99","LINCOLN RD",700,"S","N","2015-10-19",9285,"2015-07-22",1645,"015976",,"2","9","0","1",,"1","051","-","Y",,0,0,,,0,,,,"N",2,"A","-",22350,,"N","A","H","-","A","D","0","Y","A","01",0,0,2,0,0,0,0,0,0,"-","-","UNINCORPORATED","SUTTER","CA",-121.63448,39.11148
"90007442",-121.5434831,38.9537451,2015,"5100","3","5","4","03",0,1,"A",,,,,,300,7,"C","C","A","SR-70","KEMPTON ROAD",0,,"N","2016-07-07",9285,"2015-07-31",130,"018522",,"3","9","0","1",,"1","010","-","Y",,0,0,,,0,,,,"Y",2,"A","-",22350,,"F","A","H","-","D","D","0","Y","A","01",0,0,1,0,0,0,0,0,0,"-","-","UNINCORPORATED","SUTTER","CA",-121.54356,38.94902
"90007084",0,0,2015,"5100","5","7","4","08",0,1,"A",,,,,,300,8,"E","I","A","RIEGO RD.","SR-99 N/B",1900,"E","N","2015-10-19",9285,"2015-08-02",230,"018475",,"3","9","0","3",,"1","001","-","N",,0,0,,,0,,,,"Y",1,"A","-",22107,,"N","A","H","-","D","D","0","Y","A","01",0,0,1,0,0,0,0,0,0,"-","-","UNINCORPORATED","SUTTER","CA",-121.53062,38.75053
"90007065",-121.8420814,39.1430498,2015,"5100","3","5","3","03",0,2,"A",,,"Y",,,1500,7,"C","C","A","RT 20","SOUTH TARKE ROAD",169,"E","N","2015-10-19",9285,"2015-07-24",1440,"015048",,"2","9","0","1",,"1","072","-","Y",,0,0,,,0,,,,"N",2,"A","-",22350,,"N","A","H","-","A","D","0","Y","C","02",0,1,1,0,0,0,0,0,1,"-","-","UNINCORPORATED","SUTTER","CA",-121.846,39.14275
"90006951",-121.6717457,39.1111052,2015,"5100","4","6","4","08",0,1,"A",,,,,"Y",300,7,"E","I","A","SOUTH GEORGE WASHINGTON BLVD","LINCOLN ROAD",528,"S","N","2015-10-19",9285,"2015-07-25",45,"019144",,"3","9","0","2",,"1","052","-","N",,0,0,,,0,,,,"Y",1,"A","-",22107,,"N","A","H","-","D","D","0","Y","D","22",0,0,1,0,0,0,0,0,0,"-","-","UNINCORPORATED","SUTTER","CA",-121.67164,39.10966
"90006065",0,0,2015,"5100","3","6","4","01",0,1,"A",,,,,"Y",2400,7,"D","C","A","SR-99 N/B","STEWART RD",0,,"Y","2015-10-19",9285,"2015-07-18",2205,"018475",,"3","9","0","1",,"1","051","-","Y",,0,0,,,0,,,,"Y",2,"A","-",23152,"E","N","A","H","-","C","A","0","Y","D","22",0,0,1,0,0,0,0,0,0,"-","-","UNINCORPORATED","SUTTER","CA",-121.63473,39.0801
"90006056",0,0,2015,"5100","3","4","3","09",0,1,"A",,,,"Y",,600,7,"D","C","A","SR-20 E/B","WEST BUTTE RD",1056,"E","N","2015-10-19",9285,"2015-07-16",520,"018522",,"3","9","0","1",,"1","072","-","Y",,0,0,,,0,,,,"Y",2,"A","-",21801,"A","N","A","H","-","B","D","0","Y","A","01",0,1,0,0,0,0,0,0,0,"-","-","UNINCORPORATED","SUTTER","CA",-121.82178,39.14924
"90005692",-121.7528083,39.1422961,2015,"5100","3","3","4","03",0,1,"A",,,,,,900,7,"C","C","A","SR-20","ACACIA AVENUE ",380,"E","N","2015-10-19",9285,"2015-07-22",741,"014401",,"1","9","0","1",,"1","072","-","Y",,0,0,,,0,,,,"Y",2,"A","-",22350,,"N","A","H","-","A","D","0","Y","A","01",0,0,1,0,0,0,0,0,0,"-","-","UNINCORPORATED","SUTTER","CA",-121.75291,39.14224
"90005543",0,0,2015,"5100","5","2","3","08",0,2,"A",,,,,,2100,7,"F","A","A","EAGER RD","TIERRA BUENA RD",25,"W","N","2015-10-19",9285,"2015-07-14",1900,"018107",,"2","9","0","3",,"1","005","-","N",,0,0,,,0,,,,"Y",1,"A","-",22107,,"N","A","H","-","A","D","0","Y","A","01",0,1,1,0,0,0,0,0,0,"-","-","UNINCORPORATED","SUTTER","CA",-121.66235,39.18882
"90005529",-121.4881649,38.7944199,2015,"5100","5","4","3","08",0,2,"A",,,,,,1800,7,"E","I","A","PLEASANT GROVE RD","KEYS RD",129,"S","N","2015-10-19",9285,"2015-07-16",1650,"017118",,"2","9","0","3",,"1","001","-","N",,0,0,,,0,,,,"Y",1,"A","-",22107,,"N","A","H","-","A","D","0","Y","A","01",0,1,1,0,0,0,0,0,0,"-","-","UNINCORPORATED","SUTTER","CA",-121.48831,38.79425
"90005437",0,0,2015,"5100","3","1","2","08",0,2,"A",,,,,,1800,7,"E","I","A","SR-20 E/B","TARKE RD",1400,"W","N","2015-10-19",9285,"2015-07-13",1540,"013174","9285","2","9","0","1",,"1","072","-","Y",,0,0,,,0,,,,"Y",1,"A","-",22107,,"N","A","H","-","A","D","0","Y","A","08",1,1,0,0,0,0,0,0,0,"-","-","UNINCORPORATED","SUTTER","CA",-121.85178,39.1427
"90005414",0,0,2015,"5100","3","3","4","07",0,1,"A",,,,"Y",,600,7,"B","C","A","SR-99","GARDEN HWY",2112,"N","N","2015-10-19",9285,"2015-07-15",550,"016343",,"3","9","0","1",,"1","011","-","Y",,0,0,,,0,,,,"Y",3,"A","-",21658,"A","N","A","H","-","A","D","0","Y","A","01",0,0,1,0,0,0,0,0,0,"-","-","UNINCORPORATED","SUTTER","CA",-121.59167,38.90598
"90005411",-121.7262332,39.1420351,2015,"5100","3","3","4","09",0,3,"A",,,,,,1500,7,"D","C","A","STATE ROUTE 20","HUMPHREY ROAD",0,,"Y","2015-10-19",9285,"2015-07-15",1255,"014744",,"1","9","0","1",,"1","072","-","Y",,0,0,,,0,,,,"Y",2,"A","-",21802,"A","N","A","H","-","A","D","0","Y","A","01",0,0,3,0,0,0,0,0,0,"-","-","UNINCORPORATED","SUTTER","CA",-121.72549,39.14193
"90005400",-121.8154283,39.1864561,2015,"5100","5","5","3","03",0,1,"A",,,,,,1800,7,"E","I","A","PASS RD","KELLOGG RD",9504,"W","N","2015-10-19",9285,"2015-07-10",1752,"017118",,"2","9","0","3",,"1","007","-","N",,0,0,,,0,,,,"Y",1,"A","-",22350,,"M","A","H","-","A","D","0","Y","A","01",0,1,0,0,0,0,0,0,0,"-","-","UNINCORPORATED","SUTTER","CA",-121.8161,39.18661
"90005006",0,0,2015,"5100","3","3","3","08",0,1,"A",,,,"Y",,300,7,"F","I","A","SR-113 S/B","GEORGE WASHINGTON BLVD",267,"S","N","2015-10-19",9285,"2015-07-08",2,"018632",,"3","9","0","1",,"2","031","-","Y",,0,0,,,0,,,,"Y",1,"A","-",22107,,"N","A","H","-","D","D","0","Y","G","27",0,1,0,0,0,0,0,0,0,"-","-","UNINCORPORATED","SUTTER","CA",-121.67179,39.00252
"90004931",-121.6256244,39.0809841,2015,"5100","5","4","4","03",0,2,"A",,,,,,1500,7,"C","C","A","RAILROAD AVE","BARRY RD",1584,"N","N","2015-10-19",9285,"2015-07-09",1255,"017118",,"1","9","0","3",,"1","005","-","N",,0,0,,,0,,,,"N",2,"A","-",22350,,"N","A","H","-","A","D","0","Y","A","01",0,0,2,0,0,0,0,0,0,"-","-","UNINCORPORATED","SUTTER","CA",-121.62553,39.08104