"CASEID","POINT_X","POINT_Y","YEAR_","LOCATION","CHPTYPE","DAYWEEK","CRASHSEV","VIOLCAT","KILLED","INJURED","WEATHER1","PEDCOL","BICCOL","MCCOL","TRUCKCOL","ETOH","TIMECAT","MONTH_","CRASHTYP","INVOLVE","PED","PRIMARYRD","SECONDRD","DISTANCE","DIRECT","INTERSECT_","PROCDATE","JURIS","DATE_","TIME_","BADGE","JURIDIST","SHIFT","POP","SPECIAL","BEATTYPE","LAPDDIV","BEATCLAS","BEATNUMB","WEATHER2","STATEHW","CALTRANC","CALTRAND","STROUTE","ROUTESUF","POSTPRE","POSTMILE","LOCATYPE","RAMP","SIDEHW","TOWAWAY","PARTIES","PCF","VIOLCODE","VIOL","VIOLSUB","HITRUN","ROADSURF","RDCOND1","RDCOND2","LIGHTING","RIGHTWAY","CHPRDTYP","NOTPRIV","STFAULT","CHPFAULT","SEVINJ","OTHERINJ","COP","PEDKILL","PEDINJ","BICKILL","BICINJ","MCKILL","MCINJURE","RAMP1","RAMP2","CITY","COUNTY","STATE","X_CHP","Y_CHP"
"90004899",-121.6720309,39.0788853,2015,"5100","4","4","2","08",0,5,"B",,,,,,1500,7,"D","C","A","GEORGE WASHINGTON BLVD.","REED ROAD",1056,"S","N","2015-10-19",9285,"2015-07-09",1200,"15048",,"1","9","0","2",,"1","052","-","N",,0,0,,,0,,,,"Y",2,"A","-",22107,,"N","A","H","-","A","D","0","Y","A","01",1,4,0,0,0,0,0,0,0,"-","-","UNINCORPORATED","SUTTER","CA",-121.672,39.08008
"90004534",-121.8513501,39.1612986,2015,"5100","5","2","3","08",0,1,"A",,,,,,1500,7,"E","I","A","WEST BUTTE RD","SOUTH BUTTE RD",8448,"N","N","2015-10-19",9285,"2015-07-07",1450,"014793",,"2","9","0","3",,"1","007","-","N",,0,0,,,0,,,,"Y",1,"A","-",22107,,"N","A","H","-","A","D","0","Y","A","01",0,1,0,0,0,0,0,0,0,"-","-","UNINCORPORATED","SUTTER","CA",-121.85106,39.16132
"90004465",0,0,2015,"5100","3","1","4","18",0,1,"A",,,,,,2400,7,"E","H","A","SR-70 N/B","KEMPTON ROAD",1056,"N","N","2015-10-19",9285,"2015-07-06",2145,"017080",,"2","9","0","1",,"1","010","-","Y",,0,0,,,0,,,,"N",1,"C","-",0,,"N","A","H","-","D","D","0","Y","-","-",0,0,1,0,0,0,0,0,0,"-","-","UNINCORPORATED","SUTTER","CA",-121.54351,38.95821
"90004459",-121.6531118,39.0689261,2015,"5100","5","3","3","08",0,1,"A",,,,,,2100,7,"E","I","A","OSWALD RD","CARLSON RD",43,"E","N","2015-10-19",9285,"2015-07-01",1850,"017534",,"2","9","0","3",,"1","005","-","N",,0,0,,,0,,,,"Y",1,"A","-",22107,,"N","A","H","-","A","D","0","Y","D","22",0,1,0,0,0,0,0,0,0,"-","-","UNINCORPORATED","SUTTER","CA",-121.39108,39.04075
"90004399",0,0,2015,"5100","3","5","4","03",0,1,"A",,,,,,1500,7,"C","C","A","SR-99 N/B","LINCOLN ROAD",853,"S","N","2015-10-19",9285,"2015-07-03",1405,"017118",,"2","9","0","1",,"1","051","-","Y",,0,0,,,0,,,,"Y",2,"A","-",22350,,"N","A","H","-","A","D","0","Y","A","01",0,0,1,0,0,0,0,0,0,"-","-","UNINCORPORATED","SUTTER","CA",-121.63452,39.11061
"7171026",-121.6345505,39.1363258,2015,"5102","0","3","4","08",0,3,"A",,,,,,1500,12,"D","C","A","RT 99","SUNSWEET BL",0,,"Y","2017-02-04",5102,"2015-12-16",1408,"4074","5102","5","4","0","0",,"0","002","-","Y","SUT",3,99,"-","-",30.252,"I","5","S","Y",2,"A","-",22107,,"N","A","H","-","A","A","0","Y","A","01",0,0,3,0,0,0,0,0,0,"-","-","YUBA CITY","SUTTER","CA",0,0
"7166045",0,0,2015,"5102","0","3","3","07",0,1,"A",,,,,,1800,12,"F","A","A","10TH ST","MARKET ST",347,"W","N","2016-01-25",5102,"2015-12-23",1523,"4083","5102","5","4","0","0",,"0","003","-","N",,0,0,,,0,,,,"Y",1,"A","-",21658,"A","N","A","H","-","A","D","0","Y","A","01",0,1,0,0,0,0,0,0,0,"-","-","YUBA CITY","SUTTER","CA",0,0
"7166041",0,0,2015,"5102","0","3","3","09",0,1,"A",,,,,,1500,12,"D","C","A","SUNSWEET DR","RT 99",257,"W","N","2016-01-25",5102,"2015-12-30",1226,"4083","5102","5","4","0","0",,"0","002","-","N",,0,0,,,0,,,,"Y",2,"A","-",21802,"A","N","A","H","-","A","D","0","Y","A","01",0,1,0,0,0,0,0,0,0,"-","-","YUBA CITY","SUTTER","CA",0,0
"7166033",-121.6558894,39.151386,2015,"5102","0","6","4","03",0,1,"A",,,,,,1800,12,"C","C","A","BUTTE HOUSE RD","HARTER PKWY",128,"W","N","2016-01-25",5102,"2015-12-26",1740,"4094",,"5","4","0","0",,"0","001","-","N",,0,0,,,0,,,,"N",2,"A","-",22350,,"N","A","H","-","D","A","0","Y","A","01",0,0,1,0,0,0,0,0,0,"-","-","YUBA CITY","SUTTER","CA",0,0
"7141488",-121.6064199,39.1362291,2015,"5102","0","2","4","03",0,1,"A",,,,,,900,12,"C","C","A","2ND ST","B ST",30,"N","N","2015-12-30",5102,"2015-12-08",831,"4079","5102","5","4","0","0",,"0","005","-","N",,0,0,,,0,,,,"N",2,"A","-",22350,,"N","A","H","-","A","D","0","Y","A","08",0,0,1,0,0,0,0,0,0,"-","-","YUBA CITY","SUTTER","CA",0,0
"7138935",-121.6307295,39.1416241,2015,"5102","0","7","3","05",0,1,"A",,"Y",,,,1200,12,"D","G","A","GRAY AV","RT 20",100,"S","N","2017-02-04",5102,"2015-12-27",1154,"4016","5102","5","4","0","0",,"0","001","-","Y","SUT",3,20,"-","-",15.81,"I","6","E","N",2,"A","-",21650,"1","N","A","H","-","A","D","0","Y","L","04",0,1,0,0,0,0,1,0,0,"-","-","YUBA CITY","SUTTER","CA",0,0
"7138927",-121.6514932,39.161295,2015,"5102","0","2","4","09",0,1,"A",,,,,,1500,12,"D","C","A","BLEVIN RD","LORRAINE WY",0,,"Y","2016-01-06",5102,"2015-12-15",1435,"4058","5102","5","4","0","0",,"0","002","-","N",,0,0,,,0,,,,"Y",3,"A","-",21801,"A","N","A","H","-","A","D","0","Y","A","01",0,0,1,0,0,0,0,0,0,"-","-","YUBA CITY","SUTTER","CA",0,0
"7138923",-121.6345215,39.140831,2015,"5102","0","3","3","01",0,2,"A",,,,,"Y",300,12,"C","C","A","RT 99","RT 20",30,"S","N","2017-02-04",5102,"2015-12-16",2,"4095","5102","5","4","0","0",,"0","004","-","Y","SUT",3,99,"-","-",30.62,"H","-","N","Y",2,"A","-",23153,"A","N","A","H","-","C","A","0","Y","A","08",0,1,1,0,0,0,0,0,0,"-","-","YUBA CITY","SUTTER","CA",0,0
"7138919",-121.6261074,39.1415741,2015,"5102","0","1","4","09",0,1,"A",,,,,,2400,12,"D","C","A","RT 20","CLARK AV",0,,"Y","2017-02-04",5102,"2015-12-14",2246,"4027","5102","5","4","0","0",,"0","003","-","Y","SUT",3,20,"-","-",16.06,"H","-","E","Y",3,"A","-",21453,"C","N","A","H","-","C","A","0","Y","A","01",0,0,1,0,0,0,0,0,0,"-","-","YUBA CITY","SUTTER","CA",0,0
"7138915",-121.625421,39.137824,2015,"5102","0","6","4","03",0,3,"A",,,,,,2100,12,"C","C","A","CLARK AV","FORBES AV",15,"S","N","2016-01-06",5102,"2015-12-05",1809,"4094","5102","5","4","0","0",,"0","005","-","N",,0,0,,,0,,,,"Y",2,"A","-",22350,,"F","A","H","-","C","A","0","Y","A","07",0,0,3,0,0,0,0,0,0,"-","-","YUBA CITY","SUTTER","CA",0,0
"7138911",-121.6298332,39.1299851,2015,"5102","0","4","4","09",0,2,"B",,,,,,2100,12,"D","C","A","GRAY AV","B ST",0,,"Y","2016-01-06",5102,"2015-12-24",1849,"4075","SUTTE","5","4","0","0",,"0","004","-","N",,0,0,,,0,,,,"N",2,"A","-",21802,"B","N","A","H","-","C","D","0","Y","A","01",0,0,2,0,0,0,0,0,0,"-","-","YUBA CITY","SUTTER","CA",0,0
"7138907",-121.6178873,39.1406571,2015,"5102","0","1","4","03",0,1,"B",,,,,,1500,12,"C","C","A","PLUMAS ST","RT 20",30,"N","N","2017-02-04",5102,"2015-12-21",1325,"4079","5102","5","4","0","0",,"0","003","C","Y","SUT",3,20,"-","-",16.52,"I","6","W","N",2,"A","-",22350,,"N","B","H","-","A","D","0","Y","A","01",0,0,1,0,0,0,0,0,0,"-","-","YUBA CITY","SUTTER","CA",0,0
"7138887",-121.6337472,39.1711131,2015,"5102","0","6","4","01",0,1,"A",,,,,"Y",2400,12,"F","A","A","E ONSTOTT FRONTAGE RD","PEASE RD",100,"N","N","2016-01-06",5102,"2015-12-12",2140,"4027","5102","5","4","0","0",,"0","003","-","N",,0,0,,,0,,,,"Y",1,"A","-",23152,"F","N","B","H","-","D","D","0","Y","A","07",0,0,1,0,0,0,0,0,0,"-","-","YUBA CITY","SUTTER","CA",0,0
"7138883",-121.6255832,39.1404951,2015,"5102","0","2","4","12",0,2,"A",,,,,,1200,12,"D","C","A","CLARK AV","ROSALIND AV",0,,"Y","2016-01-06",5102,"2015-12-15",1137,"4073","5102","5","4","0","0",,"0","004","-","N",,0,0,,,0,,,,"Y",2,"A","-",22450,"A","N","A","H","-","A","A","0","Y","-",,0,0,2,0,0,0,0,0,0,"-","-","YUBA CITY","SUTTER","CA",0,0
"7135273",-121.6077731,39.138435,2015,"5102","0","2","3","08",0,3,"B",,,,,,2400,11,"D","C","A","SUTTER ST","2ND ST",0,,"Y","2016-01-15",5102,"2015-11-17",2312,"4022","5102","5","4","0","0",,"0","003","-","N",,0,0,,,0,,,,"Y",2,"A","-",22107,,"N","A","H","-","C","A","0","Y","A","01",0,1,2,0,0,0,0,0,0,"-","-","YUBA CITY","SUTTER","CA",0,0
"7135149",0,0,2015,"5102","0","7","4","09",0,1,"C",,,,,,1800,12,"D","C","A","THARP RD","THARP RD 1100",0,,"Y","2016-01-06",5102,"2015-12-20",1526,"4058","5102","5","4","0","0",,"0","002","-","N",,0,0,,,0,,,,"N",2,"A","-",21804,"A","N","B","H","-","A","D","0","Y","D","22",0,0,1,0,0,0,0,0,0,"-","-","YUBA CITY","SUTTER","CA",0,0
"7135145",-121.6283821,39.1417481,2015,"5102","0","4","4","09",0,1,"B",,,,,,1800,12,"A","C","A","RT 20","STAFFORD WY",0,,"Y","2017-02-04",5102,"2015-12-17",1554,"4096","5102","5","4","0","0",,"0","004","-","Y","SUT",3,20,"-","-",15.94,"I","5","W","Y",2,"A","-",21801,"A","N","A","H","-","A","D","0","Y","A","01",0,0,1,0,0,0,0,0,0,"-","-","YUBA CITY","SUTTER","CA",0,0
"7135137",-121.613979,39.141962,2015,"5102","0","7","4","03",0,1,"B",,,,,,900,12,"E","I","A","RT 20","SHASTA ST",600,"E","N","2017-02-04",5102,"2015-12-13",823,"4081","5102","5","4","0","0",,"0","003","C","Y","SUT",3,20,"-","-",16.73,"H","-","W","N",1,"A","-",22350,,"N","B","H","-","A","D","0","Y","E","22",0,0,1,0,0,0,0,0,0,"-","-","YUBA CITY","SUTTER","CA",0,0
"7134680",0,0,2015,"5102","0","2","4","03",0,1,"B",,,,,,1500,12,"C","C","A","SOUTH WALTON AV","BERKSHIRE DR",71,"N","N","2015-12-18",5102,"2015-12-08",1422,"5080","5100","5","4","0","0",,"0","007","-","N",,0,0,,,0,,,,"N",2,"A","-",22350,,"N","A","H","-","A","D","0","Y","A","01",0,0,1,0,0,0,0,0,0,"-","-","YUBA CITY","SUTTER","CA",0,0
"7134429",-121.6612932,39.2783153,2015,"5101","0","4","4","03",0,1,"A",,,,,,1500,10,"C","C","A","RT 99","JUNIPER ST",0,,"Y","2017-02-04",5100,"2015-10-08",1325,"5104","LOCA2","5","2","0","0",,"0","02A","-","Y","SUT",3,99,"-","-",40.4,"H","-","S","Y",3,"A","-",22350,,"N","A","H","-","A","A","0","Y","A","01",0,0,1,0,0,0,0,0,0,"-","-","LIVE OAK","SUTTER","CA",0,0
"7134425",-121.6439033,39.123995,2015,"5102","0","2","4","11",0,1,"A","Y",,,,,900,10,"G","B","D","CAMINO DEL FLORES","JESSICA DR",0,,"Y","2015-12-17",5102,"2015-10-06",749,"DEPUTY","5100","5","4","0","0",,"0","007","-","N",,0,0,,,0,,,,"N",2,"A","-",21954,"A","N","A","H","-","A","D","0","Y","N","60",0,0,1,0,1,0,0,0,0,"-","-","YUBA CITY","SUTTER","CA",0,0
"7134421",-121.6602282,39.2719116,2015,"5101","0","1","4","09",0,1,"A",,,,,,1200,10,"D","C","A","RT 99","LARKIN RD",0,,"Y","2017-02-04",5100,"2015-10-12",1053,"2081","5101","5","2","0","0",,"0","001","-","Y","SUT",3,99,"-","-",39.96,"I","5","N","Y",2,"A","-",21802,"A","N","A","H","-","A","D","0","Y","A","01",0,0,1,0,0,0,0,0,0,"-","-","LIVE OAK","SUTTER","CA",0,0
"7134417",-121.6612932,39.2783153,2015,"5101","0","5","4","03",0,1,"A",,,,,,900,10,"C","C","A","RT 99","JUNIPER ST",0,,"Y","2017-02-04",5100,"2015-10-09",806,"5104","LOCA2","5","2","0","0",,"0","02A","-","Y","SUT",3,99,"-","-",40.4,"H","-","S","N",2,"A","-",22350,,"N","A","H","-","A","A","0","Y","A","01",0,0,1,0,0,0,0,0,0,"-","-","LIVE OAK","SUTTER","CA",0,0
"7132787",-121.6043715,39.1326134,2015,"5102","0","2","3","08",0,1,"A",,"Y",,,"Y",900,12,"D","G","A","2ND ST","GARDEN HWY",50,"S","N","2015-12-17",5102,"2015-12-01",829,"4046","5102","5","4","0","0",,"0","001","-","N",,0,0,,,0,,,,"N",2,"A","-",22107,,"N","A","H","-","A","A","0","Y","L","04",0,1,0,0,0,0,1,0,0,"-","-","YUBA CITY","SUTTER","CA",0,0
"7132783",-121.6096459,39.1399027,2015,"5102","0","6","4","08",0,1,"B",,,,,,1500,12,"C","E","A","SUTTER ST","AYLOR AV",100,"N","N","2015-12-17",5102,"2015-12-05",1458,"4075","SUTTR","5","4","0","0",,"0","004","-","N",,0,0,,,0,,,,"Y",2,"A","-",22107,,"N","A","H","-","A","D","0","Y","A","07",0,0,1,0,0,0,0,0,0,"-","-","YUBA CITY","SUTTER","CA",0,0
"7132768",-121.6075532,39.138095,2015,"5102","0","2","4","09",0,1,"A",,"Y",,,,2100,11,"D","G","A","2ND ST","BRIDGE ST",0,,"Y","2015-12-22",5102,"2015-11-24",1800,"4089","5102","5","4","0","0",,"0","004","-","N",,0,0,,,0,,,,"Y",2,"A","-",21802,"A","N","A","H","-","C","A","0","Y","L","04",0,0,1,0,0,0,1,0,0,"-","-","YUBA CITY","SUTTER","CA",0,0
"7132735",-121.6166288,39.1408453,2015,"5102","0","4","4","00",0,1,"C",,,,,"Y",1800,12,"C","C","A","RT 20","SHASTA ST",10,"W","N","2017-02-04",5102,"2015-12-03",1638,"4075","SUTTR","5","4","0","0",,"0","004","-","Y","SUT",3,20,"-","-",16.59,"H","-","E","N",2,"D","-",0,,"F","B","H","-","C","A","0","Y","-","-",0,0,1,0,0,0,0,0,0,"-","-","YUBA CITY","SUTTER","CA",0,0
"7132620",-121.6145978,39.1477106,2015,"5102","0","2","4","03",0,1,"A",,,,,,1200,12,"C","C","A","MARKET ST","BIRD ST",257,"N","N","2015-12-18",5102,"2015-12-01",1111,"4083","5102","5","4","0","0",,"0","003","-","N",,0,0,,,0,,,,"N",3,"A","-",22350,,"N","A","H","-","A","D","0","Y","A","08",0,0,1,0,0,0,0,0,0,"-","-","YUBA CITY","SUTTER","CA",0,0
"7132608",-121.6174281,39.1141379,2015,"5102","0","2","4","03",0,1,"B",,,,,,1200,11,"C","C","A","GARDEN HWY","LINCOLN RD",500,"N","N","2015-12-21",5102,"2015-11-24",1048,"4079","4102","5","4","0","0",,"0","005","-","N",,0,0,,,0,,,,"Y",3,"A","-",22350,,"N","B","H","-","A","D","0","Y","D","22",0,0,1,0,0,0,0,0,0,"-","-","YUBA CITY","SUTTER","CA",0,0
"7132604",-121.6345991,39.1379568,2015,"5102","0","4","4","03",0,1,"B",,,,,,1500,12,"C","C","A","RT 99","E ONSTOTT FRONTAGE RD",154,"N","N","2017-02-04",5102,"2015-12-03",1201,"4039","5102","5","4","0","0",,"0","004","C","Y","SUT",3,99,"-","-",30.42,"H","-","N","Y",3,"A","-",22350,,"N","B","H","-","A","D","0","Y","D","22",0,0,1,0,0,0,0,0,0,"-","-","YUBA CITY","SUTTER","CA",0,0
"7132600",-121.6553447,39.1415559,2015,"5102","0","4","4","01",0,1,"B",,,,,"Y",2100,12,"C","C","A","RT 20","HARTER RD",50,"E","N","2017-02-04",5102,"2015-12-03",1942,"4075","SUTTE","5","4","0","0",,"0","004","-","Y","SUT",3,20,"-","-",14.48,"H","-","W","Y",3,"A","-",23153,"A","N","B","H","-","D","A","0","Y","A","01",0,0,1,0,0,0,0,0,0,"-","-","YUBA CITY","SUTTER","CA",0,0
"7132596",-121.6485267,39.1444205,2015,"5102","0","5","4","03",0,1,"B",,,,,,1800,12,"C","C","A","THARP RD","POOLE BL",100,"S","N","2015-12-18",5102,"2015-12-04",1521,"4074","5102","5","4","0","0",,"0","001","-","N",,0,0,,,0,,,,"Y",2,"A","-",22350,,"N","A","H","-","A","D","0","Y","D","23",0,0,1,0,0,0,0,0,0,"-","-","YUBA CITY","SUTTER","CA",0,0
"7128320",-121.6302132,39.1491051,2015,"5102","0","4","4","08",0,1,"A",,,"Y",,,900,11,"D","C","A","WASHINGTON AV","GRAY AV",0,,"Y","2015-12-07",5102,"2015-11-19",801,"4039","5102","5","4","0","0",,"0","003","-","N",,0,0,,,0,,,,"Y",2,"A","-",22100,"B","N","A","H","-","A","D","0","Y","A","07",0,0,1,0,0,0,0,0,1,"-","-","YUBA CITY","SUTTER","CA",0,0
"7128324",-121.6163364,39.1410841,2015,"5102","0","6","4","03",0,1,"A",,,,,,1500,11,"C","C","A","RT 20","SHASTA ST",0,,"Y","2017-02-04",5102,"2015-11-21",1413,"4094","5102","5","4","0","0",,"0","005","-","Y","SUT",3,20,"-","-",16.61,"H","-","W","N",2,"A","-",22350,,"F","A","H","-","A","A","0","Y","A","01",0,0,1,0,0,0,0,0,0,"-","-","YUBA CITY","SUTTER","CA",0,0
"7128165",-121.6206131,39.1518751,2015,"5102","0","7","4","12",0,3,"A",,,,,,2100,11,"D","C","A","LIVE OAK BL","QUEENS AV",0,,"Y","2015-12-09",5102,"2015-11-22",1930,"4027","5102","5","4","0","0",,"0","003","-","N",,0,0,,,0,,,,"Y",2,"A","-",21453,"A","N","A","H","-","C","A","0","Y","D","22",0,0,3,0,0,0,0,0,0,"-","-","YUBA CITY","SUTTER","CA",0,0
"7124005",-121.6344578,39.1330086,2015,"5102","0","6","4","03",0,1,"A",,,,,,2400,11,"C","C","A","BRIDGE ST","RT 99",45,"W","N","2017-02-04",5102,"2015-11-14",2213,"4077","5102","5","4","0","0",,"0","003","-","Y","SUT",3,99,"-","-",30.03,"I","6","S","N",2,"A","-",22350,,"N","A","H","-","C","A","0","Y","A","07",0,0,1,0,0,0,0,0,0,"-","-","YUBA CITY","SUTTER","CA",0,0
"7124004",-121.6128431,39.1219851,2015,"5102","0","3","4","12",0,1,"A",,,,,,900,11,"D","C","A","GARDEN HWY","PERCY AV",0,,"Y","2015-12-01",5102,"2015-11-18",759,"4083","5102","5","4","0","0",,"0","005","-","N",,0,0,,,0,,,,"Y",2,"A","-",21453,"A","N","A","H","-","A","A","0","Y","A","01",0,0,1,0,0,0,0,0,0,"-","-","YUBA CITY","SUTTER","CA",0,0
"7124003",-121.6298791,39.1299844,2015,"5102","0","4","3","05",0,1,"A",,,"Y",,,900,11,"D","G","A","B ST","GRAY AV",13,"W","N","2015-12-01",5102,"2015-11-12",759,"4083","5102","5","4","0","0",,"0","003","-","N",,0,0,,,0,,,,"Y",2,"A","-",21650,,"N","A","H","-","A","A","0","Y","C","03",0,1,0,0,0,0,0,0,1,"-","-","YUBA CITY","SUTTER","CA",0,0
"7124002",-121.6344783,39.1339052,2015,"5102","0","5","4","04",0,1,"A",,,,,,2100,11,"C","C","A","RT 99","BRIDGE ST",300,"N","N","2017-02-04",5102,"2015-11-13",1833,"4081","5102","5","4","0","0",,"0","002","-","Y","SUT",3,99,"-","-",30.09,"H","-","S","N",2,"A","-",21703,,"N","A","H","-","C","A","0","Y","A","01",0,0,1,0,0,0,0,0,0,"-","-","YUBA CITY","SUTTER","CA",0,0
"7124001",-121.6169003,39.1186648,2015,"5102","0","1","4","03",0,1,"C",,,,,,1800,11,"C","C","A","GARDEN HWY","WINSHIP RD",300,"S","N","2015-12-01",5102,"2015-11-09",1745,"4046","5102","5","4","0","0",,"0","001","-","N",,0,0,,,0,,,,"N",2,"A","-",22350,,"F","B","H","-","B","A","0","Y","A","01",0,0,1,0,0,0,0,0,0,"-","-","YUBA CITY","SUTTER","CA",0,0
"7123950",-121.6397631,39.127295,2015,"5102","0","4","4","01",0,1,"A",,,,,"Y",300,10,"A","J","A","FRANKLIN RD","NEIL DR",0,,"Y","2015-12-02",5102,"2015-10-22",249,"4087","5102","5","4","0","0",,"0","004","-","N",,0,0,,,0,,,,"Y",1,"A","-",23152,"E","M","A","H","-","C","D","0","Y","A","01",0,0,1,0,0,0,0,0,0,"-","-","YUBA CITY","SUTTER","CA",0,0
"7118030",0,0,2015,"5102","0","2","4","03",0,2,"A",,,,,,1200,10,"E","I","A","HARTER PKWY","SPIRIT WY",18,"S","N","2015-11-17",5102,"2015-10-20",930,"4067","5102","5","4","0","0",,"0","001","-","N",,0,0,,,0,,,,,1,"A","-",22350,,"N","A","H","-","A","A","0","Y","A","01",0,0,2,0,0,0,0,0,0,"-","-","YUBA CITY","SUTTER","CA",0,0
"7118013",-121.6206188,39.1520728,2015,"5102","0","3","4","18",0,1,"A",,,,,,2100,10,"E","I","A","LIVE OAK BL","QUEENS AV",72,"N","N","2015-11-18",5102,"2015-10-21",1820,"4096","5102","5","4","0","0",,"0","003","-","N",,0,0,,,0,,,,"Y",1,"C","-",0,,"N","A","H","-","A","D","0","Y","-","-",0,0,1,0,0,0,0,0,0,"-","-","YUBA CITY","SUTTER","CA",0,0
"7118009",-121.6098731,39.137285,2015,"5102","0","3","4","08",0,1,"B",,,,,,1800,10,"A","I","A","BRIDGE ST","HEIKEN WY",0,,"Y","2015-11-17",5102,"2015-10-28",1542,"4079","5102","5","4","0","0",,"0","004","-","N",,0,0,,,0,,,,"Y",1,"A","-",22107,,"N","A","H","-","A","D","0","Y","A","01",0,0,1,0,0,0,0,0,0,"-","-","YUBA CITY","SUTTER","CA",0,0
"7118005",-121.6555232,39.1414151,2015,"5102","0","4","4","01",0,1,"A",,,,,"Y",2100,10,"E","I","A","COLUSA FRONTAGE","HARTER PKWY",0,,"Y","2015-11-17",5102,"2015-10-29",1840,"4094","5102","5","4","0","0",,"0","005","-","N",,0,0,,,0,,,,"Y",1,"A","-",23153,"A","N","A","H","-","D","D","0","Y","A","01",0,0,1,0,0,0,0,0,0,"-","-","YUBA CITY","SUTTER","CA",0,0
"7117434",-121.6122058,39.1364325,2015,"5102","0","2","4","09",0,1,"A",,,,,,1500,11,"D","C","A","BRIDGE ST","SHASTA ST",476,"E","N","2015-11-23",5102,"2015-11-10",1455,"4079","5102","5","4","0","0",,"0","004","-","N",,0,0,,,0,,,,"Y",2,"A","-",21801,"A","N","A","-","-","A","D","0","Y","A","01",0,0,1,0,0,0,0,0,0,"-","-","YUBA CITY","SUTTER","CA",0,0
"7117430",-121.6692524,39.1551037,2015,"5102","0","4","3","01",0,1,"A",,,,,,900,11,"F","E","A","BUTTE HOUSE RD","COY DR",63,"W","N","2015-11-23",5102,"2015-11-05",610,"9003","SUTTE","5","4","0","0",,"0","001","-","N",,0,0,,,0,,,,"Y",3,"A","-",23152,"E","N","A","H","-","A","D","0","Y","A","01",0,1,0,0,0,0,0,0,0,"-","-","YUBA CITY","SUTTER","CA",0,0
"7117426",-121.6151621,39.1353836,2015,"5102","0","4","4","03",0,1,"A",,,,,,1200,11,"B","C","A","BRIDGE ST","PLUMAS ST",53,"E","N","2015-11-23",5102,"2015-11-05",933,"4083","5102","5","4","0","0",,"0","003","-","N",,0,0,,,0,,,,"Y",2,"A","-",22350,,"N","A","H","-","A","D","0","Y","A","01",0,0,1,0,0,0,0,0,0,"-","-","YUBA CITY","SUTTER","CA",0,0
"7117422",-121.634332,39.1517216,2015,"5102","0","1","3","03",0,1,"A",,,,,,1500,11,"E","I","A","E ONSTOTT","QUEENS AV",37,"N","N","2015-11-23",5102,"2015-11-09",1310,"4083","5102","5","4","0","0",,"0","003","C","N",,0,0,,,0,,,,"Y",1,"A","-",22350,,"N","B","H","-","A","D","0","Y","A","01",0,1,0,0,0,0,0,0,0,"-","-","YUBA CITY","SUTTER","CA",0,0
"7117418",0,0,2015,"5102","0","6","3","21",0,1,"A",,,,,,1200,11,"E","I","A","ZACHARY WY","THARP RD",150,"E","N","2015-11-23",5102,"2015-11-07",1112,"9003","SUTTE","5","4","0","0",,"0","001","-","N",,0,0,,,0,,,,"N",1,"A","-",22106,,"N","A","H","-","A","D","0","Y","A","01",0,1,0,0,0,0,0,0,0,"-","-","YUBA CITY","SUTTER","CA",0,0
"7117402",0,0,2015,"5102","0","7","2","03",0,1,"C",,,,,,1200,11,"C","C","A","5TH ST BR","SHASTA ST",1582,"E","N","2015-11-23",5102,"2015-11-01",1046,"4089","5102","5","4","0","0",,"0","004","-","N",,0,0,,,0,,,,"Y",2,"A","-",22350,,"N","B","H","-","A","D","0","Y","A","01",1,0,0,0,0,0,0,0,0,"-","-","YUBA CITY","SUTTER","CA",0,0
"7117400",-121.6345383,39.127167,2015,"5102","0","4","4","00",0,1,"A",,,,,,1800,10,"A","C","A","FRANKLIN RD","RT 99",0,,"Y","2017-02-04",5102,"2015-10-29",1603,"4096","5102","5","4","0","0",,"0","003","-","Y","SUT",3,99,"-","-",29.67,"I","5","N","Y",2,"D","-",0,,"N","A","H","-","A","A","0","Y","-","-",0,0,1,0,0,0,0,0,0,"-","-","YUBA CITY","SUTTER","CA",0,0
"7117396",-121.6063732,39.1361551,2015,"5102","0","3","4","17",0,1,"A",,"Y",,,,2400,10,"G","G","A","B ST","2ND ST",0,,"Y","2015-11-20",5102,"2015-10-28",2230,"481",,"5","4","0","0",,"0","004","-","N",,0,0,,,0,,,,"N",2,"A","-",21451,"A","N","A","H","-","C","A","0","Y","L","04",0,0,1,0,0,0,1,0,0,"-","-","YUBA CITY","SUTTER","CA",0,0
"7117392",-121.6439431,39.1379051,2015,"5102","0","1","4","05",0,1,"A",,"Y",,,,2100,10,"D","G","A","N WALTON AV","LASSEN BL",0,,"Y","2015-11-20",5102,"2015-10-26",2036,"4072","5102","5","4","0","0",,"0","002","-","N",,0,0,,,0,,,,"N",2,"A","-",21650,"1","N","A","H","-","C","D","0","Y","L","04",0,0,1,0,0,0,1,0,0,"-","-","YUBA CITY","SUTTER","CA",0,0