"CASEID","POINT_X","POINT_Y","YEAR_","LOCATION","CHPTYPE","DAYWEEK","CRASHSEV","VIOLCAT","KILLED","INJURED","WEATHER1","PEDCOL","BICCOL","MCCOL","TRUCKCOL","ETOH","TIMECAT","MONTH_","CRASHTYP","INVOLVE","PED","PRIMARYRD","SECONDRD","DISTANCE","DIRECT","INTERSECT_","PROCDATE","JURIS","DATE_","TIME_","BADGE","JURIDIST","SHIFT","POP","SPECIAL","BEATTYPE","LAPDDIV","BEATCLAS","BEATNUMB","WEATHER2","STATEHW","CALTRANC","CALTRAND","STROUTE","ROUTESUF","POSTPRE","POSTMILE","LOCATYPE","RAMP","SIDEHW","TOWAWAY","PARTIES","PCF","VIOLCODE","VIOL","VIOLSUB","HITRUN","ROADSURF","RDCOND1","RDCOND2","LIGHTING","RIGHTWAY","CHPRDTYP","NOTPRIV","STFAULT","CHPFAULT","SEVINJ","OTHERINJ","COP","PEDKILL","PEDINJ","BICKILL","BICINJ","MCKILL","MCINJURE","RAMP1","RAMP2","CITY","COUNTY","STATE","X_CHP","Y_CHP"
"7116978",0,0,2015,"5102","0","2","4","21",0,1,"A",,,,,,1200,11,"B","C","A","WINSLOW DR","CLARK AV",110,"W","N","2015-12-01",5102,"2015-11-10",957,"4089","5102","5","4","0","0",,"0","004","-","N",,0,0,,,0,,,,"N",2,"A","-",22106,,"N","A","H","-","B","D","0","Y","A","07",0,0,1,0,0,0,0,0,0,"-","-","YUBA CITY","SUTTER","CA",0,0
"7116970",-121.6616067,39.1413634,2015,"5102","0","3","4","16",0,1,"A",,,,,,1800,11,"D","I","A","RT 20","EL MARGARITA RD",200,"E","N","2017-02-04",5102,"2015-11-04",1518,"4079","5102","5","4","0","0",,"0","001","-","Y","SUT",3,20,"-","-",14.14,"H","-","E","Y",1,"A","-",24002,"A","N","A","H","-","A","D","0","Y","D","22",0,0,1,0,0,0,0,0,0,"-","-","YUBA CITY","SUTTER","CA",0,0
"7115591",-121.6124478,39.1340075,2015,"5102","0","5","4","09",0,1,"A",,,,,,2400,10,"B","C","A","WILBUR AV","B ST",30,"S","N","2015-12-14",5102,"2015-10-23",2207,"4069","5102","5","4","0","0",,"0","004","-","N",,0,0,,,0,,,,"Y",3,"A","-",21806,"A","N","A","H","-","C","D","0","Y","A","01",0,0,1,0,0,0,0,0,0,"-","-","YUBA CITY","SUTTER","CA",0,0
"7115413",-121.6348196,39.1417026,2015,"5102","0","6","4","01",0,2,"A",,,,,"Y",300,10,"C","C","A","RT 20","RT 99",0,,"Y","2017-02-04",5102,"2015-10-24",57,"4060","5102","5","4","0","0",,"0","002","-","Y","SUT",3,20,"-","R",15.58,"H","-","E","Y",2,"A","-",23153,"A","N","A","H","-","C","A","0","Y","D","22",0,0,2,0,0,0,0,0,0,"-","-","YUBA CITY","SUTTER","CA",0,0
"7115031",-121.6301283,39.1521746,2015,"5102","0","7","4","05",0,1,"A",,,,,,2100,9,"A","E","A","GRAY AV","QUEENS AV",120,"N","N","2015-11-13",5102,"2015-09-13",2037,"4092","5102","5","4","0","0",,"0","003","-","N",,0,0,,,0,,,,"Y",2,"A","-",21650,,"F","A","H","-","C","D","0","Y","-","-",0,0,1,0,0,0,0,0,0,"-","-","YUBA CITY","SUTTER","CA",0,0
"7114718",-121.6219946,39.1329962,2015,"5102","0","1","3","03",0,2,"A",,,,,,1800,10,"C","C","A","BRIDGE ST","PARK AV",25,"E","N","2016-08-19",5102,"2015-10-26",1547,"4083","5102","5","4","0","0",,"0","004","-","N",,0,0,,,0,,,,"Y",2,"A","-",22350,,"N","A","H","-","A","D","0","Y","A","01",0,2,0,0,0,0,0,0,0,"-","-","YUBA CITY","SUTTER","CA",0,0
"7114714",-121.6624332,39.1413552,2015,"5102","0","1","3","09",0,1,"A",,,"Y",,,900,10,"D","C","A","RT 20","EL MARGARITA RD",0,,"Y","2017-02-04",5102,"2015-10-26",735,"4083","5102","5","4","0","0",,"0","002","-","Y","SUT",3,20,"-","-",14.095,"I","5","E","Y",2,"A","-",21801,"A","N","A","H","-","A","D","0","Y","A","01",0,1,0,0,0,0,0,0,1,"-","-","YUBA CITY","SUTTER","CA",0,0
"7114710",0,0,2015,"5102","0","4","4","03",0,1,"A",,,,,,900,10,"C","C","A","QUEENS AV","PEACH TREE LN",0,,"Y","2015-11-10",5102,"2015-10-15",751,"4079","5102","5","4","0","0",,"0","001","-","N",,0,0,,,0,,,,"Y",2,"A","-",22350,,"N","A","H","-","A","D","0","Y","A","01",0,0,1,0,0,0,0,0,0,"-","-","YUBA CITY","SUTTER","CA",0,0
"7114706",-121.6149632,39.1345351,2015,"5102","0","3","4","05",0,1,"A",,"Y",,,,1800,10,"D","G","A","PLUMAS ST","A ST",0,,"Y","2015-11-10",5102,"2015-10-21",1726,"4096","5102","5","4","0","0",,"0","003","-","N",,0,0,,,0,,,,"N",2,"A","-",21650,"1","N","A","H","-","A","A","0","Y","L","04",0,0,1,0,0,0,1,0,0,"-","-","YUBA CITY","SUTTER","CA",0,0
"7114702",0,0,2015,"5102","0","3","4","04",0,1,"A",,,,,,1200,10,"C","C","A","5TH ST BR","SUTTER ST",100,"E","N","2015-11-10",5102,"2015-10-21",915,"9003","SUTTE","5","4","0","0",,"0","004","-","N",,0,0,,,0,,,,"N",2,"A","-",21703,,"N","A","H","-","A","D","0","Y","A","08",0,0,1,0,0,0,0,0,0,"-","-","YUBA CITY","SUTTER","CA",0,0
"7114634",0,0,2015,"5102","0","2","4","03",0,1,"A",,,,,,1200,1,"C","C","A","MARKET ST","LAMON ST",50,"N","N","2015-11-10",5102,"2015-01-27",1114,"4083","5102","5","4","0","0",,"0","003","-","N",,0,0,,,0,,,,"N",2,"A","-",22350,,"N","A","H","-","A","D","0","Y","A","01",0,0,1,0,0,0,0,0,0,"-","-","YUBA CITY","SUTTER","CA",0,0
"7111118",-121.6715922,39.1405474,2015,"5102","0","7","2","08",0,1,"A",,,,,,1500,10,"E","I","A","N GEORGE WASHINGTON BL","COLUSA FRONTAGE RD",123,"S","N","2015-11-23",5102,"2015-10-25",1223,"4073","5102","5","4","0","0",,"0","001","-","N",,0,0,,,0,,,,"Y",1,"A","-",22107,,"N","A","H","-","A","D","0","Y","-",,1,0,0,0,0,0,0,0,0,"-","-","YUBA CITY","SUTTER","CA",0,0
"7111080",-121.6206449,39.1518735,2015,"5102","0","1","4","11",0,1,"C","Y",,,,,2100,11,"G","B","B","QUEENS AV","LIVE OAK BL",9,"W","N","2015-11-14",5102,"2015-11-02",1916,"4076","5102","5","4","0","0",,"0","005","-","N",,0,0,,,0,,,,"N",2,"A","-",21953,,"N","B","H","-","C","A","0","Y","N","60",0,0,1,0,1,0,0,0,0,"-","-","YUBA CITY","SUTTER","CA",0,0
"7110989",-121.6439882,39.1432692,2015,"5102","0","5","4","03",0,1,"A",,,,,,1800,10,"C","C","A","STABLER LN","STARR DR",75,"S","N","2015-11-18",5102,"2015-10-16",1724,"4096","5102","5","4","0","0",,"0","002","-","N",,0,0,,,0,,,,"N",2,"A","-",22350,,"N","A","H","-","A","D","0","Y","D","22",0,0,1,0,0,0,0,0,0,"-","-","YUBA CITY","SUTTER","CA",0,0
"7102560",-121.6233432,39.132545,2015,"5102","0","1","4","12",0,1,"A",,,,,,600,10,"D","C","A","BRIDGE ST","COOPER AV",0,,"Y","2015-10-30",5102,"2015-10-19",451,"4027","5102","5","4","0","0",,"0","004","-","N",,0,0,,,0,,,,"N",2,"A","-",21453,"A","N","A","H","-","B","A","0","Y","A","01",0,0,1,0,0,0,0,0,0,"-","-","YUBA CITY","SUTTER","CA",0,0
"7102552",-121.6712338,39.1415052,2015,"5102","0","5","4","03",0,1,"A",,,,,,1800,10,"C","C","A","RT 20","N GEORGE WASHINGTON AV",0,,"Y","2017-02-04",5102,"2015-10-16",1642,"4094","5102","5","4","0","0",,"0","005","-","Y","SUT",3,20,"-","-",13.62,"H","-","W","N",3,"A","-",22350,,"F","A","H","-","A","A","0","Y","A","07",0,0,1,0,0,0,0,0,0,"-","-","YUBA CITY","SUTTER","CA",0,0
"7102377",-121.6199842,39.1411191,2015,"5102","0","6","3","08",0,1,"A",,,"Y",,,900,10,"B","C","A","RT 20","CHESTNUT ST",60,"E","N","2017-02-04",5102,"2015-10-03",759,"4074","5102","5","4","0","0",,"0","003","-","Y","SUT",3,20,"-","-",16.4,"H","-","W","N",2,"A","-",22107,,"N","A","H","-","A","D","0","Y","C","02",0,1,0,0,0,0,0,0,1,"-","-","YUBA CITY","SUTTER","CA",0,0
"7102373",-121.6301832,39.1397351,2015,"5102","0","2","3","12",0,2,"A",,,,,,1500,10,"D","C","A","GRAY AV","LOUISE AV",0,,"Y","2015-10-26",5102,"2015-10-13",1345,"4083","5102","5","4","0","0",,"0","003","-","N",,0,0,,,0,,,,"Y",2,"A","-",21453,"A","N","A","H","-","A","A","0","Y","A","01",0,1,1,0,0,0,0,0,0,"-","-","YUBA CITY","SUTTER","CA",0,0
"7102369",-121.6439431,39.1379051,2015,"5102","0","7","3","09",0,1,"A",,,,,,1500,10,"D","C","A","N WALTON AV","LASSEN BL",0,,"Y","2015-10-26",5102,"2015-10-11",1441,"4090","5102","5","4","0","0",,"0","001","-","N",,0,0,,,0,,,,"Y",2,"A","-",21804,"A","N","A","H","-","A","D","0","Y","A","01",0,1,0,0,0,0,0,0,0,"-","-","YUBA CITY","SUTTER","CA",0,0
"7102345",-121.6290981,39.1272451,2015,"5102","0","5","4","03",0,1,"A",,,,,,2100,10,"C","C","A","FRANKLIN AV","GRAY AV",200,"E","N","2015-10-26",5102,"2015-10-09",1804,"4075","SUTTE","5","4","0","0",,"0","004","-","N",,0,0,,,0,,,,"N",2,"A","-",22350,,"N","A","H","-","A","A","0","Y","A","01",0,0,1,0,0,0,0,0,0,"-","-","YUBA CITY","SUTTER","CA",0,0
"7102107",-121.6596404,39.2702161,2015,"5101","0","3","4","09",0,1,"A",,,,,,900,8,"D","C","A","RT 99","ASH ST",0,,"Y","2017-01-13",5100,"2015-08-05",630,"2100","LOCA4","5","2","0","0",,"0","01A","-","Y","SUT",3,99,"-","-",39.838,"I","5","N","Y",2,"A","-",21802,"A","N","A","H","-","A","D","0","Y","D","22",0,0,1,0,0,0,0,0,0,"-","-","LIVE OAK","SUTTER","CA",0,0
"7100148",-121.6599732,39.2760351,2015,"5101","0","7","3","09",0,5,"A",,,,,,2100,8,"D","C","A","PENNINGTON RD","LARKIN RD",0,,"Y","2015-10-27",5100,"2015-08-02",2000,"2091","LOCAI","5","2","0","0",,"0","01A","-","N",,0,0,,,0,,,,"Y",2,"A","-",21802,"A","N","A","H","-","A","A","0","Y","A","01",0,2,3,0,0,0,0,0,0,"-","-","LIVE OAK","SUTTER","CA",0,0
"7100144",-121.6612933,39.279065,2015,"5101","0","2","4","09",0,1,"A",,,,,,900,8,"D","C","A","RT 99","KOLA ST",0,,"Y","2015-10-27",5100,"2015-08-18",758,"5114","LOC2C","5","2","0","0",,"0","02A","-","N",,0,0,,,0,,,,"Y",2,"A","-",21802,"A","N","A","H","-","A","D","0","Y","A","07",0,0,1,0,0,0,0,0,0,"-","-","LIVE OAK","SUTTER","CA",0,0
"7097119",0,0,2015,"5102","0","1","4","03",0,1,"A",,,,,,2400,9,"E","I","A","SUNSWEET BL","WALTON AV",1283,"E","N","2015-10-19",5102,"2015-09-28",2209,"4093","5102","5","4","0","0",,"0","002","-","N",,0,0,,,0,,,,"Y",1,"A","-",22350,,"N","A","H","-","C","D","0","Y","A","01",0,0,1,0,0,0,0,0,0,"-","-","YUBA CITY","SUTTER","CA",0,0
"7097066",-121.6532731,39.127205,2015,"5102","0","1","3","12",0,1,"A",,"Y",,,,2100,9,"D","G","A","FRANKLIN RD","HARDING RD",0,,"Y","2015-10-16",5102,"2015-09-28",1826,"4091","5102","5","4","0","0",,"0","001","-","N",,0,0,,,0,,,,"N",2,"A","-",22450,"A","N","A","H","-","A","A","0","Y","A","01",0,1,0,0,0,0,1,0,0,"-","-","YUBA CITY","SUTTER","CA",0,0
"7097044",-121.6133515,39.1350782,2015,"5102","0","3","4","22",0,1,"A",,,,,,1500,9,"E","I","A","A ST","SHASTA ST",15,"W","N","2015-10-23",5102,"2015-09-30",1415,"4083","5101","5","4","0","0",,"0","003","-","N",,0,0,,,0,,,,"Y",1,"B","-",0,,"N","A","H","-","A","D","0","Y","-","-",0,0,1,0,0,0,0,0,0,"-","-","YUBA CITY","SUTTER","CA",0,0
"7097003",-121.6345383,39.127167,2015,"5102","0","6","4","00",0,1,"A",,,,,"Y",1800,10,"C","C","A","FRANKLIN AV","RT 99",70,"E","N","2017-02-04",5102,"2015-10-03",1516,"4075","SUTTE","5","4","0","0",,"0","004","-","Y","SUT",3,99,"-","-",29.67,"I","6","N","N",2,"D","-",0,,"F","A","H","-","A","A","0","Y","-","-",0,0,1,0,0,0,0,0,0,"-","-","YUBA CITY","SUTTER","CA",0,0
"7096999",-121.6100294,39.1405296,2015,"5102","0","1","4","09",0,3,"A",,,,,,1500,10,"D","C","A","SUTTER ST","TEEGARDEN AV",58,"N","N","2015-10-19",5102,"2015-10-05",1456,"4083","5102","5","4","0","0",,"0","004","-","N",,0,0,,,0,,,,"Y",2,"A","-",21804,"A","N","A","H","-","A","D","0","Y","A","01",0,0,3,0,0,0,0,0,0,"-","-","YUBA CITY","SUTTER","CA",0,0
"7096961",-121.6344934,39.1298714,2015,"5102","0","3","4","03",0,1,"A",,,,,,1500,10,"C","C","A","RT 99","BRIDGE ST",800,"S","N","2017-02-04",5102,"2015-10-07",1244,"4083","5102","5","4","0","0",,"0","004","-","Y","SUT",3,99,"-","-",29.82,"H","-","S","Y",2,"A","-",22350,,"N","A","H","-","A","D","0","Y","A","01",0,0,1,0,0,0,0,0,0,"-","-","YUBA CITY","SUTTER","CA",0,0
"7096856",-121.6283252,39.1416409,2015,"5102","0","5","4","09",0,1,"A",,,,,,1200,10,"D","C","A","RT 20","STAFFORD WY",0,,"Y","2017-02-04",5102,"2015-10-02",1103,"4011","5102","5","4","0","0",,"0","003","-","Y","SUT",3,20,"-","-",15.94,"I","5","E","Y",2,"A","-",21801,"A","N","A","H","-","A","A","0","Y","D","22",0,0,1,0,0,0,0,0,0,"-","-","YUBA CITY","SUTTER","CA",0,0
"7096852",-121.6251132,39.098395,2015,"5102","0","2","3","09",0,1,"A",,,,,,2100,9,"D","C","A","BOGUE RD","RAILROAD AV",0,,"Y","2015-10-21",5102,"2015-09-29",2041,"4093","5102","5","4","0","0",,"0","005","-","N",,0,0,,,0,,,,"N",2,"A","-",21802,"B","N","A","H","-","C","A","0","Y","A","01",0,1,0,0,0,0,0,0,0,"-","-","YUBA CITY","SUTTER","CA",0,0
"7096844",-121.6323942,39.1416619,2015,"5102","0","4","4","09",0,1,"B",,,,,,2100,10,"D","C","A","RT 20","ROCCA WY",0,,"Y","2017-02-04",5102,"2015-10-01",1943,"4075","SUTTE","5","4","0","0",,"0","003","-","Y","SUT",3,20,"-","-",15.72,"I","5","E","Y",2,"A","-",21453,"C","N","A","H","-","C","A","0","Y","A","01",0,0,1,0,0,0,0,0,0,"-","-","YUBA CITY","SUTTER","CA",0,0
"7093977",-121.6233401,39.1324765,2015,"5102","0","5","4","03",0,1,"A",,,,,,900,9,"C","C","A","COOPER AV","BRIDGE ST",25,"S","N","2015-10-24",5102,"2015-09-18",744,"4011","5102","5","4","0","0",,"0","004","-","N",,0,0,,,0,,,,"N",2,"A","-",22350,,"F","A","H","-","A","A","0","Y","A","07",0,0,1,0,0,0,0,0,0,"-","-","YUBA CITY","SUTTER","CA",0,0
"7093544",-121.6325343,39.1708982,2015,"5102","0","7","3","09",0,3,"A",,,,,,1800,10,"D","C","A","PEASE RD","E ONSTOTT FRONTAGE RD",286,"E","N","2015-11-02",5102,"2015-10-11",1637,"4090","5102","5","4","0","0",,"0","003","-","N",,0,0,,,0,,,,"Y",3,"A","-",21804,"A","N","A","H","-","A","A","0","Y","A","07",0,1,2,0,0,0,0,0,0,"-","-","YUBA CITY","SUTTER","CA",0,0
"7093540",-121.6166403,39.1075305,2015,"5102","0","6","2","11",0,1,"A","Y",,,,,1500,10,"G","B","B","GARDEN HWY","TEESDALE RD",9,"S","N","2015-11-03",5102,"2015-10-03",1325,"4072","5102","5","4","0","0",,"0","005","-","N",,0,0,,,0,,,,"Y",2,"A","-",21456,"B","N","A","H","-","A","B","0","Y","N","60",1,0,0,0,1,0,0,0,0,"-","-","YUBA CITY","SUTTER","CA",0,0
"7093528",-121.6354232,39.1323851,2015,"5102","0","4","3","09",0,2,"A",,,,,,1800,10,"D","C","A","BRIDGE ST","W ONSTOTT FRONTAGE RD",0,,"Y","2015-11-03",5102,"2015-10-08",1628,"4081","5102","5","4","0","0",,"0","002","-","N",,0,0,,,0,,,,"N",2,"A","-",21801,"A","N","A","H","-","A","D","0","Y","A","01",0,1,1,0,0,0,0,0,0,"-","-","YUBA CITY","SUTTER","CA",0,0
"7093524",0,0,2015,"5102","0","6","4","04",0,3,"B",,,,,,1500,10,"C","C","A","BRIDGE ST","W ONSTOTT FRTG",50,"W","N","2015-11-03",5102,"2015-10-17",1426,"9003","SUTTE","5","4","0","0",,"0","002","-","N",,0,0,,,0,,,,"N",2,"A","-",21703,,"N","B","H","-","A","D","0","Y","A","07",0,0,3,0,0,0,0,0,0,"-","-","YUBA CITY","SUTTER","CA",0,0
"7093087",-121.6157221,39.1005698,2015,"5102","0","5","3","07",0,1,"A",,,"Y",,,1200,10,"E","A","A","GARDEN HWY","BOGUE RD",75,"S","N","2015-10-28",5102,"2015-10-09",1051,"4011","5102","5","4","0","0",,"0","005","-","N",,0,0,,,0,,,,"N",2,"A","-",21658,"A","F","A","H","-","A","A","0","Y","D","22",0,1,0,0,0,0,0,0,1,"-","-","YUBA CITY","SUTTER","CA",0,0
"7093083",-121.6357879,39.1417118,2015,"5102","0","2","4","03",0,1,"A",,,,,,1500,10,"C","C","A","RT 20","RT 99",200,"W","N","2017-02-04",5102,"2015-10-06",1206,"4063","5102","5","4","0","0",,"0","002","-","Y","SUT",3,20,"-","R",15.53,"H","-","E","N",3,"A","-",22350,,"N","A","H","-","A","D","0","Y","D","22",0,0,1,0,0,0,0,0,0,"-","-","YUBA CITY","SUTTER","CA",0,0
"7091407",-121.6278032,39.151835,2015,"5102","0","2","4","03",0,1,"A",,,,,,1200,9,"C","C","A","QUEENS AV","STAFFORD WY",0,,"Y","2015-10-21",5102,"2015-09-22",1152,"4079","5102","5","4","0","0",,"0","003","-","N",,0,0,,,0,,,,"N",2,"A","-",22350,,"N","A","H","-","A","D","0","Y","J","48",0,0,1,0,0,0,0,0,0,"-","-","YUBA CITY","SUTTER","CA",0,0
"7086384",-121.6353432,39.1548152,2015,"5102","0","4","4","10",0,1,"A","Y",,,,,1800,9,"G","B","B","QUEENS AV","RT 99",0,,"Y","2017-01-13",5102,"2015-09-17",1657,"4081","5102","5","4","0","0",,"0","002","-","Y","SUT",3,99,"-","R",31.454,"R","4","S","N",2,"A","-",21950,"A","N","A","H","-","A","A","0","Y","D","23",0,0,1,0,1,0,0,0,0,"-","SF","YUBA CITY","SUTTER","CA",0,0
"7086376",-121.6345361,39.12763,2015,"5102","0","4","4","00",0,3,"A",,,,,,900,9,"C","C","A","FRANKLIN AV","RT 99",0,,"N","2017-01-12",5102,"2015-09-17",826,"4011","5102","5","4","0","0",,"0","002","-","Y","SUT",3,99,"-","-",29.67,"I","6","S","N",2,"D","-",0,,"N","A","H","-","A","A","0","Y","-","-",0,0,3,0,0,0,0,0,0,"-","-","YUBA CITY","SUTTER","CA",0,0
"7086356",0,0,2015,"5102","0","3","3","08",0,1,"A",,,,,,1200,9,"A","I","A","YORK DR","LANCASTER WY",0,,"Y","2015-10-08",5102,"2015-09-23",1128,"4079","5102","5","4","0","0",,"0","003","-","N",,0,0,,,0,,,,"N",1,"A","-",22107,,"N","A","H","-","A","D","0","Y","D","22",0,1,0,0,0,0,0,0,0,"-","-","YUBA CITY","SUTTER","CA",0,0
"7078605",-121.6347432,39.1568551,2015,"5102","0","2","4","03",0,2,"B",,,,,,1500,9,"C","C","A","E ONSTOTT FRONTAGE RD","FORESTWOOD DR",0,,"Y","2015-09-24",5102,"2015-09-15",1337,"4090","5102","5","4","0","0",,"0","003","-","N",,0,0,,,0,,,,"N",2,"A","-",22350,,"N","A","H","-","A","D","0","Y","A","01",0,0,2,0,0,0,0,0,0,"-","-","YUBA CITY","SUTTER","CA",0,0
"7078601",-121.6228032,39.112635,2015,"5102","0","1","4","21",0,1,"B",,"Y",,,,1200,9,"D","G","A","LINCOLN RD","RAILROAD AV",0,,"Y","2015-10-21",5102,"2015-09-14",1154,"4079","5102","5","4","0","0",,"0","005","-","N",,0,0,,,0,,,,"N",2,"A","-",22106,,"N","A","H","-","A","-","0","Y","A","07",0,0,1,0,0,0,1,0,0,"-","-","YUBA CITY","SUTTER","CA",0,0
"7076657",-121.6178436,39.1450879,2015,"5102","0","1","4","08",0,1,"B",,"Y",,,,1800,9,"D","G","A","AINSLEY AV","PLUMAS ST",50,"W","N","2015-09-25",5102,"2015-09-14",1528,"4079","5102","5","4","0","0",,"0","003","-","N",,0,0,,,0,,,,"N",2,"A","-",22107,,"N","A","H","-","A","D","0","Y","L","04",0,0,1,0,0,0,1,0,0,"-","-","YUBA CITY","SUTTER","CA",0,0
"7076565",-121.6173784,39.134673,2015,"5102","0","5","4","08",0,2,"A",,,,,,1200,9,"A","E","A","BRIDGE ST","BENNETT ST",75,"E","N","2015-09-19",5102,"2015-09-04",906,"4056","PATRO","5","4","0","0",,"0","004","-","N",,0,0,,,0,,,,"Y",2,"A","-",22107,,"N","A","H","-","A","A","0","Y","A","07",0,0,2,0,0,0,0,0,0,"-","-","YUBA CITY","SUTTER","CA",0,0
"7076564",0,0,2015,"5102","0","2","3","09",0,2,"A",,,,,,1500,9,"D","C","A","LONOAR AV","HOWARD AV",20,"E","N","2015-09-19",5102,"2015-09-01",1302,"4083","5102","5","4","0","0",,"0","002","-","N",,0,0,,,0,,,,"N",2,"A","-",21801,"A","N","A","H","-","A","A","0","Y","A","01",0,1,1,0,0,0,0,0,0,"-","-","YUBA CITY","SUTTER","CA",0,0
"7076563",-121.6153821,39.1353093,2015,"5102","0","2","4","21",0,2,"A",,,,,,1200,9,"C","C","A","BRIDGE ST","PLUMAS ST",15,"S","N","2015-09-19",5102,"2015-09-01",1002,"4083","5102","5","4","0","0",,"0","003","-","N",,0,0,,,0,,,,"N",2,"A","-",22106,,"N","A","H","-","A","A","0","Y","A","01",0,0,2,0,0,0,0,0,0,"-","-","YUBA CITY","SUTTER","CA",0,0
"7076562",-121.6345505,39.1363258,2015,"5102","0","1","4","12",0,1,"A",,,,,,1500,9,"D","C","A","RT 99","SUNSWEET BL",0,,"Y","2017-01-13",5102,"2015-09-07",1307,"4090","5102","5","4","0","0",,"0","003","-","Y","SUT",3,99,"-","-",30.252,"I","5","S","Y",2,"A","-",21453,"A","N","A","H","-","A","A","0","Y","A","01",0,0,1,0,0,0,0,0,0,"-","-","YUBA CITY","SUTTER","CA",0,0
"7076530",-121.6292744,39.1272451,2015,"5102","0","1","4","03",0,1,"A",,,,,,1800,8,"C","C","A","FRANKLIN AV","GRAY AV",150,"E","N","2015-09-21",5102,"2015-08-31",1513,"4079","5102","5","4","0","0",,"0","005","-","N",,0,0,,,0,,,,"N",3,"A","-",22350,,"N","A","H","-","A","D","0","Y","A","08",0,0,1,0,0,0,0,0,0,"-","-","YUBA CITY","SUTTER","CA",0,0
"7076529",-121.6347939,39.1273026,2015,"5102","0","1","4","05",0,1,"A",,"Y",,,,1800,8,"D","G","A","W ONSTOTT FRONTAGE RD","FRANKLIN AV",10,"N","N","2015-09-21",5102,"2015-08-31",1508,"4083","5102","5","4","0","0",,"0","002","-","N",,0,0,,,0,,,,"N",2,"A","-",21650,"1","N","A","H","-","A","A","0","Y","L","04",0,0,1,0,0,0,1,0,0,"-","-","YUBA CITY","SUTTER","CA",0,0
"7076528",-121.6145978,39.1477106,2015,"5102","0","1","4","03",0,2,"A",,,,,,900,8,"C","C","A","MARKET ST","BIRD ST",257,"N","N","2015-09-21",5102,"2015-08-31",819,"4083","5102","5","4","0","0",,"0","003","-","N",,0,0,,,0,,,,"N",2,"A","-",22350,,"N","A","H","-","A","D","0","Y","A","01",0,0,2,0,0,0,0,0,0,"-","-","YUBA CITY","SUTTER","CA",0,0
"7076527",0,0,2015,"5102","0","6","4","08",0,1,"A",,,,,,2400,8,"F","I","A","FRANKLIN RD","NUNTUCKET ST",258,"W","N","2015-09-21",5102,"2015-08-29",2146,"4045","5102","5","4","0","0",,"0","001","-","N",,0,0,,,0,,,,"Y",1,"A","-",22107,,"N","A","H","-","C","D","0","Y","A","01",0,0,1,0,0,0,0,0,0,"-","-","YUBA CITY","SUTTER","CA",0,0
"7076526",-121.6260504,39.1272351,2015,"5102","0","5","4","04",0,1,"A",,,,,"Y",2100,8,"C","C","A","FRANKLIN AV","CLARK AV",360,"W","N","2015-09-21",5102,"2015-08-28",1926,"4072","5102","5","4","0","0",,"0","005","-","N",,0,0,,,0,,,,"N",2,"A","-",21703,,"M","A","H","-","B","A","0","Y","A","01",0,0,1,0,0,0,0,0,0,"-","-","YUBA CITY","SUTTER","CA",0,0
"7076525",-121.6439832,39.1434751,2015,"5102","0","5","4","05",0,1,"A",,"Y",,,,1500,8,"D","G","A","STABLER LN","STARR DR",0,,"Y","2015-09-21",5102,"2015-08-28",1311,"4039","5102","5","4","0","0",,"0","002","-","N",,0,0,,,0,,,,"N",2,"A","-",21202,"A","N","A","H","-","A","A","0","Y","L","04",0,0,1,0,0,0,1,0,0,"-","-","YUBA CITY","SUTTER","CA",0,0
"7076524",-121.6216932,39.1413752,2015,"5102","0","5","4","03",0,1,"A",,,,,,1800,8,"C","C","A","RT 20","OLIVE ST",15,"W","N","2017-01-13",5102,"2015-08-28",1708,"4096","5102","5","4","0","0",,"0","004","-","Y","SUT",3,20,"-","-",16.3,"H","-","E","N",2,"A","-",22350,,"N","A","H","-","A","A","0","Y","A","01",0,0,1,0,0,0,0,0,0,"-","-","YUBA CITY","SUTTER","CA",0,0
"7076523",-121.6392333,39.1262474,2015,"5102","0","5","4","03",0,1,"A",,,,,,600,8,"E","I","A","LITTLEJOHN RD","HAYNE AV",21,"S","N","2015-09-21",5102,"2015-08-28",434,"4076","5102","5","4","0","0",,"0","006","-","N",,0,0,,,0,,,,"Y",1,"A","-",22350,,"F","A","H","-","C","D","0","Y","A","01",0,0,1,0,0,0,0,0,0,"-","-","YUBA CITY","SUTTER","CA",0,0
"7076326",-121.6251532,39.1321751,2015,"5102","0","7","3","00",0,1,"A",,"Y",,,,1200,8,"A","G","A","BRIDGE ST","CLARK AV",0,,"Y","2015-09-19",5102,"2015-08-23",1107,"9002","5102","5","4","0","0",,"0","004","-","N",,0,0,,,0,,,,"N",2,"D","-",0,,"N","A","H","-","A","A","0","Y","-","-",0,1,0,0,0,0,1,0,0,"-","-","YUBA CITY","SUTTER","CA",0,0
"7065407",-121.6346375,39.1104756,2015,"5100","3","5","4","03",0,1,"A",,,,,,1800,7,"C","C","A","RT 99","LINCOLN RD",853,"S","N","2017-01-12",9285,"2015-07-03",1705,"17118",,"2","9","0","1",,"1","051","-","Y","SUT",3,99,"-","-",28.51,"H","-","N","Y",2,"A","-",22350,,"N","A","H","-","A","D","5","Y","A","01",0,0,1,0,0,0,0,0,0,"-","-","UNINCORPORATED","SUTTER","CA",-121.63452,39.11061