"CASEID","POINT_X","POINT_Y","YEAR_","LOCATION","CHPTYPE","DAYWEEK","CRASHSEV","VIOLCAT","KILLED","INJURED","WEATHER1","PEDCOL","BICCOL","MCCOL","TRUCKCOL","ETOH","TIMECAT","MONTH_","CRASHTYP","INVOLVE","PED","PRIMARYRD","SECONDRD","DISTANCE","DIRECT","INTERSECT_","PROCDATE","JURIS","DATE_","TIME_","BADGE","JURIDIST","SHIFT","POP","SPECIAL","BEATTYPE","LAPDDIV","BEATCLAS","BEATNUMB","WEATHER2","STATEHW","CALTRANC","CALTRAND","STROUTE","ROUTESUF","POSTPRE","POSTMILE","LOCATYPE","RAMP","SIDEHW","TOWAWAY","PARTIES","PCF","VIOLCODE","VIOL","VIOLSUB","HITRUN","ROADSURF","RDCOND1","RDCOND2","LIGHTING","RIGHTWAY","CHPRDTYP","NOTPRIV","STFAULT","CHPFAULT","SEVINJ","OTHERINJ","COP","PEDKILL","PEDINJ","BICKILL","BICINJ","MCKILL","MCINJURE","RAMP1","RAMP2","CITY","COUNTY","STATE","X_CHP","Y_CHP"
"7063292",-121.6612903,39.278029,2015,"5101","0","2","3","11",0,1,"A","Y",,,,"Y",2100,9,"G","B","D","RT 99","JUNIPER ST",25,"S","N","2017-01-13",5100,"2015-09-22",1949,"2091","LOCA2","5","2","0","0",,"0","02A","-","Y","SUT",3,99,"-","-",40.38,"H","-","S","N",2,"A","-",21954,"A","N","A","H","-","C","-","0","Y","N","60",0,1,0,0,1,0,0,0,0,"-","-","LIVE OAK","SUTTER","CA",0,0
"7063044",-121.6599632,39.279085,2015,"5101","0","5","3","11",0,1,"A",,"Y",,,,900,9,"D","G","A","LARKIN RD","KOLA ST",0,,"Y","2015-10-27",5100,"2015-09-11",757,"2236","LOCA2","5","2","0","0",,"0","02A","-","N",,0,0,,,0,,,,"N",2,"A","-",21950,"B","N","A","H","-","A","A","0","Y","L","04",0,1,0,0,0,0,1,0,0,"-","-","LIVE OAK","SUTTER","CA",0,0
"7058660",-121.6346232,39.1416952,2015,"5102","0","2","4","03",0,1,"A",,,,,,1800,9,"C","C","A","RT 20","RT 99",30,"E","N","2017-01-13",5102,"2015-09-22",1745,"4073","5102","5","4","0","0",,"0","004","-","Y","SUT",3,20,"-","-",15.6,"H","-","E","Y",2,"A","-",22350,,"N","A","H","-","A","D","0","Y","-",,0,0,1,0,0,0,0,0,0,"-","-","YUBA CITY","SUTTER","CA",0,0
"7058659",-121.6220983,39.1126412,2015,"5102","0","5","4","21",0,1,"A",,,,,,2100,9,"C","C","A","LINCOLN RD","RAILROAD AV",200,"E","N","2015-10-09",5102,"2015-09-18",1904,"4075","SUTTE","5","4","0","0",,"0","003","-","N",,0,0,,,0,,,,"N",2,"A","-",22106,,"N","A","H","-","B","D","0","Y","A","01",0,0,1,0,0,0,0,0,0,"-","-","YUBA CITY","SUTTER","CA",0,0
"7058658",-121.6392531,39.1323151,2015,"5102","0","1","3","10",0,1,"A","Y",,,,,900,9,"D","B","B","JOY WY","BRIDGE ST",0,,"Y","2015-10-09",5102,"2015-09-21",814,"4079","5102","5","4","0","0",,"0","004","-","N",,0,0,,,0,,,,"N",2,"A","-",21950,"A","N","A","H","-","A","D","0","Y","A","01",0,1,0,0,1,0,0,0,0,"-","-","YUBA CITY","SUTTER","CA",0,0
"7058657",-121.6119359,39.1266772,2015,"5102","0","7","4","01",0,1,"A","Y",,,,"Y",2100,9,"E","I","E","MOORE AV","WILBUR AV",75,"W","N","2015-10-15",5102,"2015-09-13",1856,"4093",,"5","4","0","0",,"0","005","-","N",,0,0,,,0,,,,"Y",2,"A","-",23152,"B","N","A","H","-","B","D","0","Y","A","01",0,0,1,0,1,0,0,0,0,"-","-","YUBA CITY","SUTTER","CA",0,0
"7058501",-121.6150532,39.1253651,2015,"5102","0","3","4","09",0,1,"B",,,,,,1800,9,"D","C","A","PERCY AV","MOORE AV",0,,"Y","2015-10-09",5102,"2015-09-16",1722,"448","5102","5","4","0","0",,"0","005","-","N",,0,0,,,0,,,,"Y",2,"A","-",21802,"A","N","B","H","-","A","D","0","Y","A","08",0,0,1,0,0,0,0,0,0,"-","-","YUBA CITY","SUTTER","CA",0,0
"7049265",-121.6749273,38.9590802,2015,"5100","3","5","4","08",0,1,"A",,,,,,1500,6,"B","C","A","RT 113","LEISER RD",528,"S","N","2016-10-31",9285,"2015-06-26",1432,"017118",,"2","9","0","1",,"2","031","-","Y","SUT",3,113,"-","-",11.24,"H","-","S","Y",2,"A","-",22107,,"N","A","H","-","A","D","0","Y","A","01",0,0,1,0,0,0,0,0,0,"-","-","UNINCORPORATED","SUTTER","CA",0,0
"7045669",-121.6440332,39.1416452,2015,"5102","0","5","4","08",0,1,"A",,,,,,1500,8,"D","C","A","N WALTON AV","RT 20",200,"S","N","2017-01-14",5102,"2015-08-07",1218,"4069","5102","5","4","0","0",,"0","002","-","Y","SUT",3,20,"-","R",15.094,"I","6","E","Y",2,"A","-",22107,,"N","A","H","-","A","D","0","Y","A","01",0,0,1,0,0,0,0,0,0,"-","-","YUBA CITY","SUTTER","CA",0,0
"7045665",-121.6236831,39.170925,2015,"5102","0","1","3","08",0,2,"A",,,,,,1800,8,"D","C","A","LIVE OAK BL","PEASE RD",0,,"Y","2015-09-19",5102,"2015-08-24",1630,"4089","5102","5","4","0","0",,"0","003","-","N",,0,0,,,0,,,,"N",2,"A","-",22100,"B","N","A","H","-","A","D","0","Y","A","07",0,1,1,0,0,0,0,0,0,"-","-","YUBA CITY","SUTTER","CA",0,0
"7045661",-121.6439432,39.1323151,2015,"5102","0","1","4","03",0,1,"A",,,,,,600,8,"C","C","A","WALTON AV","BRIDGE ST",0,,"Y","2015-09-19",5102,"2015-08-24",552,"4027","5102","5","4","0","0",,"0","001","-","N",,0,0,,,0,,,,"N",2,"A","-",22350,,"F","A","H","-","B","A","0","Y","A","01",0,0,1,0,0,0,0,0,0,"-","-","YUBA CITY","SUTTER","CA",0,0
"7045657",-121.6176832,39.1443751,2015,"5102","0","6","3","09",0,1,"A",,"Y",,,,1200,8,"D","G","A","DEL NORTE AV","PLUMAS ST",0,,"Y","2015-09-19",5102,"2015-08-22",1129,"4011","5102","5","4","0","0",,"0","003","-","N",,0,0,,,0,,,,"N",2,"A","-",21802,"A","N","A","H","-","A","A","0","Y","A","08",0,1,0,0,0,0,1,0,0,"-","-","YUBA CITY","SUTTER","CA",0,0
"7045653",-121.611565,39.1366753,2015,"5102","0","1","2","01",0,2,"A",,,,,"Y",2400,8,"A","C","A","BRIDGE ST","BOYD ST",133,"W","N","2015-09-28",5102,"2015-08-24",2100,"485","5102","5","4","0","0",,"0","004","-","N",,0,0,,,0,,,,"Y",2,"A","-",23152,"A","N","A","H","-","C","D","0","Y","A","07",1,0,1,0,0,0,0,0,0,"-","-","YUBA CITY","SUTTER","CA",0,0
"7039951",-121.6438854,39.1202011,2015,"5102","0","3","4","03",0,3,"A",,,,,,2400,7,"C","C","A","SOUTH WALTON AV","CHERRY ST",75,"N","N","2015-10-14",5102,"2015-07-29",2140,"4061","5102","5","4","0","0",,"0","006","-","N",,0,0,,,0,,,,"Y",2,"A","-",22350,,"N","A","H","-","C","D","0","Y","J","48",0,0,3,0,0,0,0,0,0,"-","-","YUBA CITY","SUTTER","CA",0,0
"7039424",-121.6271616,39.1322336,2015,"5102","0","2","4","09",0,2,"A",,,,,,2100,8,"D","C","A","BRIDGE ST","HUGHES AV",9,"E","N","2015-09-11",5102,"2015-08-11",1909,"4045",,"5","4","0","0",,"0",,"-","N",,0,0,,,0,,,,"Y",2,"A","-",21803,"A","N","A","H","-","A","A","0","Y","-",,0,0,2,0,0,0,0,0,0,"-","-","YUBA CITY","SUTTER","CA",0,0
"7039420",-121.6145457,39.1336027,2015,"5102","0","5","4","01",0,1,"A",,,,,"Y",900,8,"C","C","A","PLUMAS ST","B ST",80,"N","N","2015-09-11",5102,"2015-08-14",758,"4056","PATRO","5","4","0","0",,"0","004","-","N",,0,0,,,0,,,,"Y",2,"A","-",23152,"A","N","A","H","-","A","A","0","Y","A","01",0,0,1,0,0,0,0,0,0,"-","-","YUBA CITY","SUTTER","CA",0,0
"7039416",-121.6175253,39.1346263,2015,"5102","0","5","2","08",0,1,"A",,"Y",,,"Y",1800,8,"A","G","A","BRIDGE ST","BENNETT WY",30,"E","N","2015-09-11",5102,"2015-08-14",1530,"486","5102","5","4","0","0",,"0","004","-","N",,0,0,,,0,,,,"N",2,"A","-",22107,,"N","A","H","-","A","D","0","Y","L","04",1,0,0,0,0,0,1,0,0,"-","-","YUBA CITY","SUTTER","CA",0,0
"7038741",-121.6117131,39.095165,2015,"5102","0","7","3","01",0,1,"A",,,,,"Y",1800,8,"A","I","A","GARDEN HWY","SHANGHAI BEND RD",0,,"Y","2015-09-11",5102,"2015-08-16",1716,"4073","5102","5","4","0","0",,"0","005","-","N",,0,0,,,0,,,,"N",1,"A","-",23152,"A","M","A","H","-","A","A","0","Y","A","01",0,1,0,0,0,0,0,0,0,"-","-","YUBA CITY","SUTTER","CA",0,0
"7037328",-121.6244453,39.1415098,2015,"5102","0","4","4","04",0,3,"A",,,,,,1800,8,"C","C","A","RT 20","COOPER AV",100,"W","N","2017-01-13",5102,"2015-08-13",1721,"4072","5102","5","4","0","0",,"0","004","-","Y","SUT",3,20,"-","-",16.15,"H","-","E","N",2,"A","-",21703,,"N","A","H","-","A","A","0","Y","D","22",0,0,3,0,0,0,0,0,0,"-","-","YUBA CITY","SUTTER","CA",0,0
"7037324",-121.607398,39.1378333,2015,"5102","0","4","4","08",0,2,"A",,,,,,1800,8,"D","C","A","2ND ST","BRIDGE ST",105,"S","N","2015-09-04",5102,"2015-08-13",1623,"4093","5102","5","4","0","0",,"0","004","-","N",,0,0,,,0,,,,"N",2,"A","-",22107,,"N","A","H","-","A","D","0","Y","A","01",0,0,2,0,0,0,0,0,0,"-","-","YUBA CITY","SUTTER","CA",0,0
"7037320",-121.6221281,39.1278729,2015,"5102","0","5","4","03",0,1,"A",,,,,,900,8,"C","C","A","FRANKLIN RD","PARK AV",300,"W","N","2015-09-09",5102,"2015-08-14",816,"4016","5102","5","4","0","0",,"0","004","-","N",,0,0,,,0,,,,"N",2,"A","-",22350,,"N","A","H","-","A","D","0","Y","A","01",0,0,1,0,0,0,0,0,0,"-","-","YUBA CITY","SUTTER","CA",0,0
"7032229",-121.6345406,39.1359971,2015,"5102","0","2","4","03",0,5,"A",,,,,,1800,8,"C","C","A","RT 99","SUNSWEET BL",119,"S","N","2017-01-13",5102,"2015-08-18",1743,"4089","5102","5","4","0","0",,"0","002","-","Y","SUT",3,99,"-","-",30.23,"H","-","S","Y",4,"A","-",22350,,"N","A","H","-","A","A","0","Y","D","23",0,0,5,0,0,0,0,0,0,"-","-","YUBA CITY","SUTTER","CA",0,0
"7030910",-121.6345383,39.127167,2015,"5102","0","6","4","01",0,1,"A",,,,,"Y",2400,5,"D","C","A","FRANKLIN RD","RT 99",0,,"Y","2016-11-07",5102,"2015-05-30",2111,"4087","5102","5","4","0","0",,"0","004","-","Y","SUT",3,99,"-","-",29.67,"I","6","N","N",2,"A","-",23152,"B","N","A","H","-","C","A","0","Y","A","01",0,0,1,0,0,0,0,0,0,"-","-","YUBA CITY","SUTTER","CA",0,0
"7030823",0,0,2015,"5102","0","4","3","05",0,1,"A",,"Y",,,,1800,7,"D","G","A","CLARK AV","MARCIA AV",17,"E","N","2015-08-22",5102,"2015-07-30",1527,"4083","5102","5","4","0","0",,"0","005","-","N",,0,0,,,0,,,,"N",2,"A","-",21650,"1","N","A","H","-","A","D","0","Y","L","04",0,1,0,0,0,0,1,0,0,"-","-","YUBA CITY","SUTTER","CA",0,0
"7030819",-121.6717803,39.1413291,2015,"5102","0","1","2","03",0,6,"A",,,,,,1800,7,"C","C","A","RT 20","N GEORGE WASHINGTON BL",35,"W","N","2017-01-13",5102,"2015-07-27",1730,"4089",,"5","4","0","0",,"0","004","-","Y","SUT",3,20,"-","-",13.59,"H","-","E","Y",3,"A","-",22350,,"N","A","H","-","A","A","0","Y","A","01",3,1,2,0,0,0,0,0,0,"-","-","YUBA CITY","SUTTER","CA",0,0
"7030815",0,0,2015,"5102","0","2","3","08",0,1,"A",,"Y",,,"Y",1800,7,"D","G","A","GRAY AV","PLAZA WY",30,"W","N","2015-09-03",5102,"2015-07-28",1535,"4083","5102","5","4","0","0",,"0","003","-","N",,0,0,,,0,,,,"N",2,"A","-",22107,,"N","-","-","-","A","A","0","Y","L","04",0,1,0,0,0,0,1,0,0,"-","-","YUBA CITY","SUTTER","CA",0,0
"7030807",-121.6137232,39.135875,2015,"5102","0","4","4","03",0,1,"A",,,,,,1800,7,"C","C","A","BRIDGE ST","SHASTA ST",0,,"Y","2015-08-22",5102,"2015-07-30",1517,"4095","5102","5","4","0","0",,"0","003","-","N",,0,0,,,0,,,,"N",2,"A","-",22350,,"F","A","H","-","A","A","0","Y","A","07",0,0,1,0,0,0,0,0,0,"-","-","YUBA CITY","SUTTER","CA",0,0
"7030803",-121.6439443,39.1323563,2015,"5102","0","3","4","21",0,1,"A",,,,,,1500,7,"C","C","A","WALTON AV","BRIDGE ST",15,"N","N","2015-08-22",5102,"2015-07-29",1236,"4011","5102","5","4","0","0",,"0","001","-","N",,0,0,,,0,,,,"N",2,"A","-",22106,,"N","A","H","-","A","A","0","Y","A","01",0,0,1,0,0,0,0,0,0,"-","-","YUBA CITY","SUTTER","CA",0,0
"7030691",0,0,2015,"5102","0","1","3","08",0,3,"A",,,,,,1500,8,"A","I","A","STEPHEN WY","FALLING ROCK CT",10,"S","N","2015-09-08",5102,"2015-08-10",1433,"4073","5102","5","4","0","0",,"0","005","-","N",,0,0,,,0,,,,"Y",1,"A","-",22107,,"N","A","H","-","A","D","0","Y","-",,0,2,1,0,0,0,0,0,0,"-","-","YUBA CITY","SUTTER","CA",0,0
"7030687",-121.6486348,39.1415112,2015,"5102","0","3","4","03",0,1,"A",,,,,,2400,8,"C","C","A","RT 20","THARP RD",15,"W","N","2017-01-13",5102,"2015-08-05",2238,"4061","5102","5","4","0","0",,"0","001","-","Y","SUT",3,20,"-","R",14.84,"H","-","E","N",2,"A","-",22350,,"N","A","H","-","C","A","0","Y","A","01",0,0,1,0,0,0,0,0,0,"-","-","YUBA CITY","SUTTER","CA",0,0
"7030683",-121.6064043,39.1362044,2015,"5102","0","3","4","03",0,1,"A",,,,,,900,8,"C","C","A","2ND ST","B ST",20,"N","N","2015-09-03",5102,"2015-08-05",746,"4056","PATRO","5","4","0","0",,"0","004","-","N",,0,0,,,0,,,,"N",3,"A","-",22350,,"N","A","H","-","A","A","0","Y","A","01",0,0,1,0,0,0,0,0,0,"-","-","YUBA CITY","SUTTER","CA",0,0
"7030667",-121.64394,39.1274692,2015,"5102","0","2","4","09",0,1,"A",,,,,,1800,8,"D","C","A","WALTON AV","FRANKLIN AV",78,"N","N","2015-09-08",5102,"2015-08-04",1509,"4083","5102","5","4","0","0",,"0","002","-","N",,0,0,,,0,,,,"Y",2,"A","-",21804,"A","N","A","H","-","A","D","0","Y","A","01",0,0,1,0,0,0,0,0,0,"-","-","YUBA CITY","SUTTER","CA",0,0
"7028139",-121.6345273,39.1355488,2015,"5102","0","6","4","03",0,2,"A",,,,,,1200,9,"C","C","A","RT 99","SUNSWEET BL",265,"S","N","2017-01-12",5102,"2015-09-26",1048,"4089","5102","5","4","0","0",,"0","002","-","Y","SUT",3,99,"-","-",30.2,"H","-","S","N",2,"A","-",22350,,"N","A","A","-","A","A","0","Y","A","01",0,0,2,0,0,0,0,0,0,"-","-","YUBA CITY","SUTTER","CA",0,0
"7028135",-121.6302579,39.1453054,2015,"5102","0","2","3","08",0,1,"A",,,,,,2100,9,"B","C","A","BUTTE HOUSE RD","GRAY AV",7,"W","N","2015-10-12",5102,"2015-09-22",1953,"4076","5102","5","4","0","0",,"0","005","-","N",,0,0,,,0,,,,"N",2,"A","-",22107,,"F","A","H","-","C","A","0","Y","A","01",0,1,0,0,0,0,0,0,0,"-","-","YUBA CITY","SUTTER","CA",0,0
"7028131",-121.6163092,39.1301665,2015,"5102","0","2","4","08",0,2,"A",,,,,,1500,9,"D","C","A","PERCY AV","ELM ST",25,"S","N","2015-10-12",5102,"2015-09-29",1300,"4083","5102","5","4","0","0",,"0","004","-","N",,0,0,,,0,,,,"Y",2,"A","-",22107,,"N","A","H","-","A","D","0","Y","A","01",0,0,2,0,0,0,0,0,0,"-","-","YUBA CITY","SUTTER","CA",0,0
"7028046",-121.6201433,39.155075,2015,"5102","0","4","2","10",0,1,"A",,"Y",,,"Y",1500,9,"D","G","A","LOREL WY","LIVE OAK BL",0,,"Y","2015-10-13",5102,"2015-09-24",1438,"4079","5102","5","4","0","0",,"0","003","-","N",,0,0,,,0,,,,"N",2,"A","-",21950,"A","F","A","H","-","A","D","0","Y","D","22",1,0,0,0,0,0,1,0,0,"-","-","YUBA CITY","SUTTER","CA",0,0
"7028042",-121.634554,39.1364453,2015,"5102","0","1","4","03",0,1,"A",,,,,,1500,9,"C","C","A","RT 99","SUNSWEET BL",60,"N","N","2017-01-12",5102,"2015-09-21",1405,"4079","5102","5","4","0","0",,"0",,"-","Y","SUT",3,99,"-","-",30.26,"H","-","S","N",2,"A","-",22350,,"N","A","H","-","A","D","0","Y","A","07",0,0,1,0,0,0,0,0,0,"-","-","YUBA CITY","SUTTER","CA",0,0
"7019217",-121.6353432,39.1548152,2015,"5102","0","1","4","03",0,2,"A",,,,,,1200,8,"C","C","A","QUEENS AV","RT 99",0,,"Y","2017-01-12",5102,"2015-08-03",948,"4090","5102","5","4","0","0",,"0","003","-","Y","SUT",3,99,"-","R",31.454,"R","4","S","Y",2,"A","-",22350,,"N","A","H","-","A","D","0","Y","J","48",0,0,2,0,0,0,0,0,0,"-","-","YUBA CITY","SUTTER","CA",0,0
"7018637",-121.6213331,39.1377451,2015,"5102","0","3","4","12",0,2,"A",,,,,,1500,7,"D","C","A","FORBES AV","OLIVE ST",0,,"Y","2015-08-28",5102,"2015-07-29",1303,"4056","PATRO","5","4","0","0",,"0","004","-","N",,0,0,,,0,,,,"Y",3,"A","-",22450,"A","N","A","H","-","A","A","0","Y","A","07",0,0,2,0,0,0,0,0,0,"-","-","YUBA CITY","SUTTER","CA",0,0
"7018625",-121.6335089,39.1323997,2015,"5102","0","4","4","08",0,1,"A",,,,,,900,7,"B","C","A","BRIDGE ST","PALORA",47,"W","N","2015-09-17",5102,"2015-07-30",719,"4083","5102","5","4","0","0",,"0","003","-","N",,0,0,,,0,,,,"N",2,"A","-",22107,,"N","A","H","-","A","D","0","Y","-","-",0,0,1,0,0,0,0,0,0,"-","-","YUBA CITY","SUTTER","CA",0,0
"7018609",-121.6344619,39.133457,2015,"5102","0","7","4","07",0,3,"A",,,,"Y",,1800,8,"B","C","A","RT 99","BRIDGE ST",150,"N","N","2017-01-13",5102,"2015-08-09",1608,"4046","5102","5","4","0","0",,"0","002","-","Y","SUT",3,99,"-","-",30.06,"H","-","S","Y",5,"A","-",21658,"A","N","A","H","-","A","A","0","Y","D","22",0,0,3,0,0,0,0,0,0,"-","-","YUBA CITY","SUTTER","CA",0,0
"7011006",-121.6300642,39.1380488,2015,"5102","0","5","3","10",0,1,"A","Y",,,,,1200,7,"G","B","B","GRAY AV","FORBES AV",5,"N","N","2015-08-11",5102,"2015-07-24",1153,"4016","5102","5","4","0","0",,"0","001","-","N",,0,0,,,0,,,,"N",2,"A","-",21950,"A","N","A","H","-","A","D","0","Y","A","01",0,1,0,0,1,0,0,0,0,"-","-","YUBA CITY","SUTTER","CA",0,0
"7011005",-121.6114432,39.126295,2015,"5102","0","1","2","05",0,1,"A",,,,,,900,7,"A","C","A","WILBUR AV","WILSON AV",0,,"Y","2015-08-11",5102,"2015-07-27",631,"4073","5102","5","4","0","0",,"0","005","-","N",,0,0,,,0,,,,"Y",2,"A","-",21650,,"N","A","H","-","A","D","0","Y","-",,1,0,0,0,0,0,0,0,0,"-","-","YUBA CITY","SUTTER","CA",0,0
"7011004",-121.6440134,39.1408214,2015,"5102","0","5","4","07",0,2,"A",,,,,,2100,7,"D","C","A","WALTON AV","RT 20",300,"S","N","2016-07-21",5102,"2015-07-24",1805,"4081","5102","5","4","0","0",,"0","002","-","N",,0,0,,,0,,,,"N",2,"A","-",21658,"A","N","A","H","-","A","D","0","Y","A","01",0,0,2,0,0,0,0,0,0,"-","-","YUBA CITY","SUTTER","CA",0,0
"7011002",-121.6219998,39.1592003,2015,"5102","0","4","4","05",0,2,"A",,,,,,600,7,"E","I","A","LIVE OAK BL","NORTHGATE DR",50,"S","N","2015-08-11",5102,"2015-07-23",515,"4061","5102","5","4","0","0",,"0","003","-","N",,0,0,,,0,,,,"Y",2,"A","-",21650,,"N","A","H","-","C","D","0","Y","A","01",0,0,2,0,0,0,0,0,0,"-","-","YUBA CITY","SUTTER","CA",0,0
"7011003",-121.6301804,39.139694,2015,"5102","0","5","3","12",0,1,"A",,"Y",,,,1800,7,"G","G","A","GRAY AV","LOUISE AV",15,"S","N","2015-08-11",5102,"2015-07-24",1500,"486","5102","5","4","0","0",,"0","004","-","N",,0,0,,,0,,,,"N",2,"A","-",21453,"A","N","A","H","-","A","A","0","Y","L","04",0,1,0,0,0,0,1,0,0,"-","-","YUBA CITY","SUTTER","CA",0,0
"7011001",-121.6352199,39.1534115,2015,"5102","0","2","3","22",0,1,"A",,,,,,600,7,"F","I","A","RT 99","QUEENS AV",1000,"S","N","2017-01-13",5102,"2015-07-21",336,"4075","SUTTE","5","4","0","0",,"0","005","-","Y","SUT",3,99,"-","-",31.5,"H","-","N","Y",1,"B","-",0,,"N","A","H","-","C","D","0","Y","A","01",0,1,0,0,0,0,0,0,0,"-","-","YUBA CITY","SUTTER","CA",0,0
"7011000",-121.6218594,39.1330496,2015,"5102","0","2","4","03",0,4,"A",,,,,,1200,7,"C","C","A","BRIDGE ST","PARK AV",68,"E","N","2015-08-20",5102,"2015-07-21",1051,"4079","5102","5","4","0","0",,"0","003","-","N",,0,0,,,0,,,,"Y",3,"A","-",22350,,"N","A","H","-","A","D","0","Y","A","01",0,0,4,0,0,0,0,0,0,"-","-","YUBA CITY","SUTTER","CA",0,0
"7010999",-121.6554932,39.1418951,2015,"5102","0","1","4","12",0,1,"A",,,,,,1200,7,"D","C","A","HARTER PKWY","N COLUSA FRONTAGE RD",0,,"Y","2015-08-20",5102,"2015-07-20",949,"4083","5102","5","4","0","0",,"0","001","-","N",,0,0,,,0,,,,"Y",2,"A","-",21453,"A","N","A","H","-","A","A","0","Y","A","01",0,0,1,0,0,0,0,0,0,"-","-","YUBA CITY","SUTTER","CA",0,0
"7010998",-121.6324456,39.1417927,2015,"5102","0","3","3","12",0,1,"A",,,,,,1500,7,"B","C","A","RT 20","ROCCA AV",35,"N","N","2017-01-13",5102,"2015-07-15",1317,"4083","5102","5","4","0","0",,"0","003","-","Y","SUT",3,20,"-","-",15.72,"I","5","W","N",2,"A","-",21453,"A","F","A","H","-","A","A","0","Y","A","01",0,1,0,0,0,0,0,0,0,"-","-","YUBA CITY","SUTTER","CA",0,0
"7010997",-121.6278033,39.1408627,2015,"5102","0","4","3","11",0,1,"A","Y",,,,,1200,7,"G","B","D","STAFFORD WY","ELLIS WY",81,"S","N","2015-08-20",5102,"2015-07-16",1042,"4079","5102","5","4","0","0",,"0","003","-","N",,0,0,,,0,,,,"N",2,"A","-",21954,"A","N","A","H","-","A","D","0","Y","A","01",0,1,0,0,1,0,0,0,0,"-","-","YUBA CITY","SUTTER","CA",0,0
"7010996",-121.6434962,39.1272609,2015,"5102","0","7","4","03",0,2,"A",,,,,,1800,7,"C","C","A","FRANKLIN AV","WALTON AV",124,"E","N","2015-08-20",5102,"2015-07-12",1738,"4089","5102","5","4","0","0",,"0","004","-","N",,0,0,,,0,,,,"Y",3,"A","-",22350,,"N","A","H","-","A","D","0","Y","A","07",0,0,2,0,0,0,0,0,0,"-","-","YUBA CITY","SUTTER","CA",0,0
"7009693",-121.6599246,39.2709708,2015,"5101","0","5","2","09",0,1,"A",,,,,,1500,7,"D","C","A","RT 99","LARKIN RD",0,,"Y","2017-01-13",5100,"2015-07-24",1352,"2100","LOCA4","5","2","0","0",,"0","01A","-","Y","SUT",3,99,"-","-",39.88,"I","5","S","Y",2,"A","-",21802,"A","N","A","H","-","A","D","0","Y","D","22",1,0,0,0,0,0,0,0,0,"-","-","LIVE OAK","SUTTER","CA",0,0
"7007391",-121.6312661,39.1323361,2015,"5102","0","4","4","09",0,4,"A",,,,,,1500,7,"D","C","A","BRIDGE ST","N BARRETT RD",15,"W","N","2015-08-20",5102,"2015-07-16",1210,"4079","5102","5","4","0","0",,"0","004","-","N",,0,0,,,0,,,,"Y",2,"A","-",21804,"A","N","A","H","-","A","D","0","Y","D","22",0,0,4,0,0,0,0,0,0,"-","-","YUBA CITY","SUTTER","CA",0,0
"7007383",-121.6716344,39.1334007,2015,"5102","0","7","4","03",0,3,"A",,,,,,1200,7,"C","C","A","N GEORGE WASHINGTON BL","HILLVIEW DR EAST",530,"S","N","2015-08-20",5102,"2015-07-26",1056,"4089",,"5","4","0","0",,"0","004","-","N",,0,0,,,0,,,,"Y",2,"A","-",22350,,"N","A","H","-","A","D","0","Y","D","23",0,0,3,0,0,0,0,0,0,"-","-","YUBA CITY","SUTTER","CA",0,0
"7007379",-121.6379225,39.1416893,2015,"5102","0","2","3","09",0,2,"A",,,,,,1200,7,"A","C","A","RT 20","CIVIC CENTER BL",350,"E","N","2017-01-13",5102,"2015-07-28",1112,"4046","5102","5","4","0","0",,"0","002","-","Y","SUT",3,20,"-","R",15.42,"H","-","E","Y",2,"A","-",21804,"A","N","A","H","-","A","A","0","Y","D","22",0,2,0,0,0,0,0,0,0,"-","-","YUBA CITY","SUTTER","CA",0,0
"7006775",-121.713323,39.1417344,2015,"5100","5","3","1","09",1,1,"A",,,"Y",,,2400,6,"D","C","A","LYTLE RD","RT 20",0,,"Y","2016-01-27",9285,"2015-06-03",2143,"019144",,"2","9","0","3",,"1","007","-","Y","SUT",3,20,"-","-",11.37,"I","5","W","Y",2,"A","-",21802,"A","F","A","H","-","D","A","0","Y","D","22",1,0,0,0,0,0,0,0,0,"-","-","UNINCORPORATED","SUTTER","CA",-121.71318,39.1418
"6995104",0,0,2015,"5102","0","4","4","08",0,1,"A",,,,,,2400,7,"B","C","A","MARKET ST","5TH ST BRIDGE",0,,"Y","2015-07-31",5102,"2015-07-02",2131,"4087","5102","5","4","0","0",,"0","004","-","N",,0,0,,,0,,,,"Y",2,"A","-",22102,,"M","A","H","-","C","D","0","Y","A","01",0,0,1,0,0,0,0,0,0,"-","-","YUBA CITY","SUTTER","CA",0,0
"6995055",-121.64228,39.127277,2015,"5102","0","6","4","03",0,3,"A",,,,,,900,7,"C","C","A","FRANKLIN RD","WALTON AV",469,"E","N","2015-09-17",5102,"2015-07-04",853,"4039","5102","5","4","0","0",,"0","002","-","N",,0,0,,,0,,,,"Y",2,"A","-",22350,,"N","A","H","-","A","D","0","Y","D","22",0,0,3,0,0,0,0,0,0,"-","-","YUBA CITY","SUTTER","CA",0,0
"6995054",-121.6351576,39.1418352,2015,"5102","0","6","4","04",0,1,"A",,,,,,1200,7,"C","C","A","RT 20","RT 99",0,,"Y","2017-01-13",5102,"2015-07-11",956,"4027","5102","5","4","0","0",,"0","002","-","Y","SUT",3,20,"-","-",15.573,"I","5","W","N",2,"A","-",21703,,"N","A","H","-","A","A","0","Y","D","22",0,0,1,0,0,0,0,0,0,"-","-","YUBA CITY","SUTTER","CA",0,0