"CASEID","POINT_X","POINT_Y","YEAR_","LOCATION","CHPTYPE","DAYWEEK","CRASHSEV","VIOLCAT","KILLED","INJURED","WEATHER1","PEDCOL","BICCOL","MCCOL","TRUCKCOL","ETOH","TIMECAT","MONTH_","CRASHTYP","INVOLVE","PED","PRIMARYRD","SECONDRD","DISTANCE","DIRECT","INTERSECT_","PROCDATE","JURIS","DATE_","TIME_","BADGE","JURIDIST","SHIFT","POP","SPECIAL","BEATTYPE","LAPDDIV","BEATCLAS","BEATNUMB","WEATHER2","STATEHW","CALTRANC","CALTRAND","STROUTE","ROUTESUF","POSTPRE","POSTMILE","LOCATYPE","RAMP","SIDEHW","TOWAWAY","PARTIES","PCF","VIOLCODE","VIOL","VIOLSUB","HITRUN","ROADSURF","RDCOND1","RDCOND2","LIGHTING","RIGHTWAY","CHPRDTYP","NOTPRIV","STFAULT","CHPFAULT","SEVINJ","OTHERINJ","COP","PEDKILL","PEDINJ","BICKILL","BICINJ","MCKILL","MCINJURE","RAMP1","RAMP2","CITY","COUNTY","STATE","X_CHP","Y_CHP"
"6988082",-121.6344578,39.1330086,2015,"5102","0","7","4","-",0,1,"A",,,,,,900,6,"D","C","A","RT 99","BRIDGE ST",0,,"Y","2016-11-07",5102,"2015-06-07",838,"4090","5102","5","4","0","0",,"0","002","-","Y","SUT",3,99,"-","-",30.03,"I","5","S","Y",2,"A","-",0,,"N","A","H","-","A","A","0","Y","-","-",0,0,1,0,0,0,0,0,0,"-","-","YUBA CITY","SUTTER","CA",0,0
"6987851",-121.6351072,39.1417135,2015,"5102","0","5","4","03",0,1,"A",,,,,,1800,7,"C","C","A","RT 20","RT 99",0,,"Y","2017-01-13",5102,"2015-07-03",1651,"4072","SUTTE","5","4","0","0",,"0","002","-","Y","SUT",3,20,"-","-",15.573,"I","5","E","N",4,"A","-",22350,,"N","A","H","-","A","A","0","Y","A","01",0,0,1,0,0,0,0,0,0,"-","-","YUBA CITY","SUTTER","CA",0,0
"6987725",-121.6394636,39.1416765,2015,"5102","0","1","4","03",0,1,"A",,,,,,1800,6,"C","C","A","RT 20","CIVIC CENTER BL",0,,"Y","2016-11-01",5102,"2015-06-15",1535,"4091","5102","5","4","0","0",,"0","002","-","Y","SUT",3,20,"-","R",15.34,"H","-","E","N",2,"A","-",22350,,"N","A","H","-","A","D","0","Y","A","01",0,0,1,0,0,0,0,0,0,"-","-","YUBA CITY","SUTTER","CA",0,0
"6987717",-121.6208311,39.143373,2015,"5102","0","2","4","09",0,1,"A",,,,,,1200,6,"D","C","A","LIVE OAK BL","DEL NORTE AV",32,"N","N","2015-07-21",5102,"2015-06-23",959,"4083","5102","5","4","0","0",,"0","003","-","N",,0,0,,,0,,,,"Y",2,"A","-",21801,"A","N","A","H","-","A","D","0","Y","A","01",0,0,1,0,0,0,0,0,0,"-","-","YUBA CITY","SUTTER","CA",0,0
"6987709",-121.6201352,39.1557539,2015,"5102","0","4","4","09",0,1,"A",,,,,,2100,6,"D","C","A","LIVE OAK BL","CASSIDY AV",379,"S","N","2015-07-22",5102,"2015-06-25",1811,"4093","5102","5","4","0","0",,"0","005","-","N",,0,0,,,0,,,,"Y",2,"A","-",21801,"A","N","A","H","-","A","D","0","Y","A","01",0,0,1,0,0,0,0,0,0,"-","-","YUBA CITY","SUTTER","CA",0,0
"6987705",-121.6166413,39.1075387,2015,"5102","0","3","3","09",0,1,"A",,"Y",,,,2400,7,"B","G","A","GARDEN HWY","BURNS DR",6,"S","N","2016-07-18",5102,"2015-07-01",2208,"4076",,"5","4","0","0",,"0","005","-","N",,0,0,,,0,,,,"N",2,"A","-",21800,"A","N","A","H","-","C","A","0","Y","L","04",0,1,0,0,0,0,1,0,0,"-","-","YUBA CITY","SUTTER","CA",0,0
"6987701",-121.6211239,39.141332,2015,"5102","0","1","4","03",0,1,"A",,,"Y",,,1500,7,"C","C","A","RT 20","OLIVE ST",0,,"Y","2017-01-13",5102,"2015-07-06",1358,"4046","5102","5","4","0","0",,"0","004","-","Y","SUT",3,20,"-","-",16.33,"I","5","E","N",2,"A","-",22350,,"N","A","G","H","A","A","0","Y","C","03",0,0,1,0,0,0,0,0,0,"-","-","YUBA CITY","SUTTER","CA",0,0
"6981598",-121.5104325,38.7800122,2015,"5100","5","1","4","05",0,1,"A",,,,,,900,6,"F","I","A","SANKEY RD","NATOMAS RD",2640,"W","N","2015-07-17",9285,"2015-06-08",745,"013966",,"1","9","0","3",,"1","001","-","N",,0,0,,,0,,,,"Y",1,"A","-",21650,,"N","A","H","-","A","D","0","Y","A","07",0,0,1,0,0,0,0,0,0,"-","-","UNINCORPORATED","SUTTER","CA",-121.50829,38.78003
"6981561",-121.7351296,39.1777302,2015,"5100","5","3","3","08",0,1,"A",,,,,,1500,6,"F","I","A","MALLOTT RD","BUTTE HOUSE RD",3696,"N","N","2015-07-17",9285,"2015-06-03",1215,"013806",,"1","9","0","3",,"1","007","-","N",,0,0,,,0,,,,"Y",1,"A","-",22107,,"N","A","G","-","A","D","0","Y","A","07",0,1,0,0,0,0,0,0,0,"-","-","UNINCORPORATED","SUTTER","CA",-121.44104,39.10698
"6981545",-121.6661799,39.1125968,2015,"5100","4","7","3","08",0,1,"A",,,,,,2100,6,"E","I","A","LINCOLN RD","GEORGE WASHINGTON BL",1584,"E","N","2015-07-17",9285,"2015-06-07",2025,"017118",,"2","9","0","2",,"1","052","-","N",,0,0,,,0,,,,"Y",1,"A","-",22107,,"N","A","H","-","B","D","0","Y","A","01",0,1,0,0,0,0,0,0,0,"-","-","UNINCORPORATED","SUTTER","CA",-121.66585,39.11277
"6981533",-121.4789968,38.8241288,2015,"5100","5","7","4","08",0,1,"A",,,,,,1500,6,"F","A","A","HOWSLEY RD","PLEASANT GROVE RD",2640,"E","N","2015-07-17",9285,"2015-06-14",1330,"017306",,"1","9","0","3",,"1","001","-","N",,0,0,,,0,,,,"Y",1,"A","-",22107,,"N","A","H","-","A","D","0","Y","A","01",0,0,1,0,0,0,0,0,0,"-","-","UNINCORPORATED","SUTTER","CA",-121.2828,38.49272
"6981521",-121.4882831,38.780395,2015,"5100","5","1","4","09",0,2,"A",,,,,,900,6,"D","C","A","SANKEY RD","PLEASANT GROVE RD",0,,"Y","2015-07-17",9285,"2015-06-08",700,"013806",,"1","9","0","3",,"1","001","-","N",,0,0,,,0,,,,"Y",2,"A","-",21802,"A","N","A","H","-","A","A","0","Y","A","01",0,0,2,0,0,0,0,0,0,"-","-","UNINCORPORATED","SUTTER","CA",-121.29291,38.46824
"6981277",0,0,2015,"5100","5","5","3","05",0,1,"A",,,"Y",,,1800,5,"F","A","A","NATOMAS RD","RIEGO RD",6336,"S","N","2015-07-14",9285,"2015-05-29",1745,"17118",,"2","9","0","3",,"1","001","-","N",,0,0,,,0,,,,"Y",2,"A","-",21650,,"N","A","H","-","A","D","0","Y","A","01",0,1,0,0,0,0,0,0,1,"-","-","UNINCORPORATED","SUTTER","CA",-121.49037,38.73498
"6981261",-121.5435992,38.8449564,2015,"5100","3","7","4","18",0,2,"B",,,"Y",,,1200,5,"F","I","A","RT 70","NICOLAUS AV",2746,"S","N","2016-11-01",9285,"2015-05-31",1147,"14401",,"1","9","0","1",,"1","010","-","Y","SUT",3,70,"-","R",3.53,"H","-","E","Y",1,"C","-",0,,"N","A","H","-","A","D","0","Y","-","-",0,0,2,0,0,0,0,0,2,"-","-","UNINCORPORATED","SUTTER","CA",-121.54738,38.90291
"6981257",-121.8150353,38.9393289,2015,"5100","5","6","3","08",0,1,"A",,,,,,1200,5,"E","I","A","CRANMORE RD","PELGER RD",2693,"S","N","2015-07-14",9285,"2015-05-30",900,"14401",,"1","9","0","3",,"1","003","-","N",,0,0,,,0,,,,"Y",1,"A","-",22107,,"N","A","H","-","A","D","0","Y","A","08",0,1,0,0,0,0,0,0,0,"-","-","UNINCORPORATED","SUTTER","CA",-121.81503,38.93939
"6981225",-121.6378673,39.2052783,2015,"5100","3","7","4","01",0,1,"A",,,,,"Y",300,5,"F","A","A","RT 99","EAGER RD",3960,"N","N","2016-11-07",9285,"2015-05-31",14,"18107",,"3","9","0","1",,"1","071","-","Y","SUT",3,99,"-","T",35.03,"H","-","S","Y",1,"A","-",23152,"A","N","A","H","-","D","D","0","Y","A","07",0,0,1,0,0,0,0,0,0,"-","-","UNINCORPORATED","SUTTER","CA",-121.63715,39.20557
"6979919",-121.5122957,38.7508722,2015,"5100","5","4","2","08",0,1,"A",,,,,,1200,5,"E","I","A","RIEGO RD","PACIFIC AV",3696,"E","N","2015-07-11",9285,"2015-05-28",920,"15048",,"1","9","0","3",,"1","001","-","N",,0,0,,,0,,,,"Y",1,"A","-",22107,,"N","A","H","-","A","D","0","Y","A","01",1,0,0,0,0,0,0,0,0,"-","-","UNINCORPORATED","SUTTER","CA",-121.51173,38.75116
"6976702",-121.6346286,39.1126339,2015,"5100","3","7","4","03",0,1,"B",,,,,,1500,4,"C","C","A","RT 99","LINCOLN RD",65,"S","N","2016-11-07",9285,"2015-04-05",1350,"13966",,"1","9","0","1",,"1","051","-","Y","SUT",3,99,"-","-",28.66,"H","-","N","Y",3,"A","-",22350,,"N","B","H","-","A","A","5","Y","A","01",0,0,1,0,0,0,0,0,0,"-","-","UNINCORPORATED","SUTTER","CA",-121.63459,39.11223
"6975622",-121.6368057,39.1317336,2015,"5102","0","2","2","11",0,1,"A","Y",,,,,1800,6,"D","B","D","OJI WY","BRIDGE ST",230,"S","N","2015-07-06",5102,"2015-06-16",1539,"4079","5102","5","4","0","0",,"0","002","-","N",,0,0,,,0,,,,"Y",2,"A","-",21953,,"N","A","H","-","A","D","0","Y","N","60",1,0,0,0,1,0,0,0,0,"-","-","YUBA CITY","SUTTER","CA",0,0
"6975618",0,0,2015,"5102","0","7","3","09",0,1,"A",,"Y",,,,2100,6,"D","G","A","MELTON DR","MELTON DR 1130",0,,"N","2015-07-06",5102,"2015-06-07",1822,"4095","5102","5","4","0","0",,"0","003","-","N",,0,0,,,0,,,,"N",2,"A","-",21804,"A","F","A","H","-","A","D","0","Y","L","04",0,1,0,0,0,0,1,0,0,"-","-","YUBA CITY","SUTTER","CA",0,0
"6975614",-121.6175921,39.1486543,2015,"5102","0","1","3","01",0,1,"A",,,,,,300,6,"C","E","A","PLUMAS ST","LYNN WY",350,"S","N","2015-07-06",5102,"2015-06-22",135,"4075","SUTTE","5","4","0","0",,"0","003","-","N",,0,0,,,0,,,,"Y",2,"A","-",23152,"E","M","A","H","-","C","D","0","Y","A","01",0,1,0,0,0,0,0,0,0,"-","-","YUBA CITY","SUTTER","CA",0,0
"6975337",-121.6247833,39.1268257,2015,"5102","0","1","3","03",0,1,"A",,"Y",,,,1500,6,"C","E","A","CLARK AV","FRANKLIN AV",160,"S","N","2015-08-06",5102,"2015-06-22",1441,"4079",,"5","4","0","0",,"0",,"-","N",,0,0,,,0,,,,"N",2,"A","-",22350,,"N","A","H","-","A","D","0","Y","L","04",0,1,0,0,0,0,1,0,0,"-","-","YUBA CITY","SUTTER","CA",0,0
"6974592",-121.6138847,39.13582,2015,"5102","0","2","4","03",0,1,"C",,,,,,1200,4,"C","D","A","BRIDGE ST","SHASTA ST",50,"W","N","2015-07-10",5102,"2015-04-07",1013,"4026",,"5","4","0","0",,"0","004","-","N",,0,0,,,0,,,,"N",2,"A","-",22350,,"N","B","H","-","A","A","0","Y","A","01",0,0,1,0,0,0,0,0,0,"-","-","YUBA CITY","SUTTER","CA",0,0
"6974588",-121.612944,39.1262529,2015,"5102","0","1","3","21",0,1,"A","Y",,,,,1200,6,"G","B","E","MOORE AV","WILBUR AV",400,"W","N","2015-07-09",5102,"2015-06-01",1018,"4073","5102","5","4","0","0",,"0","005","-","N",,0,0,,,0,,,,"N",2,"A","-",22106,,"N","A","H","-","A","D","0","Y","-",,0,1,0,0,1,0,0,0,0,"-","-","YUBA CITY","SUTTER","CA",0,0
"6970275",-121.6333675,39.1418396,2015,"5102","0","2","4","09",0,1,"A",,,,,,1500,6,"D","C","A","RT 20","RT 99",528,"E","N","2016-11-01",5102,"2015-06-02",1225,"4073","5102","5","4","0","0",,"0","003","-","Y","SUT",3,20,"-","-",15.67,"H","-","W","Y",2,"A","-",21804,"A","N","A","H","-","A","A","0","Y","-",,0,0,1,0,0,0,0,0,0,"-","-","YUBA CITY","SUTTER","CA",0,0
"6970271",-121.6302232,39.1439351,2015,"5102","0","7","3","12",0,1,"A",,,,,,1500,6,"D","C","A","GRAY AV","YUBA PLAZA DR",0,,"Y","2015-07-10",5102,"2015-06-14",1410,"4046","5102","5","4","0","0",,"0","003","-","N",,0,0,,,0,,,,"Y",2,"A","-",21453,"A","N","A","H","-","A","A","0","Y","A","01",0,1,0,0,0,0,0,0,0,"-","-","YUBA CITY","SUTTER","CA",0,0
"6970179",0,0,2015,"5102","0","5","4","03",0,2,"A",,,,,,2100,6,"F","A","A","SUMNER ST","RT 20",300,"N","N","2016-06-20",5102,"2015-06-12",1911,"4093","5102","5","4","0","0",,"0","005","-","N",,0,0,,,0,,,,"Y",1,"A","-",22350,,"N","A","B","-","A","D","0","Y","A","01",0,0,2,0,0,0,0,0,0,"-","-","YUBA CITY","SUTTER","CA",0,0
"6970175",-121.6161832,39.1411352,2015,"5102","0","6","4","11",0,1,"A",,"Y",,,,600,6,"D","G","A","RT 20","SHASTA ST",0,,"Y","2016-11-01",5102,"2015-06-06",528,"4087","5102","5","4","0","0",,"0","004","-","Y","SUT",3,20,"-","-",16.619,"I","5","W","N",2,"A","-",21456,"B","N","A","H","-","A","A","0","Y","L","04",0,0,1,0,0,0,1,0,0,"-","-","YUBA CITY","SUTTER","CA",0,0
"6970171",-121.6211873,39.1414677,2015,"5102","0","3","4","21",0,1,"A",,,,,,1500,6,"C","C","A","LIVE OAK BL","RT 20",0,,"Y","2016-11-01",5102,"2015-06-03",1240,"4074","5102","5","4","0","0",,"0","003","-","Y","SUT",3,20,"-","-",16.33,"I","6","W","N",2,"A","-",22106,,"N","A","H","-","A","A","0","Y","A","01",0,0,1,0,0,0,0,0,0,"-","-","YUBA CITY","SUTTER","CA",0,0
"6970167",-121.6439432,39.1323151,2015,"5102","0","2","3","12",0,2,"A",,,,,,2400,6,"D","C","A","WALTON AV","BRIDGE ST",0,,"Y","2015-07-06",5102,"2015-06-02",2256,"4027","5102","5","4","0","0",,"0","001","-","N",,0,0,,,0,,,,"N",2,"A","-",21453,"A","N","A","H","-","C","A","0","Y","A","01",0,1,1,0,0,0,0,0,0,"-","-","YUBA CITY","SUTTER","CA",0,0
"6970163",-121.6352332,39.1484752,2015,"5102","0","1","4","12",0,1,"A",,,,,,2100,6,"D","C","A","QUEENS AV","RT 99",0,,"Y","2016-11-05",5102,"2015-06-01",1950,"4081","5102","5","4","0","0",,"0","002","-","Y","SUT",3,99,"-","R",31.151,"R","4","N","N",2,"A","-",21453,"A","N","A","H","-","A","A","0","Y","A","01",0,0,1,0,0,0,0,0,0,"-","-","YUBA CITY","SUTTER","CA",0,0
"6969997",-121.6438918,39.1208052,2015,"5102","0","6","4","09",0,1,"A",,,,,,1200,6,"B","C","A","WALTON AV","CHERRY ST",295,"N","N","2015-07-11",5102,"2015-06-06",1124,"DEPUTY","MAP85","5","4","0","0",,"0","007","-","N",,0,0,,,0,,,,"N",2,"A","-",21801,"A","N","A","H","-","A","D","0","Y","A","01",0,0,1,0,0,0,0,0,0,"-","-","YUBA CITY","SUTTER","CA",0,0
"6969993",-121.6607497,39.2740316,2015,"5101","0","4","4","03",0,1,"A",,,,,,1200,5,"C","C","A","RT 99","ELM ST",250,"N","N","2016-11-07",5100,"2015-05-14",1128,"2051","5101","5","2","0","0",,"0","002","-","Y","SUT",3,99,"-","-",40.11,"H","-","N","Y",2,"A","-",22350,,"N","A","H","-","A","D","0","Y","D","22",0,0,1,0,0,0,0,0,0,"-","-","LIVE OAK","SUTTER","CA",0,0
"6965664",-121.6710308,39.2760051,2015,"5101","0","4","4","03",0,2,"A",,,,,,2100,5,"C","C","A","PENNINGTON RD","DEE REE RD",240,"W","N","2015-07-02",5100,"2015-05-28",2045,"5082","LOCA2","5","2","0","0",,"0","02A","-","N",,0,0,,,0,,,,"N",2,"A","-",22350,,"N","A","H","-","C","D","0","Y","A","01",0,0,2,0,0,0,0,0,0,"-","-","LIVE OAK","SUTTER","CA",0,0
"6964896",-121.6606919,39.2737704,2015,"5101","0","5","4","03",0,1,"A",,,,,,1200,6,"C","C","A","RT 99","ELM ST",100,"N","N","2016-11-07",5100,"2015-06-12",1137,"2081","5101","5","2","0","0",,"0","002","-","Y","SUT",3,99,"-","-",40.08,"H","-","S","Y",2,"A","-",22350,,"N","A","H","-","A","A","0","Y","A","01",0,0,1,0,0,0,0,0,0,"-","-","LIVE OAK","SUTTER","CA",0,0
"6962181",-121.4976223,38.7739092,2015,"5100","5","5","4","01",0,1,"A",,,,,"Y",300,5,"E","I","A","NATOMAS RD","SANKEY RD",2500,"S","N","2015-06-24",9285,"2015-05-15",110,"018291",,"3","9","0","3",,"1","001","-","N",,0,0,,,0,,,,"Y",1,"A","-",23152,"A","N","A","H","-","D","D","0","Y","A","01",0,0,1,0,0,0,0,0,0,"-","-","UNINCORPORATED","SUTTER","CA",-121.49798,38.77464
"6962180",-121.6326232,39.112765,2015,"5100","5","6","4","03",0,1,"A",,,,,,2400,5,"D","C","A","LINCOLN RD","S BARRETT RD",0,,"Y","2015-06-25",9285,"2015-05-16",2143,"018475",,"2","9","0","3",,"1","005","-","N",,0,0,,,0,,,,"Y",2,"A","-",22350,,"N","A","H","-","C","A","0","Y","A","07",0,0,1,0,0,0,0,0,0,"-","-","UNINCORPORATED","SUTTER","CA",-121.63261,39.11276
"6962149",-121.6160731,39.051545,2015,"5100","4","4","2","09",0,3,"B",,,,,,900,5,"D","C","A","MESSICK RD","GARDEN HWY",0,,"Y","2015-06-24",9285,"2015-05-07",615,"15048",,"1","9","0","2",,"1","052","-","N",,0,0,,,0,,,,"Y",2,"A","-",21802,"A","N","A","H","-","A","A","0","Y","A","01",1,0,2,0,0,0,0,0,0,"-","-","UNINCORPORATED","SUTTER","CA",-121.61573,39.05155
"6962146",0,0,2015,"5100","3","2","3","08",0,1,"A",,,,,,2400,5,"F","I","A","LEVEE RD","FRANKLIN RD",666,"S","N","2015-06-24",9285,"2015-05-05",2250,"019144",,"3","9","0","1",,"1","071","-","N",,0,0,,,0,,,,"Y",1,"A","-",22107,,"N","A","H","-","D","D","0","Y","A","01",0,1,0,0,0,0,0,0,0,"-","-","UNINCORPORATED","SUTTER","CA",-121.75652,39.12629
"6962147",-121.7451797,39.0986879,2015,"5100","5","1","3","01",0,1,"A",,,"Y",,"Y",1800,5,"F","A","A","CLEMENTS RD","BOGUE RD",5,"N","N","2015-06-24",9285,"2015-05-04",1659,"014401",,"2","9","0","3",,"1","005","-","N",,0,0,,,0,,,,"Y",1,"A","-",23152,"A","N","A","H","-","A","D","0","Y","C","02",0,1,0,0,0,0,0,0,1,"-","-","UNINCORPORATED","SUTTER","CA",-121.74519,39.09858
"6962131",-121.6318404,39.1127375,2015,"5100","4","4","4","03",0,1,"B",,,,,,1200,5,"C","C","A","LINCOLN RD","PHILLIPS RD",89,"E","N","2015-06-29",9285,"2015-05-21",1108,"017118",,"1","9","0","2",,"1","052","-","N",,0,0,,,0,,,,"N",2,"A","-",22350,,"N","A","H","-","A","D","0","Y","A","01",0,0,1,0,0,0,0,0,0,"-","-","UNINCORPORATED","SUTTER","CA",-121.63186,39.11265
"6962129",-121.6321536,39.1127277,2015,"5100","4","6","4","21",0,2,"A",,,,,,2400,5,"C","C","A","PHILLIPS RD","LINCOLN RD",10,"S","N","2016-06-08",9285,"2015-05-23",2120,"018286",,"2","9","0","2",,"1","052","-","N",,0,0,,,0,,,,"N",2,"A","-",22106,,"N","A","H","-","C","D","0","Y","A","01",0,0,2,0,0,0,0,0,0,"-","-","UNINCORPORATED","SUTTER","CA",-121.3756,39.06454
"6962128",-121.9081586,39.2164355,2015,"5100","5","1","4","03",0,3,"A",,,,,,2100,5,"F","A","A","WEST BUTTE RD","PASS RD",15840,"N","N","2015-06-24",9285,"2015-05-25",1815,"019168",,"2","9","0","3",,"1","007","-","N",,0,0,,,0,,,,"Y",1,"A","-",22350,,"N","A","H","-","A","D","0","Y","A","01",0,0,3,0,0,0,0,0,0,"-","-","UNINCORPORATED","SUTTER","CA",-121.90426,39.21576
"6962125",-121.6346003,39.0913364,2015,"5100","3","4","4","08",0,1,"A",,,,,,1800,5,"E","I","A","RT 99","STEWART RD",1584,"N","N","2017-01-09",9285,"2015-05-07",1755,"017129",,"2","9","0","1",,"1","051","-","Y","SUT",3,99,"-","-",27.18,"H","-","N","Y",1,"A","-",22107,,"N","A","H","-","A","D","5","Y","A","08",0,0,1,0,0,0,0,0,0,"-","-","UNINCORPORATED","SUTTER","CA",-121.6348,39.09193
"6962126",-121.6347145,39.0871049,2015,"5100","5","2","3","08",0,1,"A",,,,,,1500,5,"E","I","A","STEWART RD","RT 99",50,"W","N","2017-01-09",9285,"2015-05-26",1250,"014793",,"1","9","0","3",,"1","005","-","Y","SUT",3,99,"-","-",26.88,"I","6","S","Y",1,"A","-",22107,,"N","A","H","-","A","D","5","Y","A","07",0,1,0,0,0,0,0,0,0,"-","-","UNINCORPORATED","SUTTER","CA",-121.6351,39.0872
"6962123",-121.6533533,39.2529394,2015,"5100","3","6","4","03",0,2,"A",,,,,,2400,5,"C","C","A","RT 99","PASEO AV",1000,"N","N","2016-11-07",9285,"2015-05-09",2120,"018291",,"2","9","0","1",,"1","071","-","Y","SUT",3,99,"-","-",38.59,"H","-","N","N",2,"A","-",22350,,"N","A","H","-","E","D","0","Y","A","01",0,0,2,0,0,0,0,0,0,"-","-","UNINCORPORATED","SUTTER","CA",-121.65319,39.25276
"6962122",-121.4877921,38.9076638,2015,"5100","5","2","4","03",0,1,"A",,,,,,1800,5,"E","I","A","PLEASANT GROVE RD","NICOLAUS AV",25,"N","N","2015-06-24",9285,"2015-05-12",1750,"017534",,"2","9","0","3",,"1","002","-","N",,0,0,,,0,,,,"Y",1,"A","-",22350,,"N","A","H","-","A","D","0","Y","A","01",0,0,1,0,0,0,0,0,0,"-","-","UNINCORPORATED","SUTTER","CA",-121.48792,38.90766
"6962120",-121.5512132,38.8618693,2015,"5100","3","7","4","03",0,2,"B",,,,,,2100,5,"B","C","A","RT 99","STRIPIN RD",2640,"S","N","2017-01-09",9285,"2015-05-17",1810,"017534",,"2","9","0","1",,"1","011","-","Y","SUT",3,99,"-","-",8.748,"H","-","N","Y",2,"A","-",22350,,"N","A","H","-","A","D","5","Y","A","01",0,0,2,0,0,0,0,0,0,"-","-","UNINCORPORATED","SUTTER","CA",-121.55037,38.86113
"6962118",-121.6512405,39.2184764,2015,"5100","5","7","4","01",0,1,"A",,,,,"Y",600,5,"E","I","A","ENCINAL RD","WILLISTON RD",780,"E","N","2015-06-23",9285,"2015-05-17",310,"018340",,"3","9","0","3",,"1","007","-","N",,0,0,,,0,,,,"Y",1,"A","-",23152,"A","N","A","H","-","D","D","0","Y","A","01",0,0,1,0,0,0,0,0,0,"-","-","UNINCORPORATED","SUTTER","CA",-121.65092,39.21893
"6961742",-121.6411038,39.2201032,2015,"5100","3","2","4","05",0,2,"A",,,,,,1500,6,"C","C","A","RT 99","KENT AV",400,"S","N","2016-11-07",9285,"2015-06-16",1450,"013966",,"2","9","0","1",,"1","071","-","Y","SUT",3,99,"-","T",36.11,"H","-","S","Y",2,"A","-",21650,,"N","A","H","-","A","D","0","Y","A","07",0,0,2,0,0,0,0,0,0,"-","-","UNINCORPORATED","SUTTER","CA",-121.641,39.21994
"6961726",-121.6331636,39.0689564,2015,"5100","3","5","4","03",0,1,"A",,,,,,1500,5,"C","C","A","RT 99","OSWALD RD",67,"S","N","2017-01-09",9285,"2015-05-29",1217,"017118",,"1","9","0","1",,"1","011","-","Y","SUT",3,99,"-","-",25.61,"H","-","N","Y",2,"A","-",22350,,"N","A","H","-","A","D","5","Y","A","01",0,0,1,0,0,0,0,0,0,"-","-","UNINCORPORATED","SUTTER","CA",-121.63327,39.06877
"6958235",-121.7661831,39.184096,2015,"5100","5","6","3","05",0,1,"A",,,"Y",,,1800,4,"F","A","A","PASS RD","KELLOGG RD",4752,"E","N","2015-06-23",9285,"2015-04-25",1732,"015069",,"2","9","0","3",,"1","007","-","N",,0,0,,,0,,,,"N",1,"A","-",21650,,"N","A","H","-","A","D","0","Y","C","02",0,1,0,0,0,0,0,0,1,"-","-","UNINCORPORATED","SUTTER","CA",-121.76666,39.18419
"6958231",-121.736243,39.0694326,2015,"5100","5","5","3","03",0,2,"B",,,,,,2100,4,"F","A","A","SCHLAG RD","OSWALD RD",10,"N","N","2015-06-22",9285,"2015-04-24",1920,"016343",,"2","9","0","3",,"1","005","-","N",,0,0,,,0,,,,"Y",1,"A","-",22350,,"N","A","H","-","A","D","0","Y","A","01",0,1,1,0,0,0,0,0,0,"-","-","UNINCORPORATED","SUTTER","CA",-121.73626,39.69565
"6958223",-121.6830178,38.9356565,2015,"5100","3","2","2","08",0,1,"A",,,,,,2400,4,"A","I","A","RT 113","SUBACCO RD",4752,"N","N","2016-10-31",9285,"2015-04-28",2220,"019144",,"3","9","0","1",,"2","031","-","Y","SUT",3,113,"-","-",9.56,"H","-","S","Y",1,"A","-",22107,,"N","A","H","-","D","D","0","Y","A","01",1,0,0,0,0,0,0,0,0,"-","-","UNINCORPORATED","SUTTER","CA",-121.68415,38.93308
"6958219",0,0,2015,"5100","5","3","3","08",0,1,"A",,,,,,1800,4,"F","A","A","RECLAMATION RD","ACME RD",5808,"S","N","2015-06-22",9285,"2015-04-29",1740,"017534",,"2","9","0","3",,"1","003","-","N",,0,0,,,0,,,,"Y",1,"A","-",22107,,"N","A","H","-","A","D","0","Y","A","01",0,1,0,0,0,0,0,0,0,"-","-","UNINCORPORATED","SUTTER","CA",-121.7854,39.03211
"6958211",-121.634404,39.0983815,2015,"5100","3","5","3","03",0,2,"A",,,,,,2400,4,"C","C","A","RT 99","BOGUE RD",30,"N","N","2016-11-07",9285,"2015-04-17",2135,"016343",,"2","9","0","1",,"1","051","-","Y","SUT",3,99,"-","-",27.66,"H","-","S","Y",2,"A","-",22350,,"N","A","H","-","C","A","5","Y","A","01",0,2,0,0,0,0,0,0,0,"-","-","UNINCORPORATED","SUTTER","CA",-121.63455,39.09837
"6958207",-121.658604,39.0398498,2015,"5100","5","6","3","03",0,1,"A",,,"Y",,,1800,4,"C","C","A","HUTCHINSON RD","TURNER WY",528,"E","N","2015-06-23",9285,"2015-04-18",1755,"018107",,"2","9","0","3",,"1","005","-","N",,0,0,,,0,,,,"N",2,"A","-",22350,,"N","A","H","-","A","D","0","Y","C","06",0,1,0,0,0,0,0,0,1,"-","-","UNINCORPORATED","SUTTER","CA",-121.65907,39.03992