"CASEID","POINT_X","POINT_Y","YEAR_","LOCATION","CHPTYPE","DAYWEEK","CRASHSEV","VIOLCAT","KILLED","INJURED","WEATHER1","PEDCOL","BICCOL","MCCOL","TRUCKCOL","ETOH","TIMECAT","MONTH_","CRASHTYP","INVOLVE","PED","PRIMARYRD","SECONDRD","DISTANCE","DIRECT","INTERSECT_","PROCDATE","JURIS","DATE_","TIME_","BADGE","JURIDIST","SHIFT","POP","SPECIAL","BEATTYPE","LAPDDIV","BEATCLAS","BEATNUMB","WEATHER2","STATEHW","CALTRANC","CALTRAND","STROUTE","ROUTESUF","POSTPRE","POSTMILE","LOCATYPE","RAMP","SIDEHW","TOWAWAY","PARTIES","PCF","VIOLCODE","VIOL","VIOLSUB","HITRUN","ROADSURF","RDCOND1","RDCOND2","LIGHTING","RIGHTWAY","CHPRDTYP","NOTPRIV","STFAULT","CHPFAULT","SEVINJ","OTHERINJ","COP","PEDKILL","PEDINJ","BICKILL","BICINJ","MCKILL","MCINJURE","RAMP1","RAMP2","CITY","COUNTY","STATE","X_CHP","Y_CHP"
"6958164",-121.671453,39.0972877,2015,"5100","4","5","4","05",0,1,"B",,,,,,1800,4,"-","C","A","GEORGE WASHINGTON BL","BOGUE RD",298,"S","N","2015-06-22",9285,"2015-04-24",1650,"15048",,"2","9","0","2",,"1","052","-","N",,0,0,,,0,,,,"N",2,"A","-",21650,,"N","A","H","-","A","D","0","Y","A","01",0,0,1,0,0,0,0,0,0,"-","-","UNINCORPORATED","SUTTER","CA",-121.67165,39.09769
"6957927",-121.6174501,39.1132785,2015,"5102","0","5","4","03",0,3,"A",,,,,,1200,5,"C","C","A","GARDEN HWY","LINCOLN RD",187,"N","N","2015-06-29",5102,"2015-05-15",1125,"4083","5102","5","4","0","0",,"0","005","-","N",,0,0,,,0,,,,"N",3,"A","-",22350,,"N","A","H","-","A","D","0","Y","A","01",0,0,3,0,0,0,0,0,0,"-","-","YUBA CITY","SUTTER","CA",0,0
"6957925",-121.6440232,39.1417852,2015,"5102","0","4","4","12",0,1,"A",,,,,,900,5,"D","C","A","RT 20","STABLER LN",0,,"Y","2016-11-01",5102,"2015-05-14",652,"4069","5102","5","4","0","0",,"0","002","-","Y","SUT",3,20,"-","R",15.094,"I","5","W","Y",2,"A","-",21453,"A","N","A","H","-","A","A","0","Y","A","01",0,0,1,0,0,0,0,0,0,"-","-","YUBA CITY","SUTTER","CA",0,0
"6957926",-121.6401158,39.1272919,2015,"5102","0","3","4","03",0,1,"A",,,,,,900,5,"C","C","A","FRANKLIN AV","NEIL DR",100,"W","N","2015-07-20",5102,"2015-05-13",757,"4074","5102","5","4","0","0",,"0","002","-","N",,0,0,,,0,,,,"N",2,"A","-",22350,,"N","A","H","-","A","D","0","Y","A","01",0,0,1,0,0,0,0,0,0,"-","-","YUBA CITY","SUTTER","CA",0,0
"6957924",0,0,2015,"5102","0","2","2","08",0,3,"A",,,,,,1800,5,"A","C","A","GARDEN HWY","CENTRAL AV",110,"W","N","2015-06-29",5102,"2015-05-12",1527,"4058","5102","5","4","0","0",,"0","005","-","N",,0,0,,,0,,,,"Y",2,"A","-",22107,,"N","A","H","-","A","D","0","Y","A","01",1,2,0,0,0,0,0,0,0,"-","-","YUBA CITY","SUTTER","CA",0,0
"6957923",-121.6358131,39.1558951,2015,"5102","0","2","4","03",0,1,"A",,,,,,1800,5,"C","C","A","WEST ONSTOTT FRONTAGE","EDEN WY",0,,"Y","2015-06-29",5102,"2015-05-12",1744,"4081","5102","5","4","0","0",,"0","002","-","N",,0,0,,,0,,,,"Y",2,"A","-",22350,,"N","A","H","-","A","D","0","Y","A","01",0,0,1,0,0,0,0,0,0,"-","-","YUBA CITY","SUTTER","CA",0,0
"6957922",-121.6288484,39.1272451,2015,"5102","0","2","4","03",0,1,"A",,,,,,1800,5,"C","C","A","FRANKLIN AV","BROWN AV",200,"W","N","2015-06-29",5102,"2015-05-12",1524,"4073","5102","5","4","0","0",,"0","004","-","N",,0,0,,,0,,,,"N",2,"A","-",22350,,"N","A","H","-","A","D","0","Y","-",,0,0,1,0,0,0,0,0,0,"-","-","YUBA CITY","SUTTER","CA",0,0
"6957921",-121.6138932,39.121265,2015,"5102","0","7","3","09",0,1,"A",,,"Y",,"Y",600,5,"G","J","A","GARDEN HWY","BELL AV",0,,"Y","2015-06-29",5102,"2015-05-10",303,"9002","5102","5","4","0","0",,"0","005","-","N",,0,0,,,0,,,,"N",2,"A","-",21804,"A","N","A","H","-","C","D","0","Y","-",,0,1,0,0,0,0,0,0,1,"-","-","YUBA CITY","SUTTER","CA",0,0
"6957920",-121.6157694,39.1201263,2015,"5102","0","1","4","08",0,1,"A",,,,,,1200,5,"B","C","A","GARDEN HWY","WINSHIP RD",330,"N","N","2016-06-08",5102,"2015-05-11",937,"4073","5102","5","4","0","0",,"0","005","-","N",,0,0,,,0,,,,"N",2,"A","-",22107,,"N","A","D","-","A","A","0","Y","-",,0,0,1,0,0,0,0,0,0,"-","-","YUBA CITY","SUTTER","CA",0,0
"6957919",-121.6153332,39.135325,2015,"5102","0","6","3","09",0,3,"A",,,,,,1200,5,"D","C","A","BRIDGE ST","PLUMAS ST",0,,"Y","2015-06-25",5102,"2015-05-09",1132,"4073","5102","5","4","0","0",,"0","004","-","N",,0,0,,,0,,,,"Y",2,"A","-",21800,"D","N","A","H","-","A","B","0","Y","-",,0,1,2,0,0,0,0,0,0,"-","-","YUBA CITY","SUTTER","CA",0,0
"6957918",-121.6233299,39.1326683,2015,"5102","0","6","3","01",0,1,"A",,,,,"Y",300,5,"E","I","A","COOPER AV","BRIDGE ST",45,"N","N","2015-06-25",5102,"2015-05-09",210,"4078","5102","5","4","0","0",,"0","004","-","N",,0,0,,,0,,,,"Y",1,"A","-",23152,"A","M","A","H","-","C","D","0","Y","-",,0,1,0,0,0,0,0,0,0,"-","-","YUBA CITY","SUTTER","CA",0,0
"6957917",-121.6156752,39.1352145,2015,"5102","0","3","4","03",0,3,"A",,,,,,1500,5,"C","C","A","BRIDGE ST","PLUMAS ST",105,"W","N","2015-06-25",5102,"2015-05-06",1240,"4039","5102","5","4","0","0",,"0","004","-","N",,0,0,,,0,,,,,2,"A","-",22350,,"F","A","H","-","A","A","0","Y","A","08",0,0,3,0,0,0,0,0,0,"-","-","YUBA CITY","SUTTER","CA",0,0
"6957916",0,0,2015,"5102","0","3","4","03",0,3,"A",,,,,,1800,5,"C","C","A","SPIRIT WY","HARTER PKWY",120,"W","N","2015-06-25",5102,"2015-05-06",1542,"4079","5102","5","4","0","0",,"0","001","-","N",,0,0,,,0,,,,"N",2,"A","-",22350,,"N","A","H","-","A","D","0","Y","A","01",0,0,3,0,0,0,0,0,0,"-","-","YUBA CITY","SUTTER","CA",0,0
"6957915",-121.6555014,39.1414154,2015,"5102","0","3","4","09",0,1,"A",,"Y",,,,1200,5,"D","G","A","RT 20","HARTER PKWY",0,,"Y","2016-11-01",5102,"2015-05-06",1112,"4079","5102","5","4","0","0",,"0","001","-","Y","SUT",3,20,"-","-",14.47,"I","5","E","N",2,"A","-",21453,"C","N","A","H","-","A","A","0","Y","A","07",0,0,1,0,0,0,1,0,0,"-","-","YUBA CITY","SUTTER","CA",0,0
"6957914",-121.6439332,39.131425,2015,"5102","0","2","4","09",0,1,"A",,,,,,900,5,"D","C","A","N WALTON AV","ALFRED WY",0,,"Y","2015-06-25",5102,"2015-05-05",800,"4046","5102","5","4","0","0",,"0","001","-","N",,0,0,,,0,,,,"Y",2,"A","-",21801,"A","N","A","H","-","A","A","0","Y","-","-",0,0,1,0,0,0,0,0,0,"-","-","YUBA CITY","SUTTER","CA",0,0
"6957913",-121.6305991,39.1417335,2015,"5102","0","2","3","03",0,1,"A",,,,,,1200,5,"C","C","A","RT 20","GRAY AV",54,"E","N","2016-11-01",5102,"2015-05-05",1027,"4090","5102","5","4","0","0",,"0","003","-","Y","SUT",3,20,"-","-",15.82,"H","-","W","N",3,"A","-",22350,,"N","A","H","-","A","A","0","Y","A","07",0,1,0,0,0,0,0,0,0,"-","-","YUBA CITY","SUTTER","CA",0,0
"6957912",-121.6315229,39.1417559,2015,"5102","0","1","4","09",0,1,"A",,,,,,1200,5,"B","C","A","RT 20","GRAY AV",187,"W","N","2016-11-01",5102,"2015-05-04",1051,"4083","5102","5","4","0","0",,"0","003","-","Y","SUT",3,20,"-","-",15.77,"H","-","W","Y",3,"A","-",21802,"A","N","A","H","-","A","D","0","Y","A","01",0,0,1,0,0,0,0,0,0,"-","-","YUBA CITY","SUTTER","CA",0,0
"6957911",-121.6296756,39.141731,2015,"5102","0","7","4","03",0,1,"A",,,,,,1500,5,"C","C","A","RT 20","GRAY AV",305,"E","N","2016-11-01",5102,"2015-05-03",1209,"4089","5102","5","4","0","0",,"0","004","-","Y","SUT",3,20,"-","-",15.87,"H","-","W","N",2,"A","-",22350,,"N","A","H","-","A","D","0","Y","A","01",0,0,1,0,0,0,0,0,0,"-","-","YUBA CITY","SUTTER","CA",0,0
"6956620",-121.6345219,39.1353676,2015,"5102","0","3","4","04",0,1,"A",,,,"Y",,1200,5,"C","C","A","RT 99","SUNSWEET BL",20,"S","N","2016-11-07",5102,"2015-05-06",942,"4079","5102","5","4","0","0",,"0","002","-","Y","SUT",3,99,"-","-",30.24,"H","-","N","N",2,"A","-",21703,,"N","A","H","-","A","A","0","Y","F","25",0,0,1,0,0,0,0,0,0,"-","-","YUBA CITY","SUTTER","CA",0,0
"6956350",-121.5438032,38.859815,2015,"5100","3","2","3","09",0,4,"A",,,,,,1800,5,"D","C","A","RT 70","STRIPLIN RD",0,,"Y","2016-11-01",9285,"2015-05-12",1552,"014401",,"2","9","0","1",,"1","010","-","Y","SUT",3,70,"-","-",0.995,"I","5","W","Y",2,"A","-",21802,"A","N","A","H","-","A","A","0","Y","D","22",0,3,1,0,0,0,0,0,0,"-","-","UNINCORPORATED","SUTTER","CA",-121.54352,38.86669
"6956347",-121.634596,39.1086464,2015,"5100","3","4","3","08",0,3,"A",,,,"Y",,900,5,"B","C","A","RT 99","LINCOLN RD",1584,"S","N","2016-11-07",9285,"2015-05-07",655,"014744",,"1","9","0","1",,"1","051","B","Y","SUT",3,99,"-","-",28.37,"H","-","S","Y",4,"A","-",22107,,"N","A","H","-","A","D","5","Y","A","01",0,2,1,0,0,0,0,0,0,"-","-","UNINCORPORATED","SUTTER","CA",-121.63455,39.10769
"6956346",-121.6627576,39.0031553,2015,"5100","3","3","2","09",0,5,"A",,,,"Y",,1800,5,"D","C","A","RT 113","BAILEY RD",0,,"Y","2016-10-31",9285,"2015-05-13",1544,"015069",,"2","9","0","1",,"2","031","-","Y","SUT",3,113,"-","-",14.773,"I","5","S","Y",2,"A","-",21802,"A","N","A","H","-","A","A","0","Y","A","07",3,0,2,0,0,0,0,0,0,"-","-","UNINCORPORATED","SUTTER","CA",-121.66255,39.0031
"6956281",-121.6347971,39.0038109,2015,"5100","3","2","3","05",0,1,"A",,,,,,1200,5,"A","C","A","RT 113","SAWTELLE AV",49,"E","N","2016-10-31",9285,"2015-05-05",1140,"017534",,"1","9","0","1",,"2","031","-","Y","SUT",3,113,"-","-",16.28,"H","-","S","Y",2,"A","-",21460,"A","N","A","H","-","A","D","0","Y","D","22",0,1,0,0,0,0,0,0,0,"-","-","UNINCORPORATED","SUTTER","CA",-121.63457,39.00329
"6956276",-121.6347896,39.0375532,2015,"5100","3","5","4","03",0,1,"A",,,,"Y",,1200,5,"C","C","A","RT 99","HUTCHINSON RD",1056,"S","N","2017-01-09",9285,"2015-05-01",1015,"014744",,"1","9","0","1",,"1","051","-","Y","SUT",3,99,"-","-",23.4,"H","-","S","Y",3,"A","-",22350,,"N","A","H","-","A","D","5","Y","G","25",0,0,1,0,0,0,0,0,0,"-","-","UNINCORPORATED","SUTTER","CA",-121.63488,39.03681
"6954431",-121.6307295,39.1416241,2015,"5102","0","6","4","08",0,1,"A",,,,,,1500,5,"B","C","A","GRAY AV","RT 20",57,"S","N","2016-11-01",5102,"2015-05-16",1347,"4039","5102","5","4","0","0",,"0","004","-","Y","SUT",3,20,"-","-",15.81,"I","6","E","N",2,"A","-",22107,,"N","A","H","-","A","A","0","Y","A","01",0,0,1,0,0,0,0,0,0,"-","-","YUBA CITY","SUTTER","CA",0,0
"6954423",-121.6394636,39.1416765,2015,"5102","0","2","4","03",0,1,"A",,,,,,1800,5,"C","C","A","RT 20","CIVIC CENTER BL",9,"W","N","2016-11-01",5102,"2015-05-26",1728,"9007","5102","5","4","0","0",,"0","002","-","Y","SUT",3,20,"-","R",15.34,"H","-","E","Y",2,"A","-",22350,,"N","A","H","-","A","A","0","Y","A","01",0,0,1,0,0,0,0,0,0,"-","-","YUBA CITY","SUTTER","CA",0,0
"6954419",-121.6454866,39.1484643,2015,"5102","0","2","4","09",0,1,"A",,,"Y",,,1800,5,"A","C","A","BUTTE HOUSE RD","STABLER LN",445,"W","N","2015-07-02",5102,"2015-05-26",1749,"4091","5102","5","4","0","0",,"0","001","-","N",,0,0,,,0,,,,"Y",2,"A","-",21801,"A","N","A","H","-","A","D","0","Y","A","01",0,0,1,0,0,0,0,0,1,"-","-","YUBA CITY","SUTTER","CA",0,0
"6954415",-121.6269054,39.1417209,2015,"5102","0","1","3","03",0,1,"A",,,"Y",,,1500,5,"C","C","A","RT 20","CLARK AV",200,"W","N","2016-11-01",5102,"2015-05-18",1238,"4046",,"5","4","0","0",,"0","001","-","Y","SUT",3,20,"-","-",16.02,"H","-","W","N",2,"A","-",22350,,"N","A","H","-","A","A","0","Y","A","01",0,1,0,0,0,0,0,0,1,"-","-","YUBA CITY","SUTTER","CA",0,0
"6954411",-121.6347022,39.1485238,2015,"5102","0","3","2","08",0,2,"A",,,,,"Y",300,5,"F","I","A","E ONSTOTT FRONTAGE","WASHINGTON AV",229,"N","N","2015-07-02",5102,"2015-05-20",217,"9007","5102","5","4","0","0",,"0","003","-","N",,0,0,,,0,,,,"Y",1,"A","-",22107,,"N","A","H","-","C","A","0","Y","A","01",1,0,1,0,0,0,0,0,0,"-","-","YUBA CITY","SUTTER","CA",0,0
"6954403",-121.6344916,39.1343535,2015,"5102","0","5","4","03",0,1,"A",,,,,,1800,5,"C","C","A","RT 99","BRIDGE ST",450,"N","N","2016-11-07",5102,"2015-05-15",1721,"4027","5102","5","4","0","0",,"0","002","-","Y","SUT",3,99,"-","-",30.12,"H","-","S","Y",2,"A","-",22350,,"N","A","H","-","A","A","0","Y","A","01",0,0,1,0,0,0,0,0,0,"-","-","YUBA CITY","SUTTER","CA",0,0
"6949111",-121.7538395,39.1520953,2015,"5100","5","1","2","03",0,1,"A",,,"Y",,,2100,4,"C","C","A","ACACIA AV","MARSHALL ST",1056,"S","N","2015-07-03",9285,"2015-04-20",2030,"019144",,"2","9","0","3",,"1","007","-","N",,0,0,,,0,,,,"Y",2,"A","-",22350,,"N","A","H","-","D","D","0","Y","C","02",1,0,0,0,0,0,0,0,1,"-","-","UNINCORPORATED","SUTTER","CA",-121.75387,39.15243
"6949091",-121.5017775,38.7510878,2015,"5100","5","5","3","03",0,1,"A",,,,,,1800,4,"C","C","A","RIEGO RD","NATOMAS RD",2112,"W","N","2015-10-07",9285,"2015-04-17",1620,"014744",,"2","9","0","3",,"1","001","-","N",,0,0,,,0,,,,"Y",3,"A","-",22350,,"N","A","H","-","A","D","0","Y","A","01",0,1,0,0,0,0,0,0,0,"-","-","UNINCORPORATED","SUTTER","CA",-121.50475,38.75106
"6943957",-121.6105013,39.1370626,2015,"5102","0","5","4","03",0,1,"A",,,,,,1500,4,"C","C","A","BRIDGE ST","BOYD ST",200,"E","N","2015-06-10",5102,"2015-04-24",1447,"4073","5102","5","4","0","0",,"0","004","-","N",,0,0,,,0,,,,"N",2,"A","-",22350,,"N","A","H","-","A","D","0","Y","-",,0,0,1,0,0,0,0,0,0,"-","-","YUBA CITY","SUTTER","CA",0,0
"6943942",0,0,2015,"5102","0","6","4","03",0,1,"A",,,,,,1500,4,"C","C","A","LINCOLN RD","ALLEN WY",0,,"Y","2015-06-17",5102,"2015-04-25",1419,"2223","MAP89","5","4","0","0",,"0","007","-","N",,0,0,,,0,,,,"Y",2,"A","-",22350,,"N","A","H","-","A","D","0","Y","A","01",0,0,1,0,0,0,0,0,0,"-","-","YUBA CITY","SUTTER","CA",0,0
"6943938",-121.6649832,39.274045,2015,"5101","0","6","3","10",0,1,"A",,"Y",,,,1500,4,"G","G","A","FIR ST","O ST",0,,"Y","2015-06-09",5100,"2015-04-25",1323,"2081","5101","5","2","0","0",,"0","002","-","N",,0,0,,,0,,,,"N",2,"A","-",21950,"A","N","A","H","-","A","D","0","Y","A","01",0,1,0,0,0,0,1,0,0,"-","-","LIVE OAK","SUTTER","CA",0,0
"6943911",-121.6607543,39.2740526,2015,"5101","0","5","2","06",0,1,"A",,,"Y",,,1500,5,"D","C","A","RT 99","ELM ST",195,"N","N","2016-11-07",5100,"2015-05-15",1340,"2091","LOCA3","5","2","0","0",,"0","02A","-","Y","SUT",3,99,"-","-",40.1,"H","-","S","Y",2,"A","-",21755,,"N","A","H","-","A","A","0","Y","C","02",1,0,0,0,0,0,0,0,1,"-","-","LIVE OAK","SUTTER","CA",0,0
"6943850",-121.6610635,39.2754494,2015,"5101","0","2","4","03",0,1,"A",,,,,,900,5,"C","C","A","RT 99","PENNINGTON RD",233,"S","N","2016-11-07",5100,"2015-05-19",721,"2232","LIVE","5","2","0","0",,"0","02A","-","Y","SUT",3,99,"-","-",40.21,"H","-","N","N",2,"A","-",22350,,"N","A","H","-","A","A","0","Y","A","01",0,0,1,0,0,0,0,0,0,"-","-","LIVE OAK","SUTTER","CA",0,0
"6940484",-121.6231928,39.1482451,2015,"5102","0","5","3","05",0,1,"A",,,,,,1500,4,"C","E","A","KING AV","CLARK AV",800,"E","N","2015-06-01",5102,"2015-04-10",1256,"4083","5102","5","4","0","0",,"0","003","-","N",,0,0,,,0,,,,"Y",2,"A","-",21650,,"N","A","H","-","A","D","0","Y","A","01",0,1,0,0,0,0,0,0,0,"-","-","YUBA CITY","SUTTER","CA",0,0
"6939518",0,0,2015,"5102","0","3","4","03",0,2,"A",,,,,,1500,4,"C","C","A","5TH ST BRIDGE","SUTTER ST",210,"S","N","2015-06-02",5102,"2015-04-08",1439,"4083","5102","5","4","0","0",,"0","003","-","N",,0,0,,,0,,,,"Y",2,"A","-",22350,,"N","A","H","-","A","D","0","Y","A","01",0,0,2,0,0,0,0,0,0,"-","-","YUBA CITY","SUTTER","CA",0,0
"6939517",-121.642072,39.1272782,2015,"5102","0","2","4","01",0,2,"A",,,,,"Y",1800,4,"C","C","A","FRANKLIN RD","WALTON AV",528,"E","N","2015-06-02",5102,"2015-04-14",1752,"4073","5102","5","4","0","0",,"0","002","-","N",,0,0,,,0,,,,"Y",2,"A","-",23152,"A","N","A","H","-","A","D","0","Y","-",,0,0,2,0,0,0,0,0,0,"-","-","YUBA CITY","SUTTER","CA",0,0
"6939514",-121.6161332,39.1410052,2015,"5102","0","4","4","00",0,1,"A",,,,,,900,4,"D","C","A","RT 20","SHASTA ST",0,,"Y","2016-11-01",5102,"2015-04-09",752,"4083","5102","5","4","0","0",,"0","004","-","Y","SUT",3,20,"-","-",16.619,"I","5","E","Y",2,"D","-",0,,"N","A","H","-","A","A","0","Y","-","-",0,0,1,0,0,0,0,0,0,"-","-","YUBA CITY","SUTTER","CA",0,0
"6939513",-121.6671631,39.1545451,2015,"5102","0","3","4","12",0,1,"A",,,,,,900,4,"D","C","A","HOOPER RD","BUTTE HOUSE RD",0,,"Y","2015-06-02",5102,"2015-04-15",626,"4069","5102","5","4","0","0",,"0","002","-","N",,0,0,,,0,,,,"Y",2,"A","-",22450,"A","N","A","H","-","A","A","0","Y","A","01",0,0,1,0,0,0,0,0,0,"-","-","YUBA CITY","SUTTER","CA",0,0
"6939510",-121.643943,39.1322327,2015,"5102","0","1","4","21",0,1,"A",,,,,,1500,4,"C","C","A","N WALTON AV","BRIDGE ST",30,"S","N","2015-06-01",5102,"2015-04-13",1411,"4073","5102","5","4","0","0",,"0","001","-","N",,0,0,,,0,,,,"N",2,"A","-",22106,,"N","A","H","-","A","D","0","Y","-",,0,0,1,0,0,0,0,0,0,"-","-","YUBA CITY","SUTTER","CA",0,0
"6939509",-121.6719432,39.1270851,2015,"5102","0","4","4","09",0,2,"A",,,,,,2100,4,"D","C","A","GEORGE WASHINGTON BL","FRANKLIN RD",0,,"Y","2015-06-02",5102,"2015-04-16",1835,"4011","5102","5","4","0","0",,"0","001","-","N",,0,0,,,0,,,,"Y",2,"A","-",21802,"A","N","A","H","-","A","A","0","Y","A","01",0,0,2,0,0,0,0,0,0,"-","-","YUBA CITY","SUTTER","CA",0,0
"6939506",-121.618622,39.1524152,2015,"5102","0","5","3","05",0,1,"A",,,,,,1800,4,"E","I","A","QUEENS AV","PLUMAS ST",87,"W","N","2015-06-01",5102,"2015-04-10",1511,"4083","5102","5","4","0","0",,"0","003","-","N",,0,0,,,0,,,,"Y",1,"A","-",21650,,"N","A","H","-","A","D","0","Y","A","01",0,1,0,0,0,0,0,0,0,"-","-","YUBA CITY","SUTTER","CA",0,0
"6939455",0,0,2015,"5102","0","4","4","09",0,2,"A",,,,,,1800,4,"D","C","A","MONTEREY AV","DORMAN AV",25,"N","N","2015-06-01",5102,"2015-04-30",1537,"4083",,"5","4","0","0",,"0",,"-","N",,0,0,,,0,,,,"N",2,"A","-",21801,"A","N","A","H","-","A","D","0","Y","A","01",0,0,2,0,0,0,0,0,0,"-","-","YUBA CITY","SUTTER","CA",0,0
"6939452",-121.6382332,39.151585,2015,"5102","0","1","4","09",0,2,"A",,,,,,1800,4,"D","C","A","QUEENS AV","SYLVIA WY",0,,"Y","2015-06-01",5102,"2015-04-27",1712,"4090","5102","5","4","0","0",,"0","002","-","N",,0,0,,,0,,,,"Y",2,"A","-",21804,"A","N","A","C","-","A","D","0","Y","A","01",0,0,2,0,0,0,0,0,0,"-","-","YUBA CITY","SUTTER","CA",0,0
"6939451",-121.6200832,39.1355151,2015,"5102","0","6","2","03",0,1,"A",,,,,,1500,4,"D","C","A","REEVES AV","CHESTNUT ST",0,,"Y","2015-06-01",5102,"2015-04-25",1328,"4073","5102","5","4","0","0",,"0","004","-","N",,0,0,,,0,,,,"Y",2,"A","-",22350,,"N","A","H","-","A","A","0","Y","-",,1,0,0,0,0,0,0,0,0,"-","-","YUBA CITY","SUTTER","CA",0,0
"6939448",-121.6149927,39.1414145,2015,"5102","0","6","2","11",0,1,"C","Y",,,,"Y",300,4,"G","B","E","RT 20","SHASTA ST",300,"E","N","2016-11-01",5102,"2015-04-25",39,"4077","5102","5","4","0","0",,"0","003","-","Y","SUT",3,20,"-","-",16.68,"H","-","E","Y",2,"A","-",21954,"A","N","B","H","-","C","D","0","Y","N","60",1,0,0,0,1,0,0,0,0,"-","-","YUBA CITY","SUTTER","CA",0,0
"6939447",-121.6177318,39.1419138,2015,"5102","0","4","4","09",0,1,"A",,,,,,1200,4,"D","C","A","PLUMAS ST","ALTURAS ST",200,"N","N","2015-06-01",5102,"2015-04-23",938,"4083","5102","5","4","0","0",,"0","003","-","N",,0,0,,,0,,,,"Y",2,"A","-",21801,"A","N","A","H","-","A","D","0","Y","A","01",0,0,1,0,0,0,0,0,0,"-","-","YUBA CITY","SUTTER","CA",0,0
"6939444",-121.6347932,39.127275,2015,"5102","0","7","4","05",0,1,"A",,"Y",,,,1800,4,"D","G","A","FRANKLIN RD","W ONSTOTT FRONTAGE RD",0,,"Y","2015-06-01",5102,"2015-04-19",1526,"4073","5102","5","4","0","0",,"0","002","-","N",,0,0,,,0,,,,"N",2,"A","-",21650,"1","N","A","H","-","A","A","0","Y","L","04",0,0,1,0,0,0,1,0,0,"-","-","YUBA CITY","SUTTER","CA",0,0
"6939443",-121.6314698,39.1416375,2015,"5102","0","5","4","08",0,1,"A",,,,,,1500,4,"B","C","A","RT 20","GRAY AV",200,"W","N","2016-11-01",5102,"2015-04-17",1313,"4069","5102","5","4","0","0",,"0","003","-","Y","SUT",3,20,"-","-",15.77,"H","-","E","N",2,"A","-",22107,,"N","A","H","-","A","D","0","Y","A","01",0,0,1,0,0,0,0,0,0,"-","-","YUBA CITY","SUTTER","CA",0,0
"6931448",-121.6141108,39.1357427,2015,"5102","0","4","3","03",0,2,"A",,,,,,1800,4,"C","C","A","BRIDGE ST","SHASTA ST",120,"W","N","2015-06-12",5102,"2015-04-30",1509,"4079","5102","5","4","0","0",,"0","003","-","N",,0,0,,,0,,,,"Y",5,"A","-",22350,,"N","A","H","-","A","D","0","Y","A","01",0,1,1,0,0,0,0,0,0,"-","-","YUBA CITY","SUTTER","CA",0,0
"6930480",-121.6161332,39.1410052,2015,"5102","0","1","4","08",0,1,"A",,,,,,1800,4,"B","E","A","SHASTA ST","RT 20",100,"S","N","2016-11-01",5102,"2015-04-13",1502,"441","5102","5","4","0","0",,"0","004","-","Y","SUT",3,20,"-","-",16.619,"I","6","E","N",2,"A","-",22107,,"F","A","H","-","A","D","0","Y","A","08",0,0,1,0,0,0,0,0,0,"-","-","YUBA CITY","SUTTER","CA",0,0
"6930476",-121.6124831,39.1340851,2015,"5102","0","5","4","09",0,2,"A",,,,,,1500,4,"D","C","A","B ST","WILBUR AV",0,,"Y","2015-06-03",5102,"2015-04-10",1331,"4039","5102","5","4","0","0",,"0","004","-","N",,0,0,,,0,,,,"Y",2,"A","-",21802,"B","N","A","H","-","A","A","0","Y","A","01",0,0,2,0,0,0,0,0,0,"-","-","YUBA CITY","SUTTER","CA",0,0
"6930455",-121.634472,39.1323462,2015,"5102","0","5","4","03",0,1,"A",,,,,,1500,5,"C","C","A","BRIDGE ST","RT 99",200,,"N","2016-11-07",5102,"2015-05-01",1333,"448","5102","5","4","0","0",,"0","004","-","Y","SUT",3,99,"-","-",30.03,"I","6","N","N",3,"A","-",22350,,"N","A","H","-","A","A","0","Y","A","01",0,0,1,0,0,0,0,0,0,"-","-","YUBA CITY","SUTTER","CA",0,0
"6930451",-121.6228032,39.112635,2015,"5102","0","4","2","05",0,1,"A",,"Y",,,,1800,4,"H","G","A","LINCOLN RD","RAILROAD AV",0,,"Y","2015-06-03",5102,"2015-04-30",1623,"4061","5102","5","4","0","0",,"0","005","-","N",,0,0,,,0,,,,"N",2,"A","-",21650,"1","N","A","H","-","A","A","0","Y","L","04",1,0,0,0,0,0,1,0,0,"-","-","YUBA CITY","SUTTER","CA",0,0
"6930447",-121.6247832,39.1247951,2015,"5102","0","7","4","09",0,1,"A",,"Y",,,,2100,4,"D","G","A","CLARK AV","MORTON ST",0,,"Y","2015-10-09",5102,"2015-04-26",2007,"4093","5102","5","4","0","0",,"0","005","-","N",,0,0,,,0,,,,"N",2,"A","-",21802,"A","N","A","H","-","B","A","0","Y","D","22",0,0,1,0,0,0,1,0,0,"-","-","YUBA CITY","SUTTER","CA",0,0
"6930439",-121.6152041,39.1353692,2015,"5102","0","4","4","01",0,4,"A",,,,,"Y",2400,4,"C","C","A","BRIDGE ST","PLUMAS ST",40,"E","N","2015-06-03",5102,"2015-04-16",2115,"4072","5102","5","4","0","0",,"0","004","-","N",,0,0,,,0,,,,"Y",3,"A","-",23152,"B","N","A","-","-","C","A","0","Y","A","07",0,0,4,0,0,0,0,0,0,"-","-","YUBA CITY","SUTTER","CA",0,0