"CASEID","POINT_X","POINT_Y","YEAR_","LOCATION","CHPTYPE","DAYWEEK","CRASHSEV","VIOLCAT","KILLED","INJURED","WEATHER1","PEDCOL","BICCOL","MCCOL","TRUCKCOL","ETOH","TIMECAT","MONTH_","CRASHTYP","INVOLVE","PED","PRIMARYRD","SECONDRD","DISTANCE","DIRECT","INTERSECT_","PROCDATE","JURIS","DATE_","TIME_","BADGE","JURIDIST","SHIFT","POP","SPECIAL","BEATTYPE","LAPDDIV","BEATCLAS","BEATNUMB","WEATHER2","STATEHW","CALTRANC","CALTRAND","STROUTE","ROUTESUF","POSTPRE","POSTMILE","LOCATYPE","RAMP","SIDEHW","TOWAWAY","PARTIES","PCF","VIOLCODE","VIOL","VIOLSUB","HITRUN","ROADSURF","RDCOND1","RDCOND2","LIGHTING","RIGHTWAY","CHPRDTYP","NOTPRIV","STFAULT","CHPFAULT","SEVINJ","OTHERINJ","COP","PEDKILL","PEDINJ","BICKILL","BICINJ","MCKILL","MCINJURE","RAMP1","RAMP2","CITY","COUNTY","STATE","X_CHP","Y_CHP"
"6801595",-121.7536533,39.161565,2015,"5100","5","3","4","08",0,1,"A",,,,,,1500,1,"D","C","A","ACACIA AV","WASHINGTON ST",0,,"Y","2015-03-05",9285,"2015-01-07",1310,"013966",,"1","9","0","3",,"1","007","-","N",,0,0,,,0,,,,"Y",2,"A","-",22107,,"N","A","H","-","A","A","0","Y","D","22",0,0,1,0,0,0,0,0,0,"-","-","UNINCORPORATED","SUTTER","CA",-121.75368,39.16194
"6801536",-121.5827426,38.8973868,2015,"5100","3","6","3","03",0,1,"A",,,,"Y",,2100,1,"D","C","A","RT 99","NICOLAUS AV",225,"S","N","2016-09-22",9285,"2015-01-03",1858,"017118",,"2","9","0","1",,"1","011","-","Y","SUT",3,99,"-","-",11.8,"I","5","N","Y",2,"A","-",22350,,"N","A","H","-","D","D","5","Y","A","01",0,1,0,0,0,0,0,0,0,"-","-","UNINCORPORATED","SUTTER","CA",-121.58189,38.89694
"6801524",-121.6782831,39.127005,2015,"5100","5","1","3","09",0,2,"A",,,,,,1800,1,"D","C","A","FRANKLIN RD","WILDER AV",0,,"Y","2015-03-03",9285,"2015-01-05",1720,"014793",,"2","9","0","3",,"1","005","-","N",,0,0,,,0,,,,"Y",2,"A","-",21801,"A","N","A","H","-","C","D","0","Y","D","22",0,2,0,0,0,0,0,0,0,"-","-","UNINCORPORATED","SUTTER","CA",-121.67823,39.12722
"6768932",-121.487819,38.9032453,2015,"5100","5","4","4","08",0,1,"A",,,,,,1500,4,"E","I","A","PLEASANT GROVE RD","NICOLAUS AV",1584,"S","N","2015-05-05",9285,"2015-04-09",1450,"015855",,"2","9","0","3",,"1","001","-","N",,0,0,,,0,,,,"Y",1,"A","-",22107,,"N","A","H","-","A","D","0","Y","A","01",0,0,1,0,0,0,0,0,0,"-","-","UNINCORPORATED","SUTTER","CA",-121.48831,38.90296
"6292542",0,0,2015,"5102","0","4","1","00",1,2,"A","Y",,,,,2100,5,"B","C","E","FRANKLIN RD","FRANKLIN RD 1781",0,,"N","2015-08-28",5102,"2015-05-28",1844,"4095","5102","5","4","0","0",,"0","002","-","N",,0,0,,,0,,,,"Y",4,"D","-",0,,"N","A","H","-","A","D","0","Y","-","-",1,1,0,1,0,0,0,0,0,"-","-","YUBA CITY","SUTTER","CA",0,0
"6292425",-121.8653969,39.1429847,2015,"5100","3","2","1","00",1,0,"A","Y",,,,,2400,5,"G","B","E","RT 20","HAGEMAN RD",1440,"E","N","2015-08-04",9285,"2015-05-19",2240,"18340",,"3","9","0","1",,"1","072","-","Y","SUT",3,20,"-","-",2.99,"H","-","E","N",2,"D","-",0,,"F","A","H","-","D","D","0","Y","-","-",0,0,0,1,0,0,0,0,0,"-","-","UNINCORPORATED","SUTTER","CA",-121.86524,39.14302
"6854451",-121.6914499,38.9132041,2014,"5100","3","5","1","08",1,0,"A",,,,,,1500,7,"E","I","A","RT 113","KIRKVILLE RD",1584,"N","N","2015-04-28",9285,"2014-07-04",1425,"017118",,"2","9","0","1",,"2","031","-","Y","SUT",3,113,"-","-",7.94,"H","-","S","Y",1,"A","-",22107,,"N","A","H","-","A","D","0","Y","A","01",0,0,0,0,0,0,0,0,0,"-","-","UNINCORPORATED","SUTTER","CA",-121.69191,38.91235
"6853089",-121.4882831,38.780395,2014,"5100","5","5","4","09",0,1,"A",,,,,,2100,9,"D","C","A","SANKEY RD","PLEASANT GROVE RD",0,,"Y","2015-04-21",9285,"2014-09-05",1825,"018286",,"2","9","0","3",,"1","001","-","N",,0,0,,,0,,,,"Y",2,"A","-",21802,"A","N","A","H","-","A","A","0","Y","A","07",0,0,1,0,0,0,0,0,0,"-","-","UNINCORPORATED","SUTTER","CA",-121.48869,38.78034
"6838031",-121.6258378,39.1438144,2014,"5102","0","3","2","03",0,1,"A",,,"Y",,,2100,11,"E","I","A","CLARK AV","AINSLEY AV",75,"S","N","2015-03-07",5102,"2014-11-05",2017,,,"5","4","0","0",,"0",,"-","N",,0,0,,,0,,,,"Y",1,"A","-",22350,,"N","A","H","-","C","A","0","Y","C","02",1,0,0,0,0,0,0,0,1,"-","-","YUBA CITY","SUTTER","CA",-121.62584,39.14371
"6827454",-121.6486778,39.1379047,2014,"5102","0","4","4","03",0,2,"B",,,,,,2400,11,"C","C","A","LASSEN BL","THARP RD",41,"W","N","2015-03-11",5102,"2014-11-27",2124,"4089","SUTTE","5","4","0","0",,"0","004","-","N",,0,0,,,0,,,,"N",2,"A","-",22350,,"F","B","H","-","C","A","0","Y","A","01",0,0,2,0,0,0,0,0,0,"-","-","YUBA CITY","SUTTER","CA",0,0
"6803533",0,0,2014,"5102","0","7","2","01",0,3,"A",,,,,"Y",600,12,"D","C","A","FRANKLIN RD","NANTUCKET WY",0,,"Y","2015-02-10",5102,"2014-12-28",309,"4087","5102","5","4","0","0",,"0","002","-","N",,0,0,,,0,,,,"Y",2,"A","-",23152,"B","N","A","H","-","C","D","0","Y","-",,1,0,2,0,0,0,0,0,0,"-","-","YUBA CITY","SUTTER","CA",0,0
"6802859",-121.6161027,39.1198824,2014,"5102","0","6","4","16",0,3,"A",,,,,,1500,12,"D","C","A","GARDEN HWY","WINSHIP RD",200,"N","N","2015-02-13",5102,"2014-12-27",1412,"4069","5102","5","4","0","0",,"0","005","-","N",,0,0,,,0,,,,"Y",2,"A","-",29003,"A","N","A","H","-","A","D","0","Y","-",,0,0,3,0,0,0,0,0,0,"-","-","YUBA CITY","SUTTER","CA",0,0
"6802847",-121.6440032,39.1480651,2014,"5102","0","2","4","03",0,3,"A",,,,,,1800,12,"C","C","A","STABLER LN","BUTTE HOUSE RD",0,,"Y","2015-02-13",5102,"2014-12-23",1715,"4095","5102","5","4","0","0",,"0","002","-","N",,0,0,,,0,,,,"N",2,"A","-",22350,,"N","A","H","-","A","D","0","Y","D","22",0,0,3,0,0,0,0,0,0,"-","-","YUBA CITY","SUTTER","CA",0,0
"6801548",-121.5435655,38.861115,2014,"5100","3","6","4","09",0,3,"B",,,,,,1200,12,"D","C","A","RT 70","STRIPLIN RD",0,,"Y","2016-06-23",9285,"2014-12-20",1147,"015069",,"1","9","0","1",,"1","010","-","Y","SUT",3,70,"-","-",0.995,"I","5","E","Y",2,"A","-",21802,"A","N","B","H","-","A","A","0","Y","A","01",0,0,3,0,0,0,0,0,0,"-","-","UNINCORPORATED","SUTTER","CA",-121.54309,38.8668
"6801367",0,0,2014,"5100","4","6","4","01",0,1,"A",,,,,"Y",2400,12,"E","I","A","FRANKLIN LEVEE RD","GEORGE WASHINGTON BL",0,,"Y","2015-02-17",9285,"2014-12-27",2105,"18286",,"2","9","0","2",,"1","052","-","N",,0,0,,,0,,,,"Y",1,"A","-",23152,"A","N","A","H","-","D","D","0","Y","A","07",0,0,1,0,0,0,0,0,0,"-","-","UNINCORPORATED","SUTTER","CA",-121.40194,39.0738
"6801363",-121.5250332,38.87059,2014,"5100","5","7","4","06",0,2,"A",,,,,,300,12,"A","C","A","PACIFIC AV","STRIPIN RD",1320,"N","N","2015-02-17",9285,"2014-12-28",58,"18286",,"3","9","0","3",,"1","001","-","N",,0,0,,,0,,,,"Y",3,"A","-",21750,,"N","A","H","-","D","D","0","Y","A","01",0,0,2,0,0,0,0,0,0,"-","-","UNINCORPORATED","SUTTER","CA",-121.52536,38.77273
"6792079",-121.6108223,39.1369488,2014,"5102","0","2","4","03",0,1,"B",,,,,,1800,12,"C","C","A","BRIDGE ST","BOYD ST",100,"E","N","2015-03-09",5102,"2014-12-09",1712,"4046","5102","5","4","0","0",,"0","001","-","N",,0,0,,,0,,,,"N",3,"A","-",22350,,"N","A","H","-","B","A","0","Y","A","08",0,0,1,0,0,0,0,0,0,"-","-","YUBA CITY","SUTTER","CA",0,0
"6789870",0,0,2014,"5102","0","7","4","03",0,1,"A",,,,,,1200,12,"C","C","A","5TH ST BR","BRIDGE ST",25,"E","N","2015-02-12",5102,"2014-12-28",1110,"4073","5102","5","4","0","0",,"0","004","-","N",,0,0,,,0,,,,"Y",2,"A","-",22350,,"N","A","H","-","A","D","0","Y","-",,0,0,1,0,0,0,0,0,0,"-","-","YUBA CITY","SUTTER","CA",0,0
"6789869",-121.6392531,39.1323151,2014,"5102","0","3","3","11",0,2,"C","Y",,,,,2100,12,"G","B","D","BRIDGE ST","JOY ST",0,"W","N","2015-02-12",5102,"2014-12-17",2018,"4091","5102","5","4","0","0",,"0","002","-","N",,0,0,,,0,,,,"Y",3,"A","-",21950,"B","N","B","-","-","C","D","0","Y","N","60",0,2,0,0,2,0,0,0,0,"-","-","YUBA CITY","SUTTER","CA",0,0
"6789868",0,0,2014,"5102","0","2","2","09",0,1,"C",,"Y",,,"Y",1800,12,"D","G","A","N WALTON AV","SUNSWEET BL",350,"N","N","2015-02-12",5102,"2014-12-16",1738,"4079","5102","5","4","0","0",,"0","002","-","N",,0,0,,,0,,,,"Y",2,"A","-",21802,"A","N","B","H","-","D","D","0","Y","L","04",1,0,0,0,0,0,1,0,0,"-","-","YUBA CITY","SUTTER","CA",0,0
"6789867",-121.6425874,39.1476498,2014,"5102","0","6","4","09",0,1,"A",,,,,,1800,12,"D","C","A","BUTTE HOUSE RD","STABLER LN",429,"E","N","2015-02-12",5102,"2014-12-13",1537,"4090","5102","5","4","0","0",,"0","002","-","N",,0,0,,,0,,,,"N",2,"A","-",21804,"A","N","A","H","-","A","D","0","Y","A","07",0,0,1,0,0,0,0,0,0,"-","-","YUBA CITY","SUTTER","CA",0,0
"6789866",-121.6599776,39.2665496,2014,"5101","0","4","4","06",0,1,"A",,,,,,1500,12,"B","C","A","LARKIN RD","ALLEN ST",140,"N","N","2015-02-12",5100,"2014-12-18",1452,"5082","LOCA3","5","2","0","0",,"0","02A","-","N",,0,0,,,0,,,,"N",2,"A","-",21755,,"N","A","H","-","A","D","0","Y","-",,0,0,1,0,0,0,0,0,0,"-","-","LIVE OAK","SUTTER","CA",0,0
"6789865",-121.6439157,39.1138572,2014,"5102","0","4","4","03",0,1,"C",,,,,,1500,12,"C","C","A","WALTON AV","STOKER AV",110,"N","N","2016-02-18",5102,"2014-12-11",1436,"2223","MAP89","5","4","0","0",,"0","007","-","N",,0,0,,,0,,,,,2,"A","-",22350,,"N","B","H","-","A","D","0","Y","A","01",0,0,1,0,0,0,0,0,0,"-","-","YUBA CITY","SUTTER","CA",0,0
"6789864",-121.6053198,39.1315328,2014,"5102","0","5","4","03",0,1,"C",,,,,,1800,12,"C","C","A","GARDEN HWY","FRANKLIN AV",425,"N","N","2015-02-12",5102,"2014-12-19",1630,"4091",,"5","4","0","0",,"0","005","-","N",,0,0,,,0,,,,"Y",2,"A","-",22350,,"N","B","H","-","C","D","0","Y","A","01",0,0,1,0,0,0,0,0,0,"-","-","YUBA CITY","SUTTER","CA",0,0
"6789631",-121.6220732,39.1593251,2014,"5102","0","1","4","09",0,2,"B",,,,,,1500,12,"D","C","A","LIVE OAK BL","NORTHGATE DR",0,,"Y","2015-02-09",5102,"2014-12-29",1405,"4056","PATRO","5","4","0","0",,"0","003","-","N",,0,0,,,0,,,,"Y",2,"A","-",21801,"B","N","A","H","-","A","A","0","Y","A","01",0,0,2,0,0,0,0,0,0,"-","-","YUBA CITY","SUTTER","CA",0,0
"6789630",-121.6251232,39.1308551,2014,"5102","0","4","4","09",0,1,"B",,,,,,1500,12,"D","C","A","CLARK AV","FREDERICK ST",0,,"Y","2015-02-09",5102,"2014-12-18",1455,"4081","5102","5","4","0","0",,"0","004","-","N",,0,0,,,0,,,,"N",2,"A","-",21802,"A","N","A","H","-","A","A","0","Y","A","07",0,0,1,0,0,0,0,0,0,"-","-","YUBA CITY","SUTTER","CA",0,0
"6789629",0,0,2014,"5102","0","4","4","10",0,1,"B","Y",,,,,1800,12,"G","B","B","NANTUCKET WY","FRANKLIN AV",0,,"Y","2015-02-09",5102,"2014-12-18",1735,"2247","MAP85","5","4","0","0",,"0","007","-","N",,0,0,,,0,,,,"N",2,"A","-",21950,"A","N","B","H","-","C","D","0","Y","A","01",0,0,1,0,1,0,0,0,0,"-","-","YUBA CITY","SUTTER","CA",0,0
"6789609",-121.6348051,39.1433878,2014,"5102","0","7","4","-",0,1,"B",,,,,,1800,12,"C","C","A","RT 99","RT 20",74,"N","N","2016-07-07",5102,"2014-12-21",1550,"481","5102","5","4","0","0",,"0","002","-","Y","SUT",3,99,"-","T",30.74,"H","-","S","Y",3,"A","-",0,,"N","A","H","-","A","A","0","Y","A","01",0,0,1,0,0,0,0,0,0,"-","-","YUBA CITY","SUTTER","CA",0,0
"6789608",-121.6611577,39.2758747,2014,"5101","0","3","4","03",0,1,"C",,,,,,2100,12,"C","C","A","RT 99","PENNINGTON RD",0,,"Y","2016-07-07",5100,"2014-12-17",1829,"2100","LOCA3","5","2","0","0",,"0","02A","-","Y","SUT",3,99,"-","-",40.24,"H","-","N","Y",3,"A","-",22350,,"N","B","H","-","C","A","0","Y","A","07",0,0,1,0,0,0,0,0,0,"-","-","LIVE OAK","SUTTER","CA",0,0
"6789607",-121.6608793,39.274617,2014,"5101","0","2","4","03",0,1,"C",,,,,,1800,12,"C","C","A","RT 99","ELM ST",405,"N","N","2016-07-07",5100,"2014-12-16",1748,"2222","LOCA3","5","2","0","0",,"0","002","-","Y","SUT",3,99,"-","-",40.14,"H","-","S","Y",3,"A","-",22350,,"N","B","H","-","C","D","0","Y","A","07",0,0,1,0,0,0,0,0,0,"-","-","LIVE OAK","SUTTER","CA",0,0
"6789606",-121.6394636,39.1416765,2014,"5102","0","5","4","03",0,1,"B",,,,,,1500,12,"C","C","A","RT 20","CIVIC CENTER BL",0,,"Y","2016-06-21",5102,"2014-12-12",1443,"4092","5102","5","4","0","0",,"0","002","C","Y","SUT",3,20,"-","R",15.34,"H","-","E","Y",2,"A","-",22350,,"N","B","H","-","A","A","0","Y","A","01",0,0,1,0,0,0,0,0,0,"-","-","YUBA CITY","SUTTER","CA",0,0
"6789605",-121.6344832,39.1309084,2014,"5102","0","3","4","03",0,2,"C",,,,,,1800,12,"C","C","A","RT 99","BRIDGE ST",525,"S","N","2016-07-07",5102,"2014-12-10",1714,"4089","SUTTE","5","4","0","0",,"0","004","-","Y","SUT",3,99,"-","-",29.93,"H","-","N","Y",2,"A","-",22350,,"N","B","H","-","D","A","0","Y","A","01",0,0,2,0,0,0,0,0,0,"-","-","YUBA CITY","SUTTER","CA",0,0
"6789604",-121.6344549,39.1331581,2014,"5102","0","4","3","01",0,3,"C",,,,,"Y",2100,12,"C","C","A","RT 99","BRIDGE ST",55,"N","N","2016-07-07",5102,"2014-12-11",1916,"4081","5102","5","4","0","0",,"0","002","-","Y","SUT",3,99,"-","-",30.04,"H","-","S","N",2,"A","-",23152,"A","N","B","H","-","C","A","0","Y","A","01",0,1,2,0,0,0,0,0,0,"-","-","YUBA CITY","SUTTER","CA",0,0
"6789603",-121.6345361,39.12763,2014,"5102","0","6","4","-",0,4,"A",,,,,,2100,12,"D","C","A","RT 99","FRANKLIN RD",0,,"Y","2016-07-07",5102,"2014-12-06",2034,"4089","SUTTE","5","4","0","0",,"0","002","-","Y","SUT",3,99,"-","-",29.67,"I","5","S","Y",2,"A","-",0,,"N","A","H","-","C","A","0","Y","-","-",0,0,4,0,0,0,0,0,0,"-","-","YUBA CITY","SUTTER","CA",0,0
"6789602",-121.6088468,39.1433758,2014,"5102","0","1","4","03",0,1,"A",,,,,,1200,12,"C","C","A","RT 20","SUTTER ST",720,"E","N","2016-06-29",5102,"2014-12-08",1007,"4079","5102","5","4","0","0",,"0","003","-","Y","SUT",3,20,"-","-",16.99,"H","-","W","Y",2,"A","-",22350,,"N","A","H","-","A","D","0","Y","A","01",0,0,1,0,0,0,0,0,0,"-","-","YUBA CITY","SUTTER","CA",0,0
"6789358",-121.6283252,39.1416409,2014,"5102","0","7","3","17",0,2,"A",,,,,,900,12,"D","C","A","STAFFORD WY","RT 20",0,,"Y","2016-06-21",5102,"2014-12-07",824,"4079","5102","5","4","0","0",,"0","003","-","Y","SUT",3,20,"-","-",15.94,"I","5","E","Y",2,"A","-",21461,"A","N","A","H","-","A","D","0","Y","D","22",0,2,0,0,0,0,0,0,0,"-","-","YUBA CITY","SUTTER","CA",0,0
"6789354",-121.6344619,39.133457,2014,"5102","0","5","2","03",0,1,"B",,,,,"Y",2100,12,"C","C","A","RT 99","BRIDGE ST",170,"N","N","2016-07-07",5102,"2014-12-19",1801,"4090","5102","5","4","0","0",,"0","002","C","Y","SUT",3,99,"-","-",30.06,"H","-","S","Y",2,"A","-",22350,,"N","B","H","-","C","D","0","Y","A","01",1,0,0,0,0,0,0,0,0,"-","-","YUBA CITY","SUTTER","CA",0,0
"6789338",-121.6345452,39.1396837,2014,"5102","0","5","4","03",0,2,"B",,,,,,1800,12,"C","C","A","RT 99","RT 20",500,"S","N","2016-07-07",5102,"2014-12-12",1736,"4081","5102","5","4","0","0",,"0","004","-","Y","SUT",3,99,"-","-",30.54,"H","-","N","N",4,"A","-",22350,,"N","B","H","-","C","A","0","Y","A","01",0,0,2,0,0,0,0,0,0,"-","-","YUBA CITY","SUTTER","CA",0,0
"6789330",-121.632389,39.127263,2014,"5102","0","7","4","03",0,1,"A",,,,,,1800,12,"C","C","A","FRANKLIN AV","S LAWRENCE RD",30,"W","N","2015-02-09",5102,"2014-12-28",1529,"4073","5102","5","4","0","0",,"0","004","-","N",,0,0,,,0,,,,"N",3,"A","-",22350,,"N","A","H","-","A","D","0","Y","-",,0,0,1,0,0,0,0,0,0,"-","-","YUBA CITY","SUTTER","CA",0,0
"6789326",-121.6307295,39.1416241,2014,"5102","0","7","4","17",0,2,"A",,,,,,1200,12,"D","C","A","RT 20","GRAY AV",0,,"Y","2016-06-21",5102,"2014-12-28",1027,"4046","5102","5","4","0","0",,"0","004","-","Y","SUT",3,20,"-","-",15.81,"I","5","E","Y",2,"A","-",21451,"A","N","A","H","-","A","A","0","Y","D","22",0,0,2,0,0,0,0,0,0,"-","-","YUBA CITY","SUTTER","CA",0,0
"6789323",-121.6302232,39.1439351,2014,"5102","0","4","3","12",0,2,"C",,,,,,1800,12,"D","C","A","GRAY AV","AINSLEY AV",0,,"Y","2015-02-09",5102,"2014-12-11",1730,"4081","5102","5","4","0","0",,"0","003","-","N",,0,0,,,0,,,,"Y",2,"A","-",21453,"A","N","B","H","-","C","A","0","Y","A","07",0,1,1,0,0,0,0,0,0,"-","-","YUBA CITY","SUTTER","CA",0,0
"6780827",0,0,2014,"5102","0","6","3","00",0,1,"C",,,,,,900,11,"A","I","A","REEVES AV","BRIDGE ST",96,"E","N","2016-02-23",5102,"2014-11-22",615,"4092",,"5","4","0","0",,"0","004","-","N",,0,0,,,0,,,,,1,"D","-",0,,"F","B","H","-","B","D","0","Y","-","-",0,1,0,0,0,0,0,0,0,"-","-","YUBA CITY","SUTTER","CA",0,0
"6779606",-121.6237685,39.1274974,2014,"5102","0","5","4","03",0,2,"B",,,,,,1800,12,"C","C","A","FRANKLIN AV","CLARK AV",300,"E","N","2015-02-11",5102,"2014-12-05",1521,"4081","5102","5","4","0","0",,"0","005","-","N",,0,0,,,0,,,,"N",3,"A","-",22350,,"N","B","H","-","A","D","0","Y","A","07",0,0,2,0,0,0,0,0,0,"-","-","YUBA CITY","SUTTER","CA",0,0
"6779118",-121.6346286,39.1126339,2014,"5100","3","3","4","07",0,2,"B",,,,,,1200,12,"C","C","A","RT 99","LINCOLN AV",60,"S","N","2016-07-07",9285,"2014-12-17",1044,"017118",,"1","9","0","1",,"1","051","-","Y","SUT",3,99,"-","-",28.66,"H","-","N","Y",3,"A","-",21658,"A","N","B","H","-","A","A","0","Y","A","01",0,0,2,0,0,0,0,0,0,"-","-","UNINCORPORATED","SUTTER","CA",-121.63467,39.11272
"6779106",0,0,2014,"5100","5","3","3","08",0,2,"A",,,,,,2100,12,"E","I","A","FORTY MILE RD","WHEATLAND RD",51,"N","N","2015-02-12",9285,"2014-12-24",1953,"019168",,"2","9","0","3",,"1","001","-","N",,0,0,,,0,,,,"Y",1,"A","-",22107,,"N","A","H","-","D","D","0","Y","A","07",0,1,1,0,0,0,0,0,0,"-","-","UNINCORPORATED","SUTTER","CA",-121.48779,38.99056
"6779057",-121.6344057,39.0985261,2014,"5100","3","5","4","03",0,1,"A",,,,,,1800,12,"C","C","A","RT 99","BOGUE RD",60,"N","N","2016-07-07",9285,"2014-12-12",1740,"018522",,"2","9","0","1",,"1","051","-","Y","SUT",3,99,"-","-",27.67,"H","-","S","N",2,"A","-",22350,,"N","B","H","-","C","A","0","Y","A","01",0,0,1,0,0,0,0,0,0,"-","-","UNINCORPORATED","SUTTER","CA",-121.63448,39.09863
"6778991",-121.6719133,39.0063697,2014,"5100","4","3","3","08",0,1,"B",,,,,,300,12,"E","I","A","S GEORGE WASHIINGTON BL","RT 113",1584,"N","N","2015-02-13",9285,"2014-12-17",30,"17534",,"3","9","0","2",,"1","052","-","N",,0,0,,,0,,,,"Y",1,"A","-",22107,,"N","B","H","-","D","D","0","Y","D","22",0,1,0,0,0,0,0,0,0,"-","-","UNINCORPORATED","SUTTER","CA",-121.67194,39.00604
"6778967",-121.6331733,39.0708188,2014,"5100","3","2","4","09",0,2,"E",,,,"Y",,900,12,"C","C","A","RT 99","OSWALD RD",40,"N","N","2016-07-07",9285,"2014-12-23",752,"014401",,"1","9","0","1",,"1","051","-","Y","SUT",3,99,"-","-",25.74,"H","-","N","Y",2,"A","-",21802,"A","N","B","H","-","A","A","0","Y","G","27",0,0,2,0,0,0,0,0,0,"-","-","UNINCORPORATED","SUTTER","CA",-121.6333,39.06951
"6777799",0,0,2014,"5100","5","3","4","01",0,1,"A",,,,,"Y",2400,12,"E","I","A","E BUTTE RD","CLARK RD",1380,"S","N","2015-02-12",9285,"2014-12-03",2345,"18475",,"3","9","0","3",,"1","007","-","N",,0,0,,,0,,,,"Y",1,"A","-",23152,"A","N","B","H","-","D","D","0","Y","A","07",0,0,1,0,0,0,0,0,0,"-","-","UNINCORPORATED","SUTTER","CA",-121.71523,39.22764
"6777798",-121.7170463,39.1271285,2014,"5100","4","4","3","06",0,1,"B",,,,,,1500,12,"C","C","A","FRANKLIN RD","TOWNSHIP RD",7920,"W","N","2015-02-12",9285,"2014-12-04",1200,"15855",,"1","9","0","2",,"1","073","-","N",,0,0,,,0,,,,"Y",2,"A","-",21750,,"N","A","H","-","A","D","0","Y","A","01",0,1,0,0,0,0,0,0,0,"-","-","UNINCORPORATED","SUTTER","CA",-121.70828,39.12728
"6777797",-121.6346161,39.1203568,2014,"5100","5","5","4","03",0,1,"B",,,,,,2100,12,"C","C","A","RT 99","HUNN RD",450,"S","N","2016-07-07",9285,"2014-12-05",1808,"18475",,"2","9","0","3",,"1","005","-","Y","SUT",3,99,"-","-",29.18,"H","-","S","Y",2,"A","-",22350,,"N","B","H","-","C","B","0","Y","A","01",0,0,1,0,0,0,0,0,0,"-","-","UNINCORPORATED","SUTTER","CA",-121.63477,39.11974
"6776233",-121.6418617,39.2219849,2014,"5100","3","5","4","03",0,1,"B",,,,,,900,12,"C","C","A","RT 99","KENT AV",0,,"Y","2016-07-07",9285,"2014-12-05",630,"015069",,"1","9","0","1",,"1","071","C","Y","SUT",3,99,"-","-",36.32,"I","5","S","N",2,"A","-",22350,,"N","B","H","-","C","A","1","Y","D","22",0,0,1,0,0,0,0,0,0,"-","-","UNINCORPORATED","SUTTER","CA",-121.64165,39.2212
"6759319",-121.6595494,39.2699669,2014,"5101","0","7","4","03",0,1,"A",,,,,,2100,11,"C","C","A","RT 99","ASH ST",100,"S","N","2016-07-07",5100,"2014-11-09",1854,"5114","5101","5","2","0","0",,"0","01A","-","Y","SUT",3,99,"-","-",39.82,"H","-","N","N",2,"A","-",22350,,"N","A","H","-","C","D","0","Y","A","08",0,0,1,0,0,0,0,0,0,"-","-","LIVE OAK","SUTTER","CA",0,0
"6757050",-121.634554,39.1364453,2014,"5102","0","3","4","-",0,1,"A",,,,,,1500,12,"C","C","A","RT 99","SUNSWEET BL",0,,"Y","2016-07-07",5102,"2014-12-24",1426,"4057","5102","5","4","0","0",,"0","002","-","Y","SUT",3,99,"-","-",30.26,"H","-","S",,2,"A","-",0,,"N","A","H","-","A","A","0","Y","A","08",0,0,1,0,0,0,0,0,0,"-","-","YUBA CITY","SUTTER","CA",0,0
"6754702",0,0,2014,"5102","0","2","3","03",0,1,"B",,,,,,1500,12,"E","I","A","WESTERN PKWY","JEFFERSON PKWY",25,"N","N","2015-03-03",5102,"2014-12-02",1449,"4083",,"5","4","0","0",,"0",,"C","N",,0,0,,,0,,,,"Y",1,"A","-",22350,,"N","B","H","-","A","D","0","Y","A","01",0,1,0,0,0,0,0,0,0,"-","-","YUBA CITY","SUTTER","CA",0,0
"6745562",-121.6212432,39.131125,2014,"5102","0","5","4","03",0,5,"A",,,,,,1800,11,"C","C","A","B ST","PARK AV",0,,"Y","2015-01-21",5102,"2014-11-14",1744,"4089","SUTTE","5","4","0","0",,"0","004","-","N",,0,0,,,0,,,,"N",2,"A","-",22350,,"N","A","H","-","B","D","0","Y","A","01",0,0,5,0,0,0,0,0,0,"-","-","YUBA CITY","SUTTER","CA",0,0
"6745561",-121.6255058,39.1321787,2014,"5102","0","1","3","03",0,4,"A",,,,,,1800,11,"C","C","A","BRIDGE ST","CLARK AV",100,"W","N","2015-01-21",5102,"2014-11-10",1636,"4079","5102","5","4","0","0",,"0","003","-","N",,0,0,,,0,,,,"N",3,"A","-",22350,,"N","A","H","-","A","D","0","Y","A","01",0,1,3,0,0,0,0,0,0,"-","-","YUBA CITY","SUTTER","CA",0,0
"6744996",-121.6302221,39.143839,2014,"5102","0","2","4","03",0,1,"B",,,,,,1200,12,"C","C","A","GRAY AV","AINSLEY AV",35,"S","N","2015-01-30",5102,"2014-12-02",1056,"4083","5102","5","4","0","0",,"0","003","C","N",,0,0,,,0,,,,"Y",2,"A","-",22350,,"N","B","H","-","A","A","0","Y","A","01",0,0,1,0,0,0,0,0,0,"-","-","YUBA CITY","SUTTER","CA",0,0
"6744468",-121.6441533,39.1481055,2014,"5102","0","2","4","21",0,1,"B",,,,,,1800,12,"C","C","A","BUTTE HOUSE RD","STABLER LN",45,"W","N","2015-01-30",5102,"2014-12-02",1620,"4083","5102","5","4","0","0",,"0","001","-","N",,0,0,,,0,,,,"N",2,"A","-",22106,,"N","B","H","-","A","A","0","Y","A","01",0,0,1,0,0,0,0,0,0,"-","-","YUBA CITY","SUTTER","CA",0,0