"CASEID","POINT_X","POINT_Y","YEAR_","LOCATION","CHPTYPE","DAYWEEK","CRASHSEV","VIOLCAT","KILLED","INJURED","WEATHER1","PEDCOL","BICCOL","MCCOL","TRUCKCOL","ETOH","TIMECAT","MONTH_","CRASHTYP","INVOLVE","PED","PRIMARYRD","SECONDRD","DISTANCE","DIRECT","INTERSECT_","PROCDATE","JURIS","DATE_","TIME_","BADGE","JURIDIST","SHIFT","POP","SPECIAL","BEATTYPE","LAPDDIV","BEATCLAS","BEATNUMB","WEATHER2","STATEHW","CALTRANC","CALTRAND","STROUTE","ROUTESUF","POSTPRE","POSTMILE","LOCATYPE","RAMP","SIDEHW","TOWAWAY","PARTIES","PCF","VIOLCODE","VIOL","VIOLSUB","HITRUN","ROADSURF","RDCOND1","RDCOND2","LIGHTING","RIGHTWAY","CHPRDTYP","NOTPRIV","STFAULT","CHPFAULT","SEVINJ","OTHERINJ","COP","PEDKILL","PEDINJ","BICKILL","BICINJ","MCKILL","MCINJURE","RAMP1","RAMP2","CITY","COUNTY","STATE","X_CHP","Y_CHP"
"6731798",-121.4876405,38.9311551,2014,"5100","5","1","4","08",0,1,"A",,,,,,1800,11,"E","I","A","PLEASANT GROVE RD","HICKS RD",630,"S","N","2015-01-22",9285,"2014-11-24",1525,"13174","9285","2","9","0","3",,"1","001","-","N",,0,0,,,0,,,,"Y",1,"A","-",22107,,"N","A","H","-","A","D","0","Y","A","01",0,0,1,0,0,0,0,0,0,"-","-","UNINCORPORATED","SUTTER","CA",-121.48772,38.93028
"6727822",0,0,2014,"5102","0","5","3","09",0,1,"B",,,,,,1200,11,"A","C","A","STEPHEN WY","BLUE OAKS DR",0,,"Y","2015-01-14",5102,"2014-11-21",1116,"4057","5102","5","4","0","0",,"0","005","-","N",,0,0,,,0,,,,"Y",2,"A","-",21801,"A","N","A","H","-","A","A","0","Y","A","01",0,1,0,0,0,0,0,0,0,"-","-","YUBA CITY","SUTTER","CA",0,0
"6727818",-121.6560838,39.1415423,2014,"5102","0","1","4","12",0,4,"A",,,,,,600,11,"D","C","A","RT 20","HARTER RD",0,,"Y","2016-06-21",5102,"2014-11-17",523,"4027","5102","5","4","0","0",,"0","001","-","Y","SUT",3,20,"-","-",14.44,"I","5","W","Y",2,"A","-",21453,"A","N","A","H","-","B","A","0","Y","A","01",0,0,4,0,0,0,0,0,0,"-","-","YUBA CITY","SUTTER","CA",0,0
"6727814",-121.6261114,39.1518324,2014,"5102","0","1","4","00",0,1,"A",,"Y",,,,1800,11,"D","G","A","QUEENS AV","CLARK AV",25,"W","N","2015-01-14",5102,"2014-11-17",1616,"4083","5102","5","4","0","0",,"0","003","-","N",,0,0,,,0,,,,"N",2,"D","-",0,,"N","A","H","-","A","A","0","Y","-","-",0,0,1,0,0,0,1,0,0,"-","-","YUBA CITY","SUTTER","CA",0,0
"6727810",0,0,2014,"5102","0","5","4","03",0,1,"A",,,,,,2100,11,"D","C","A","BUTTE HOUSE RD","YUBA PLAZA WY",0,,"Y","2015-01-14",5102,"2014-11-07",2018,"4087","5102","5","4","0","0",,"0","003","-","N",,0,0,,,0,,,,,2,"A","-",22350,,"N","A","H","-","C","A","0","Y","A","01",0,0,1,0,0,0,0,0,0,"-","-","YUBA CITY","SUTTER","CA",0,0
"6727806",-121.6211131,39.128105,2014,"5102","0","3","4","09",0,2,"C",,,,,,2100,11,"D","C","A","FRANKLIN RD","PARK AV",0,,"Y","2015-01-15",5102,"2014-11-19",1802,"4093","5102","5","4","0","0",,"0","005","-","N",,0,0,,,0,,,,"Y",2,"A","-",21802,"A","N","B","H","-","C","A","0","Y","A","01",0,0,2,0,0,0,0,0,0,"-","-","YUBA CITY","SUTTER","CA",0,0
"6727778",-121.6204964,39.1540126,2014,"5102","0","7","4","09",0,1,"A",,"Y",,,,2100,11,"D","G","A","LIVE OAK BL","LOREL WY",400,"S","N","2015-01-14",5102,"2014-11-23",1825,"4052","5102","5","4","0","0",,"0","003","-","N",,0,0,,,0,,,,"N",2,"A","-",21804,"A","N","A","H","-","C","D","0","Y","A","08",0,0,1,0,0,0,1,0,0,"-","-","YUBA CITY","SUTTER","CA",0,0
"6727774",-121.6385181,39.1272835,2014,"5102","0","4","2","11",0,1,"B","Y",,,,,1800,11,"G","B","D","FRANKLIN RD","LITTLE JOHN",200,"E","N","2015-01-14",5102,"2014-11-20",1720,"4045","5102","5","4","0","0",,"0","002","C","N",,0,0,,,0,,,,"N",2,"A","-",21954,"A","N","B","H","-","D","D","0","Y","N","60",1,0,0,0,1,0,0,0,0,"-","-","YUBA CITY","SUTTER","CA",0,0
"6727770",-121.612041,39.136495,2014,"5102","0","1","4","03",0,1,"A",,,,,,1800,11,"C","C","A","BRIDGE ST","SHASTA ST",528,"E","N","2015-01-14",5102,"2014-11-24",1717,"4073","5102","5","4","0","0",,"0","004","-","N",,0,0,,,0,,,,"N",2,"A","-",22350,,"N","A","H","-","C","D","0","Y","-",,0,0,1,0,0,0,0,0,0,"-","-","YUBA CITY","SUTTER","CA",0,0
"6727584",-121.6346066,39.1214108,2014,"5102","0","1","3","03",0,2,"A",,,,,,1200,11,"C","C","A","RT 99","FRANKLIN AV",29,"S","N","2016-07-07",5102,"2014-11-24",917,"4011","5102","5","4","0","0",,"0","002","-","Y","SUT",3,99,"-","-",29.27,"H","-","N","Y",3,"A","-",22350,,"N","A","H","-","A","A","0","Y","A","01",0,1,1,0,0,0,0,0,0,"-","-","YUBA CITY","SUTTER","CA",0,0
"6725536",-121.4836376,38.813515,2014,"5100","5","2","3","08",0,1,"A",,,,,,900,11,"F","I","A","PLEASANT GROVE RD","FIFIELD RD",1584,"N","N","2015-01-13",9285,"2014-11-04",710,"13174","9285","1","9","0","3",,"1","001","-","N",,0,0,,,0,,,,"Y",1,"A","-",22107,,"N","A","H","-","A","D","0","Y","A","08",0,1,0,0,0,0,0,0,0,"-","-","UNINCORPORATED","SUTTER","CA",-121.48381,38.8134
"6725535",-121.6067699,38.9406891,2014,"5100","3","7","4","03",0,1,"A",,,,,,2100,11,"C","C","A","RT 99","OAK AV",1056,"N","N","2016-07-07",9285,"2014-11-02",1935,"17080",,"2","9","0","1",,"1","011","-","Y","SUT",3,99,"-","-",15.37,"H","-","S","Y",3,"A","-",22350,,"N","A","H","-","C","D","0","Y","A","07",0,0,1,0,0,0,0,0,0,"-","-","UNINCORPORATED","SUTTER","CA",-121.60672,38.94119
"6718549",-121.6330338,39.0835666,2014,"5100","5","3","1","09",1,0,"A",,,"Y",,,900,5,"D","C","A","RIEGO RD","RT 99",488,"E","N","2015-06-17",9285,"2014-05-28",721,"13174","9285","1","9","0","3",,"1","001","-","N",,0,0,,,0,,,,"Y",2,"A","-",21801,"A","N","A","D","-","A","D","0","Y","D","22",0,0,0,0,0,0,0,1,0,"-","-","UNINCORPORATED","SUTTER","CA",-121.53852,38.74988
"6712238",-121.6320991,39.0983166,2014,"5100","5","3","4","03",0,1,"A",,,,,,2100,10,"C","C","A","BOGUE RD","PHILLIPS RD",50,"W","N","2016-02-18",9285,"2014-10-29",1825,"018475",,"2","9","0","3",,"1","005","-","N",,0,0,,,0,,,,"N",3,"A","-",22350,,"N","A","H","-","C","D","0","Y","A","01",0,0,1,0,0,0,0,0,0,"-","-","UNINCORPORATED","SUTTER","CA",-121.63229,39.0983
"6712230",-121.6624394,39.1546768,2014,"5100","5","4","4","03",0,1,"A",,,,,,2100,10,"C","C","A","TIERRA BUENA RD","BUTTE HOUSE RD",525,"N","N","2014-12-24",9285,"2014-10-30",2045,"018475",,"2","9","0","3",,"1","007","-","N",,0,0,,,0,,,,"N",2,"A","-",22350,,"N","A","H","-","D","A","0","Y","A","01",0,0,1,0,0,0,0,0,0,"-","-","UNINCORPORATED","SUTTER","CA",-121.66246,39.15453
"6712222",-121.7656832,39.1838891,2014,"5100","5","5","3","03",0,1,"B",,,,,"Y",600,10,"E","J","A","PASS RD","ACACIA AV",5280,"W","N","2014-12-24",9285,"2014-10-31",300,"015048",,"3","9","0","3",,"1","007","-","N",,0,0,,,0,,,,"Y",1,"A","-",22350,,"N","A","H","-","D","D","0","Y","A","01",0,1,0,0,0,0,0,0,0,"-","-","UNINCORPORATED","SUTTER","CA",-121.76402,39.1838
"6712218",-121.6346441,39.1107634,2014,"5100","3","5","4","03",0,2,"C",,,,,,1800,10,"C","C","A","RT 99","LINCOLN RD",528,"S","N","2016-07-07",9285,"2014-10-31",1555,"015048",,"2","9","0","1",,"1","051","-","Y","SUT",3,99,"-","-",28.53,"H","-","N","Y",3,"A","-",22350,,"N","B","H","-","A","A","0","Y","A","01",0,0,2,0,0,0,0,0,0,"-","-","UNINCORPORATED","SUTTER","CA",-121.6345,39.11161
"6712197",-121.643278,39.1434751,2014,"5102","0","7","4","08",0,1,"A",,,,,,2400,10,"E","J","A","STARR DR","STABLER LN",200,"E","N","2014-12-24",5102,"2014-10-19",2118,"4085","SUTTE","5","4","0","0",,"0","002","-","N",,0,0,,,0,,,,"Y",1,"A","-",22107,,"N","A","H","-","C","D","0","Y","A","01",0,0,1,0,0,0,0,0,0,"-","-","YUBA CITY","SUTTER","CA",0,0
"6712185",-121.7345189,39.1676723,2014,"5100","3","7","3","11",0,1,"A","Y",,,,,2100,10,"B","B","E","BUTTE HOUSE RD","MALLOTT RD",193,"E","N","2014-12-24",9285,"2014-10-26",2014,"018522",,"2","9","0","1",,"1","071","-","N",,0,0,,,0,,,,"N",2,"A","-",21956,,"N","A","H","-","D","D","0","Y","N","60",0,1,0,0,1,0,0,0,0,"-","-","UNINCORPORATED","SUTTER","CA",-121.73437,39.16744
"6712165",-121.6075532,39.138095,2014,"5102","0","4","4","09",0,1,"A",,"Y",,,,1200,10,"D","G","A","2ND ST","BRIDGE ST",0,,"Y","2014-12-24",5102,"2014-10-30",1137,"4079","5102","5","4","0","0",,"0","005","-","N",,0,0,,,0,,,,"N",2,"A","-",21802,"A","N","A","H","-","A","A","0","Y","A","01",0,0,1,0,0,0,1,0,0,"-","-","YUBA CITY","SUTTER","CA",0,0
"6712161",-121.6346239,39.1127779,2014,"5100","5","2","4","09",0,1,"A",,,"Y",,,1500,10,"D","C","A","LINCOLN RD","RT 99",115,"E","N","2016-07-07",9285,"2014-10-14",1215,"013174","9285","1","9","0","3",,"1","005","-","Y","SUT",3,99,"-","-",28.67,"I","6","N","N",2,"A","-",21804,"A","N","A","H","-","A","D","0","Y","A","01",0,0,1,0,0,0,0,0,1,"-","-","UNINCORPORATED","SUTTER","CA",-121.63407,39.11268
"6711600",-121.6140931,39.1335213,2014,"5102","0","7","4","05",0,1,"A",,,,,,1200,11,"B","C","A","B ST","PLUMAS ST",112,"E","N","2015-01-09",5102,"2014-11-16",947,"4046","5102","5","4","0","0",,"0","004","-","N",,0,0,,,0,,,,"N",2,"A","-",21460,,"N","A","H","-","A","A","0","Y","A","01",0,0,1,0,0,0,0,0,0,"-","-","YUBA CITY","SUTTER","CA",0,0
"6711596",-121.6346783,39.1150071,2014,"5102","0","1","4","03",0,2,"A",,,,,,1800,11,"C","C","A","RT 99","FRANKLIN AV",350,"N","N","2016-07-07",5102,"2014-11-10",1749,"4011","5102","5","4","0","0",,"0","002","-","Y","SUT",3,99,"-","-",28.81,"H","-","S","Y",2,"A","-",22350,,"N","A","H","-","C","A","0","Y","A","01",0,0,2,0,0,0,0,0,0,"-","-","YUBA CITY","SUTTER","CA",0,0
"6711592",-121.6143246,39.1334402,2014,"5102","0","6","3","05",0,1,"A",,,,,"Y",600,11,"E","I","A","B ST","PLUMAS BL",40,"E","N","2015-01-09",5102,"2014-11-08",343,"4061","5102","5","4","0","0",,"0","004","-","N",,0,0,,,0,,,,"Y",1,"A","-",21650,,"N","A","H","-","C","D","0","Y","A","01",0,1,0,0,0,0,0,0,0,"-","-","YUBA CITY","SUTTER","CA",0,0
"6711576",-121.6344217,39.0999703,2014,"5100","3","7","4","08",0,1,"A",,,,,"Y",2400,11,"E","I","A","RT 99","BOGUE RD",528,"N","N","2016-07-07",9285,"2014-11-02",2241,"017080",,"3","9","0","1",,"1","051","-","Y","SUT",3,99,"-","-",27.78,"H","-","N","Y",1,"A","-",22107,,"N","A","H","-","C","D","0","Y","A","01",0,0,1,0,0,0,0,0,0,"-","-","UNINCORPORATED","SUTTER","CA",-121.63437,39.09943
"6711543",-121.6486348,39.1415112,2014,"5102","0","3","4","21",0,1,"A",,,,,,900,11,"C","C","A","RT 20","THARP RD",65,"W","N","2016-06-21",5102,"2014-11-12",837,"4083",,"5","4","0","0",,"0",,"-","Y","SUT",3,20,"-","R",14.84,"H","-","E","N",2,"A","-",22106,,"N","A","H","-","A","A","0","Y","A","01",0,0,1,0,0,0,0,0,0,"-","-","YUBA CITY","SUTTER","CA",0,0
"6711531",-121.6204653,39.1335511,2014,"5102","0","2","4","03",0,1,"B",,,,,,1500,11,"C","C","A","BRIDGE ST","HAWTHORNE ST",50,"W","N","2015-01-09",5102,"2014-11-11",1254,"4073","5102","5","4","0","0",,"0","004","-","N",,0,0,,,0,,,,"N",2,"A","-",22350,,"N","A","H","-","A","D","0","Y","-",,0,0,1,0,0,0,0,0,0,"-","-","YUBA CITY","SUTTER","CA",0,0
"6711520",-121.6346725,39.1152235,2014,"5100","3","7","4","03",0,1,"A",,,,,,1200,11,"C","C","A","RT 99","LINCOLN RD",900,"N","N","2016-07-07",9285,"2014-11-02",1115,"014793",,"1","9","0","1",,"1","051","-","Y","SUT",3,99,"-","-",28.84,"H","-","N","Y",3,"A","-",22350,,"N","A","H","-","A","D","0","Y","D","22",0,0,1,0,0,0,0,0,0,"-","-","UNINCORPORATED","SUTTER","CA",-121.6348,39.11513
"6711487",-121.6515031,39.1272251,2014,"5102","0","3","4","08",0,1,"A",,,,,,900,11,"D","J","A","FRANKLIN RD","OLIVER DR",0,,"Y","2015-01-14",5102,"2014-11-12",811,"T9001",,"5","4","0","0",,"0",,"-","N",,0,0,,,0,,,,"N",2,"A","-",22100,"B","N","A","H","-","A","D","0","Y","A","01",0,0,1,0,0,0,0,0,0,"-","-","YUBA CITY","SUTTER","CA",0,0
"6709716",-121.6646167,39.15384,2014,"5102","0","1","3","09",0,1,"A",,"Y",,,,1800,11,"D","G","A","BUTTE HOUSE RD","VILLA AV",50,"E","N","2015-01-07",5102,"2014-11-10",1617,"483","5102","5","4","0","0",,"0","001","-","N",,0,0,,,0,,,,"N",2,"A","-",21801,"A","N","A","H","-","A","D","0","Y","D","22",0,1,0,0,0,0,1,0,0,"-","-","YUBA CITY","SUTTER","CA",0,0
"6708160",-121.6583342,39.1520861,2014,"5102","0","3","4","03",0,1,"A",,,,,,900,10,"C","C","A","BUTTE HOUSE RD","ORO GRANDE ST",30,"E","N","2014-12-24",5102,"2014-10-29",753,"4069","5102","5","4","0","0",,"0","001","-","N",,0,0,,,0,,,,"Y",2,"A","-",22350,,"N","A","H","-","A","A","0","Y","A","01",0,0,1,0,0,0,0,0,0,"-","-","YUBA CITY","SUTTER","CA",0,0
"6708153",-121.6245246,39.0984582,2014,"5102","0","7","3","01",0,2,"A",,,,,"Y",300,11,"F","I","A","BOGUE RD","HASTINGS WY",45,"W","N","2015-01-07",5102,"2014-11-16",207,"4076","5102","5","4","0","0",,"0","005","-","N",,0,0,,,0,,,,"Y",1,"A","-",23152,"A","N","A","H","-","C","D","0","Y","A","07",0,1,1,0,0,0,0,0,0,"-","-","YUBA CITY","SUTTER","CA",0,0
"6708113",-121.6151732,39.150435,2014,"5102","0","7","4","03",0,1,"A",,,,,,1500,11,"C","C","A","MARKET ST","LYNN WY",0,,"Y","2015-01-07",5102,"2014-11-09",1400,"483","5102","5","4","0","0",,"0","003","-","N",,0,0,,,0,,,,"Y",2,"A","-",22350,,"N","A","H","-","A","D","0","Y","A","01",0,0,1,0,0,0,0,0,0,"-","-","YUBA CITY","SUTTER","CA",0,0
"6708109",-121.6228032,39.112635,2014,"5102","0","6","4","09",0,1,"A",,,,,,2400,11,"D","C","A","RAILROAD AV","LINCOLN RD",0,,"Y","2015-01-07",5102,"2014-11-08",2140,"4077","5102","5","4","0","0",,"0","005","-","N",,0,0,,,0,,,,"N",2,"A","-",21800,"A","N","A","H","-","C","D","0","Y","A","01",0,0,1,0,0,0,0,0,0,"-","-","YUBA CITY","SUTTER","CA",0,0
"6707780",-121.6624332,39.1413552,2014,"5102","0","2","3","09",0,5,"A",,,,,,900,10,"D","C","A","RT 20","EL MARGARITA",47,"N","N","2016-06-21",5102,"2014-10-28",737,"4083","5102","5","4","0","0",,"0","001","-","Y","SUT",3,20,"-","-",14.095,"I","5","E","Y",2,"A","-",21801,"A","N","A","H","-","A","A","0","Y","A","01",0,1,4,0,0,0,0,0,0,"-","-","YUBA CITY","SUTTER","CA",0,0
"6707776",-121.6717803,39.1413291,2014,"5102","0","7","4","03",0,1,"A",,,,,,2100,10,"C","C","A","RT 20","GEORGE WASHINGTON BL",36,"W","N","2016-06-21",5102,"2014-10-19",1919,"4045",,"5","4","0","0",,"0","001","-","Y","SUT",3,20,"-","-",13.59,"H","-","E","Y",2,"A","-",22350,,"N","A","H","-","C","A","0","Y","A","01",0,0,1,0,0,0,0,0,0,"-","-","YUBA CITY","SUTTER","CA",0,0
"6707772",-121.6174597,39.1129024,2014,"5102","0","5","4","04",0,1,"A",,,,,,1800,10,"C","C","A","GARDEN HWY","LINCOLN RD",50,"N","N","2016-02-18",5102,"2014-10-17",1527,"4093","5102","5","4","0","0",,"0","005","-","N",,0,0,,,0,,,,"N",2,"A","-",21703,,"N","A","H","-","A","D","0","Y","A","07",0,0,1,0,0,0,0,0,0,"-","-","YUBA CITY","SUTTER","CA",0,0
"6707768",-121.6088468,39.1433758,2014,"5102","0","6","4","06",0,1,"A",,,,,,2400,10,"C","C","A","10TH ST","SUTTER ST",0,,"Y","2016-06-21",5102,"2014-10-11",2225,"4094","5102","5","4","0","0",,"0","003","-","Y","SUT",3,20,"-","-",16.99,"H","-","W","Y",2,"A","-",21750,,"F","A","H","-","C","D","0","Y","A","01",0,0,1,0,0,0,0,0,0,"-","-","YUBA CITY","SUTTER","CA",0,0
"6707764",-121.6394636,39.1416765,2014,"5102","0","1","4","01",0,4,"A",,,,,,1800,10,"C","C","A","RT 20","CIVIC CENTER BL",35,"W","N","2016-06-21",5102,"2014-10-13",1525,"4063","5102","5","4","0","0",,"0","002","-","Y","SUT",3,20,"-","R",15.34,"H","-","E","Y",3,"A","-",23152,"A","N","A","H","-","A","A","0","Y","A","01",0,0,4,0,0,0,0,0,0,"-","-","YUBA CITY","SUTTER","CA",0,0
"6707437",-121.6662332,39.2740451,2014,"5101","0","3","2","10",0,1,"A","Y",,,,,900,9,"G","B","B","P ST","FIR ST",0,,"Y","2014-11-19",5100,"2014-09-17",744,"5070","LOCA3","5","2","0","0",,"0","02A","-","N",,0,0,,,0,,,,"N",2,"A","-",21950,"A","N","A","H","-","A","D","0","Y","A","01",1,0,0,0,1,0,0,0,0,"-","-","LIVE OAK","SUTTER","CA",0,0
"6707433",-121.6490131,39.119985,2014,"5102","0","4","2","12",0,1,"A",,,"Y",,,1800,9,"E","I","A","CHERRY ST","ANITA DR",0,,"Y","2014-11-19",5102,"2014-09-25",1540,"2223","MAP89","5","4","0","0",,"0","007","-","N",,0,0,,,0,,,,"Y",1,"A","-",22450,"A","N","A","H","-","A","A","0","Y","C","02",1,0,0,0,0,0,0,0,1,"-","-","YUBA CITY","SUTTER","CA",0,0
"6707429",-121.6581932,39.271975,2014,"5101","0","3","4","09",0,1,"A",,,,,,1200,9,"D","C","A","ARCHER AV","L ST",0,,"Y","2014-11-19",5100,"2014-09-24",1038,"2081","5101","5","2","0","0",,"0","001","-","N",,0,0,,,0,,,,"N",2,"A","-",21802,"A","N","A","H","-","A","D","0","Y","A","07",0,0,1,0,0,0,0,0,0,"-","-","LIVE OAK","SUTTER","CA",0,0
"6707361",-121.6618165,39.2841787,2014,"5101","0","1","3","09",0,1,"A",,,,,,1200,9,"D","C","A","RT 99","RAMSDELL DR",0,,"Y","2016-05-12",5100,"2014-09-29",1021,"2081","MAPLO","5","2","0","0",,"0","002","-","Y","SUT",3,99,"-","-",40.813,"I","5","S","Y",2,"A","-",21801,"A","N","A","H","-","A","D","0","Y","A","07",0,1,0,0,0,0,0,0,0,"-","-","LIVE OAK","SUTTER","CA",0,0
"6704405",-121.6671631,39.1545451,2014,"5102","0","3","4","12",0,1,"A",,,,,,1800,10,"D","C","A","BUTTE HOUSE RD","HOOPER RD",0,,"Y","2015-01-07",5102,"2014-10-08",1637,"4089","STTR","5","4","0","0",,"0","001","-","N",,0,0,,,0,,,,"Y",3,"A","-",22450,"A","N","A","H","-","A","A","0","Y","A","08",0,0,1,0,0,0,0,0,0,"-","-","YUBA CITY","SUTTER","CA",0,0
"6704401",0,0,2014,"5102","0","5","4","03",0,1,"C",,,,,,1800,10,"C","C","A","N WALTON AV","SUNSWEET BL",155,"N","N","2015-01-07",5102,"2014-10-31",1540,"4089","5102","5","4","0","0",,"0","004","-","N",,0,0,,,0,,,,"N",2,"A","-",22350,,"N","B","H","-","A","D","0","Y","A","01",0,0,1,0,0,0,0,0,0,"-","-","YUBA CITY","SUTTER","CA",0,0
"6702489",-121.6406428,39.1311543,2014,"5102","0","3","4","08",0,1,"A","Y",,,,"Y",2100,10,"B","B","E","JOANN WY","ALFRED WY",100,"S","N","2014-12-04",5102,"2014-10-15",1941,"4016","5102","5","4","0","0",,"0","005","-","N",,0,0,,,0,,,,"N",2,"A","-",22107,,"N","A","H","-","C","D","0","Y","A","01",0,0,1,0,1,0,0,0,0,"-","-","YUBA CITY","SUTTER","CA",0,0
"6702485",-121.6300631,39.138035,2014,"5102","0","3","4","05",0,1,"A",,"Y",,,,1500,10,"D","G","A","GRAY AV","FORBES AV",0,,"Y","2014-12-04",5102,"2014-10-15",1342,"4083","5102","5","4","0","0",,"0","003","-","N",,0,0,,,0,,,,"N",2,"A","-",21650,"1","N","A","-","-","A","A","0","Y","L","04",0,0,1,0,0,0,1,0,0,"-","-","YUBA CITY","SUTTER","CA",0,0
"6702452",-121.6601931,39.1271651,2014,"5102","0","1","4","09",0,2,"A",,,,,,2400,10,"D","C","A","FRANKLIN RD","OHLEYER RD",0,,"Y","2014-12-09",5102,"2014-10-27",2142,"4027","5102","5","4","0","0",,"0","001","-","N",,0,0,,,0,,,,"Y",2,"A","-",21802,"A","N","A","H","-","D","A","0","Y","A","01",0,0,2,0,0,0,0,0,0,"-","-","YUBA CITY","SUTTER","CA",0,0
"6702448",0,0,2014,"5102","0","4","4","09",0,1,"A",,,,,,1800,10,"D","C","A","FRANKLIN RD","THARP RD",0,,"Y","2016-02-18",5102,"2014-10-23",1528,"4091",,"5","4","0","0",,"0",,"-","N",,0,0,,,0,,,,"Y",2,"A","-",21801,"A","N","A","H","-","A","A","0","Y","A","01",0,0,1,0,0,0,0,0,0,"-","-","YUBA CITY","SUTTER","CA",0,0
"6702444",-121.6166542,39.1382063,2014,"5102","0","2","4","03",0,2,"A",,,,,,1200,10,"C","C","A","PLUMAS ST","TEEGARDEN AV",43,"W","N","2014-12-09",5102,"2014-10-28",1118,"4083","5102","5","4","0","0",,"0","003","-","N",,0,0,,,0,,,,"Y",2,"A","-",22350,,"N","A","H","-","A","D","0","Y","A","01",0,0,2,0,0,0,0,0,0,"-","-","YUBA CITY","SUTTER","CA",0,0
"6702440",-121.6162332,39.126765,2014,"5102","0","4","4","12",0,1,"A",,,,,,1800,10,"D","C","A","MAIN ST","MORTON ST",0,,"Y","2014-12-09",5102,"2014-10-16",1710,"4089","STRCY","5","4","0","0",,"0","005","-","N",,0,0,,,0,,,,"Y",2,"A","-",22450,"A","F","A","H","-","A","A","0","Y","A","01",0,0,1,0,0,0,0,0,0,"-","-","YUBA CITY","SUTTER","CA",0,0
"6702386",-121.6351357,39.1664046,2014,"5100","3","4","2","03",0,2,"A",,,,,,2100,10,"B","C","A","RT 99","JAMIE DR",1590,"N","N","2016-07-07",9285,"2014-10-09",2030,"018475",,"2","9","0","1",,"1","071","-","Y","SUT",3,99,"-","R",32.27,"H","-","N","Y",3,"A","-",22350,,"N","A","H","-","C","D","1","Y","A","07",1,0,1,0,0,0,0,0,0,"-","-","UNINCORPORATED","SUTTER","CA",-121.63519,39.16594
"6702347",-121.6345995,39.1184771,2014,"5100","3","6","4","03",0,3,"A",,,,,,2400,10,"C","C","A","RT 99","RICHLAND RD",70,"N","N","2016-07-07",9285,"2014-10-04",2100,"17534",,"2","9","0","1",,"1","051","-","Y","SUT",3,99,"-","-",29.05,"H","-","S","Y",3,"A","-",22350,,"N","A","H","-","C","A","0","Y","A","01",0,0,3,0,0,0,0,0,0,"-","-","UNINCORPORATED","SUTTER","CA",-121.63484,39.11855
"6702323",-121.6922311,39.2757895,2014,"5100","5","1","4","01",0,1,"A",,,,,"Y",2100,10,"E","I","A","PENNINGTON RD","TOWNSHIP RD",1315,"W","N","2014-12-05",9285,"2014-10-06",2025,"12427",,"2","9","0","3",,"1","007","-","N",,0,0,,,0,,,,"Y",1,"A","-",23152,"A","N","A","H","-","D","D","0","Y","A","01",0,0,1,0,0,0,0,0,0,"-","-","UNINCORPORATED","SUTTER","CA",-121.69256,39.27598
"6699475",0,0,2014,"5102","0","5","4","03",0,1,"B",,,,,,1800,9,"C","C","A","BRIDGE ST","SHASTA ST",2640,"E","N","2014-12-01",5102,"2014-09-19",1721,"4093","5102","5","4","0","0",,"0","004","-","N",,0,0,,,0,,,,"Y",2,"A","-",22350,,"N","A","H","-","A","D","0","Y","A","01",0,0,1,0,0,0,0,0,0,"-","-","YUBA CITY","SUTTER","CA",0,0
"6699463",0,0,2014,"5102","0","3","3","05",0,1,"A",,"Y",,,,1200,9,"B","G","A","CLARK AV","MORTON ST",5,"W","N","2014-12-01",5102,"2014-09-17",1126,"4083","5102","5","4","0","0",,"0","005","-","N",,0,0,,,0,,,,"N",2,"A","-",21650,"1","N","A","H","-","A","A","0","Y","L","04",0,1,0,0,0,0,1,0,0,"-","-","YUBA CITY","SUTTER","CA",0,0
"6699459",-121.6624632,39.1271451,2014,"5102","0","7","4","09",0,1,"A",,,,,,2400,9,"D","C","A","FRANKLIN RD","EL MARGARITA RD",0,,"Y","2014-12-01",5102,"2014-09-14",2111,"9003","5102","5","4","0","0",,"0","002","-","N",,0,0,,,0,,,,"Y",2,"A","-",21801,"A","N","A","H","-","D","D","0","Y","A","01",0,0,1,0,0,0,0,0,0,"-","-","YUBA CITY","SUTTER","CA",0,0
"6699455",-121.6207188,39.1518698,2014,"5102","0","1","4","21",0,2,"A",,,,,,900,9,"C","C","A","QUEENS AV","LIVE OAK BL",30,"W","N","2014-12-01",5102,"2014-09-22",731,"4079","5102","5","4","0","0",,"0","003","-","N",,0,0,,,0,,,,"N",2,"A","-",22106,,"N","A","H","-","A","-","0","Y","A","01",0,0,2,0,0,0,0,0,0,"-","-","YUBA CITY","SUTTER","CA",0,0
"6699451",-121.6249714,39.1289776,2014,"5102","0","6","3","03",0,2,"A",,,,,,1200,9,"C","C","A","CLARK AV","B ST",339,"S","N","2014-12-01",5102,"2014-09-13",1033,"4092",,"5","4","0","0",,"0","004","-","N",,0,0,,,0,,,,"N",3,"A","-",22350,,"N","A","H","-","A","D","0","Y","A","01",0,1,1,0,0,0,0,0,0,"-","-","YUBA CITY","SUTTER","CA",0,0