"CASEID","POINT_X","POINT_Y","YEAR_","LOCATION","CHPTYPE","DAYWEEK","CRASHSEV","VIOLCAT","KILLED","INJURED","WEATHER1","PEDCOL","BICCOL","MCCOL","TRUCKCOL","ETOH","TIMECAT","MONTH_","CRASHTYP","INVOLVE","PED","PRIMARYRD","SECONDRD","DISTANCE","DIRECT","INTERSECT_","PROCDATE","JURIS","DATE_","TIME_","BADGE","JURIDIST","SHIFT","POP","SPECIAL","BEATTYPE","LAPDDIV","BEATCLAS","BEATNUMB","WEATHER2","STATEHW","CALTRANC","CALTRAND","STROUTE","ROUTESUF","POSTPRE","POSTMILE","LOCATYPE","RAMP","SIDEHW","TOWAWAY","PARTIES","PCF","VIOLCODE","VIOL","VIOLSUB","HITRUN","ROADSURF","RDCOND1","RDCOND2","LIGHTING","RIGHTWAY","CHPRDTYP","NOTPRIV","STFAULT","CHPFAULT","SEVINJ","OTHERINJ","COP","PEDKILL","PEDINJ","BICKILL","BICINJ","MCKILL","MCINJURE","RAMP1","RAMP2","CITY","COUNTY","STATE","X_CHP","Y_CHP"
"6573272",-121.6346028,39.1218025,2014,"5100","3","5","4","09",0,2,"A",,,,,,1200,7,"D","C","A","RT 99","HUNN RD",13,"N","N","2016-05-13",9285,"2014-07-11",1110,"15048",,"1","9","0","1",,"1","051","-","Y","SUT",3,99,"-","-",29.28,"I","5","S","Y",2,"A","-",21802,"A","N","A","H","-","A","A","0","Y","A","01",0,0,2,0,0,0,0,0,0,"-","-","UNINCORPORATED","SUTTER","CA",-121.63447,39.12208
"6573268",-121.6409056,39.2139725,2014,"5100","3","1","4","03",0,3,"A",,,,,,1800,7,"C","C","A","RT 99","ENCINAL RD",1584,"S","N","2016-05-13",9285,"2014-07-07",1710,"17163",,"2","9","0","1",,"1","071","-","Y","SUT",3,99,"-","T",35.66,"H","-","N","Y",3,"A","-",22350,,"N","-","A","H","A","D","1","Y","A","01",0,0,3,0,0,0,0,0,0,"-","-","UNINCORPORATED","SUTTER","CA",-121.64022,39.21329
"6573264",-121.6346298,39.1129833,2014,"5100","3","3","3","12",0,2,"A",,,,,,1200,7,"D","C","A","RT 99","LINCOLN RD",0,,"Y","2016-05-13",9285,"2014-07-09",1138,"18286",,"1","9","0","1",,"1","051","-","Y","SUT",3,99,"-","-",28.67,"I","5","S","Y",2,"A","-",21453,"A","N","A","H","-","A","A","0","Y","A","01",0,1,1,0,0,0,0,0,0,"-","-","UNINCORPORATED","SUTTER","CA",-121.6344,39.11138
"6572735",-121.6211873,39.1414677,2014,"5102","0","2","4","05",0,1,"A",,"Y",,,,1800,7,"D","G","A","RT 20","LIVE OAK BL",0,,"Y","2016-04-25",5102,"2014-07-15",1706,"4073","5102","5","4","0","0",,"0","003","-","Y","SUT",3,20,"-","-",16.33,"I","5","W","N",2,"A","-",21650,"1","N","A","H","-","A","A","0","Y","L","04",0,0,1,0,0,0,1,0,0,"-","-","YUBA CITY","SUTTER","CA",0,0
"6572731",-121.6121959,39.1426422,2014,"5102","0","7","4","04",0,1,"B",,,,,,1800,7,"C","C","A","RT 20","SUTTER ST",50,"W","N","2016-04-25",5102,"2014-07-20",1646,"4073","5102","5","4","0","0",,"0","003","-","Y","SUT",3,20,"-","-",16.82,"H","-","W","N",2,"A","-",21703,,"N","A","H","-","A","D","0","Y","-",,0,0,1,0,0,0,0,0,0,"-","-","YUBA CITY","SUTTER","CA",0,0
"6572727",-121.6173083,39.139673,2014,"5102","0","2","3","22",0,1,"A",,,,,,900,7,"E","I","A","PLUMAS ST","CHURCH ST",330,"N","N","2014-08-28",5102,"2014-07-15",805,"9001","5102","5","4","0","0",,"0","004","-","N",,0,0,,,0,,,,"Y",1,"B","-",0,,"N","A","H","-","A","D","0","Y","A","08",0,1,0,0,0,0,0,0,0,"-","-","YUBA CITY","SUTTER","CA",0,0
"6567550",-121.5406779,38.7499444,2014,"5100","3","3","4","03",0,3,"A",,,,,,1500,7,"C","C","A","RT 99","W RIEGO RD",25,"N","N","2015-02-27",9285,"2014-07-09",1425,"18691",,"2","9","0","1",,"1","011","-","Y","SUT",3,99,"-","-",0.96,"H","-","S","N",2,"A","-",22350,,"N","A","D","-","A","A","5","Y","A","01",0,0,3,0,0,0,0,0,0,"-","-","UNINCORPORATED","SUTTER","CA",0,0
"6566444",-121.6515031,39.1272251,2014,"5102","0","2","3","09",0,2,"A",,,,,,1200,7,"D","C","A","FRANKLIN AV","OLIVER ST",0,,"Y","2014-09-03",5102,"2014-07-08",1056,"4083","5102","5","4","0","0",,"0","001","-","N",,0,0,,,0,,,,"Y",2,"A","-",21801,"A","N","A","H","-","A","D","0","Y","-","-",0,1,1,0,0,0,0,0,0,"-","-","YUBA CITY","SUTTER","CA",0,0
"6566261",-121.5727481,38.887832,2014,"5100","3","4","3","03",0,7,"A",,,,"Y",,300,7,"C","C","A","RT 99","POWERLINE RD",665,"N","N","2016-05-12",9285,"2014-07-10",200,"018522",,"3","9","0","1",,"1","011","-","Y","SUT",3,99,"-","-",10.93,"H","-","N","Y",6,"A","-",22350,,"N","A","D","-","D","A","0","Y","G","25",0,1,6,0,0,0,0,0,0,"-","-","UNINCORPORATED","SUTTER","CA",-121.57217,38.88756
"6564129",-121.6439432,39.1323151,2014,"5102","0","4","4","03",0,1,"A",,,,,,1800,5,"C","C","A","WALTON AV","BRIDGE ST",0,,"Y","2014-08-25",5102,"2014-05-22",1709,"4061","5102","5","4","0","0",,"0","002","-","N",,0,0,,,0,,,,"Y",3,"A","-",22350,,"N","A","H","-","A","A","0","Y","A","07",0,0,1,0,0,0,0,0,0,"-","-","YUBA CITY","SUTTER","CA",0,0
"6562820",-121.6352332,39.1484752,2014,"5102","0","5","4","12",0,2,"A",,,,,,2400,6,"D","C","A","QUEENS AV","RT 99",0,,"Y","2016-03-26",5102,"2014-06-06",2107,"4061","5102","5","4","0","0",,"0","003","-","Y","SUT",3,99,"-","R",31.151,"R","4","N","Y",2,"A","-",21453,"A","F","A","H","-","C","A","0","Y","A","01",0,0,2,0,0,0,0,0,0,"-","-","YUBA CITY","SUTTER","CA",0,0
"6560219",-121.5436526,38.9322839,2014,"5100","3","5","4","08",0,2,"A",,,,,,1800,7,"F","I","A","RT 70","CORNELIUS AV",1056,"N","N","2016-05-06",9285,"2014-07-04",1525,"014825",,"2","9","0","1",,"1","010","-","Y","SUT",3,70,"-","-",5.53,"H","-","E","Y",1,"A","-",22107,,"N","A","H","-","A","D","0","Y","A","07",0,0,2,0,0,0,0,0,0,"-","-","UNINCORPORATED","SUTTER","CA",-121.54409,38.93279
"6560203",-121.6065114,39.0838115,2014,"5100","4","5","3","08",0,1,"A",,,,,,1800,7,"F","A","A","GARDEN HWY","STEWART RD",1320,"S","N","2014-08-22",9285,"2014-07-04",1620,"017118",,"2","9","0","2",,"1","052","-","N",,0,0,,,0,,,,"Y",1,"A","-",22107,,"N","A","H","-","A","D","0","Y","A","01",0,1,0,0,0,0,0,0,0,"-","-","UNINCORPORATED","SUTTER","CA",-121.60702,39.08508
"6555342",-121.5406547,38.7498044,2014,"5100","3","5","3","12",0,5,"A",,,,,,1500,6,"D","C","A","RT 99","RIEGO RD",0,,"Y","2016-06-30",9285,"2014-06-20",1440,"15048",,"2","9","0","1",,"1","011","-","Y","SUT",3,99,"-","-",0.95,"H","-","S","Y",2,"A","-",21453,"A","N","A","H","-","A","A","5","Y","A","08",0,2,3,0,0,0,0,0,0,"-","-","UNINCORPORATED","SUTTER","CA",-121.54074,38.75038
"6547649",-121.6715932,39.1413352,2014,"5102","0","2","3","12",0,1,"A",,,,"Y",,1200,7,"A","C","A","RT 20","GEORGE WASHINGTON BL",0,,"Y","2016-04-25",5102,"2014-07-08",1057,"4079","5102","5","4","0","0",,"0","001","-","Y","SUT",3,20,"-","-",13.6,"I","5","E","Y",2,"A","-",21453,"A","N","A","H","-","A","A","0","Y","A","07",0,1,0,0,0,0,0,0,0,"-","-","YUBA CITY","SUTTER","CA",0,0
"6547637",-121.6260233,39.1510113,2014,"5102","0","6","4","01",0,1,"A","Y",,,,"Y",2400,6,"A","B","F","CLARK AV","QUEENS AV",300,"S","N","2014-08-13",5102,"2014-06-14",2150,"4057","SUTTE","5","4","0","0",,"0","003","-","N",,0,0,,,0,,,,"Y",3,"A","-",23152,,"F","A","H","-","C","A","0","Y","A","07",0,0,1,0,1,0,0,0,0,"-","-","YUBA CITY","SUTTER","CA",0,0
"6547629",-121.6138694,39.136184,2014,"5102","0","1","4","03",0,1,"A",,,,,"Y",1500,7,"C","C","A","SHASTA ST","BRIDGE ST",120,"N","N","2014-08-29",5102,"2014-07-07",1457,"4079","5102","5","4","0","0",,"0","004","-","N",,0,0,,,0,,,,"N",2,"A","-",22350,,"N","A","H","-","A","D","0","Y","D","22",0,0,1,0,0,0,0,0,0,"-","-","YUBA CITY","SUTTER","CA",0,0
"6545535",-121.6241684,39.1414994,2014,"5102","0","2","4","08",0,2,"A",,,,,,1500,6,"D","C","A","RT 20","COOPER AV",0,,"Y","2016-03-28",5102,"2014-06-24",1350,"4067","5102","5","4","0","0",,"0","004","-","Y","SUT",3,20,"-","-",16.165,"I","5","E","Y",2,"A","-",22107,,"N","A","H","-","A","A","0","Y","A","01",0,0,2,0,0,0,0,0,0,"-","-","YUBA CITY","SUTTER","CA",0,0
"6545534",-121.6439733,39.1300171,2014,"5102","0","2","3","09",0,1,"A",,"Y",,,,1500,6,"B","G","A","WALTON AV","ANNEKA LN",200,"S","N","2014-08-14",5102,"2014-06-24",1454,"4079","5102","5","4","0","0",,"0","004","-","N",,0,0,,,0,,,,"N",2,"A","-",21801,"A","N","A","H","-","A","D","0","Y","L","04",0,1,0,0,0,0,1,0,0,"-","-","YUBA CITY","SUTTER","CA",0,0
"6545533",-121.6211239,39.141332,2014,"5102","0","1","2","01",0,3,"A",,,,,"Y",1800,6,"F","C","A","RT 20","LIVE OAK BL",0,,"Y","2016-03-28",5102,"2014-06-02",1654,"4060","5102","5","4","0","0",,"0","003","-","Y","SUT",3,20,"-","-",16.33,"I","5","E","Y",3,"A","-",23152,"A","F","A","H","-","A","A","0","Y","A","07",1,1,1,0,0,0,0,0,0,"-","-","YUBA CITY","SUTTER","CA",0,0
"6545532",-121.6224413,39.132844,2014,"5102","0","4","3","03",0,2,"A",,,,,,900,6,"C","C","A","BRIDGE ST","COOPER AV",278,"E","N","2014-08-14",5102,"2014-06-26",754,"4079","5102","5","4","0","0",,"0","003","-","N",,0,0,,,0,,,,"Y",4,"A","-",22350,,"N","A","H","-","A","D","0","Y","A","08",0,1,1,0,0,0,0,0,0,"-","-","YUBA CITY","SUTTER","CA",0,0
"6545531",-121.6236831,39.170925,2014,"5102","0","2","3","09",0,2,"A",,,,,,1500,6,"D","C","A","LIVE OAK BL","PEASE RD",0,,"Y","2014-08-14",5102,"2014-06-03",1333,"4079","5102","5","4","0","0",,"0","003","-","N",,0,0,,,0,,,,"Y",2,"A","-",21802,"A","N","A","H","-","A","D","0","Y","A","07",0,1,1,0,0,0,0,0,0,"-","-","YUBA CITY","SUTTER","CA",0,0
"6545530",-121.6345505,39.1363258,2014,"5102","0","4","3","12",0,2,"A",,,,,,1200,6,"D","C","A","RT 99","SUNSWEET BL",0,,"Y","2016-03-26",5102,"2014-06-19",1014,"4079","5102","5","4","0","0",,"0","004","-","Y","SUT",3,99,"-","-",30.252,"I","5","S","Y",2,"A","-",21453,"A","N","A","H","-","A","A","0","Y","I","10",0,1,1,0,0,0,0,0,0,"-","-","YUBA CITY","SUTTER","CA",0,0
"6545420",-121.6250122,39.1518283,2014,"5102","0","1","4","03",0,1,"A",,,,,,1800,6,"C","C","A","QUEENS AV","UPLAND DR",40,"E","N","2014-08-12",5102,"2014-06-23",1711,"4011","5102","5","4","0","0",,"0","004","-","N",,0,0,,,0,,,,"Y",2,"A","-",22350,,"N","A","H","-","A","A","0","Y","D","22",0,0,1,0,0,0,0,0,0,"-","-","YUBA CITY","SUTTER","CA",0,0
"6543304",0,0,2014,"5102","0","4","4","12",0,3,"A",,,,,,1800,5,"B","C","A","FRANKLIN RD","WINCO STORE",8,"N","N","2014-08-04",5102,"2014-05-22",1706,"4054","5102","5","4","0","0",,"0","002","-","N",,0,0,,,0,,,,"Y",2,"A","-",21453,"A","N","A","H","-","A","A","0","Y","A","01",0,0,3,0,0,0,0,0,0,"-","-","YUBA CITY","SUTTER","CA",0,0
"6543300",-121.625412,39.1181312,2014,"5102","0","4","4","18",0,1,"A",,,"Y",,,600,5,"E","J","A","RICHLAND RD","BUNCE RD",150,"W","N","2014-08-01",5102,"2014-05-29",525,"4075","SUTTE","5","4","0","0",,"0","005","-","N",,0,0,,,0,,,,"N",1,"C","-",0,,"N","A","C","-","C","D","0","Y","-","-",0,0,1,0,0,0,0,0,1,"-","-","YUBA CITY","SUTTER","CA",0,0
"6542789",-121.667886,39.1125841,2014,"5100","5","6","3","09",0,3,"A",,"Y","Y",,,1800,6,"C","G","A","LINCOLN RD","GEORGE WASHINGTON BL",1100,"E","N","2014-08-11",9285,"2014-06-28",1640,"013174","9285","2","9","0","3",,"1","005","-","N",,0,0,,,0,,,,"N",2,"A","-",21804,"A","N","A","H","-","A","D","0","Y","L","04",0,3,0,0,0,0,1,0,2,"-","-","UNINCORPORATED","SUTTER","CA",-121.66637,39.11258
"6542781",-121.7535006,39.1673994,2014,"5100","5","6","3","01",0,1,"A",,,,,"Y",1800,6,"E","I","A","ACACIA AV","COLLEGE AV",180,"N","N","2014-08-11",9285,"2014-06-28",1655,"018286",,"2","9","0","3",,"1","007","-","N",,0,0,,,0,,,,"Y",1,"A","-",23152,"A","N","A","H","-","A","D","0","Y","D","22",0,1,0,0,0,0,0,0,0,"-","-","UNINCORPORATED","SUTTER","CA",-121.75357,39.16729
"6540379",-121.6385015,39.0398417,2014,"5100","4","5","2","08",0,1,"A",,,,,,900,6,"E","I","A","HUTCHINSON RD","RT 99",1056,"W","N","2014-08-16",9285,"2014-06-20",855,"014825",,"1","9","0","2",,"1","052","-","N",,0,0,,,0,,,,"Y",2,"A","-",22107,,"N","A","H","-","A","D","0","Y","D","22",1,0,0,0,0,0,0,0,0,"-","-","UNINCORPORATED","SUTTER","CA",-121.64193,39.03982
"6537319",-121.6485164,39.1416741,2014,"5102","0","7","4","12",0,2,"A",,,,,,2100,6,"A","C","A","RT 20","THARP RD",0,,"Y","2016-03-28",5102,"2014-06-15",1859,"4022","5102","5","4","0","0",,"0","001","-","Y","SUT",3,20,"-","R",14.846,"I","5","W","Y",2,"A","-",21453,"A","N","A","H","-","A","A","0","Y","A","01",0,0,2,0,0,0,0,0,0,"-","-","YUBA CITY","SUTTER","CA",0,0
"6536811",-121.6671035,39.1545285,2014,"5102","0","7","3","03",0,3,"A",,,,,,900,6,"C","C","A","BUTTE HOUSE RD","HOOPER RD",18,"E","N","2014-08-09",5102,"2014-06-08",740,"4089","5102","5","4","0","0",,"0","001","-","N",,0,0,,,0,,,,"N",2,"A","-",22350,,"N","A","H","-","A","A","0","Y","A","01",0,1,2,0,0,0,0,0,0,"-","-","YUBA CITY","SUTTER","CA",0,0
"6531254",-121.7351296,39.1777302,2014,"5100","5","7","3","01",0,1,"A",,,,,"Y",1800,6,"E","I","A","MALLOTT RD","BUTTE HOUSE RD",3696,"N","N","2014-08-16",9285,"2014-06-08",1645,"014793",,"2","9","0","3",,"1","007","-","N",,0,0,,,0,,,,"Y",1,"A","-",23152,"A","N","A","H","-","A","D","0","Y","A","01",0,1,0,0,0,0,0,0,0,"-","-","UNINCORPORATED","SUTTER","CA",-121.73506,39.1761
"6531252",-121.6331403,39.0705317,2014,"5100","3","3","3","07",0,1,"A",,,,,,1500,6,"B","C","A","RT 99","OSWALD RD",528,"N","N","2016-03-26",9285,"2014-06-11",1435,"015855",,"2","9","0","1",,"1","051","-","Y","SUT",3,99,"-","-",25.72,"H","-","N","Y",2,"A","-",21658,"A","N","A","H","-","A","D","0","Y","A","01",0,1,0,0,0,0,0,0,0,"-","-","UNINCORPORATED","SUTTER","CA",-121.63311,39.07234
"6531251",-121.6253765,39.0983763,2014,"5100","5","2","4","03",0,3,"A",,,,,,1800,6,"C","C","A","BOGUE RD","RAILROAD AV",75,"W","N","2014-08-16",9285,"2014-06-17",1735,"018286",,"2","9","0","3",,"1","005","-","N",,0,0,,,0,,,,"N",2,"A","-",22350,,"N","A","H","-","A","A","0","Y","A","01",0,0,3,0,0,0,0,0,0,"-","-","UNINCORPORATED","SUTTER","CA",-121.62547,39.09841
"6518716",-121.6157432,39.1007751,2014,"5102","0","1","4","09",0,1,"A",,,,,,2400,5,"D","C","A","GARDEN HWY","BOGUE RD",0,,"Y","2014-08-07",5102,"2014-05-12",2115,"4022","5102","5","4","0","0",,"0","005","-","N",,0,0,,,0,,,,"Y",2,"A","-",21453,"C","N","A","H","-","C","A","0","Y","A","01",0,0,1,0,0,0,0,0,0,"-","-","YUBA CITY","SUTTER","CA",0,0
"6518712",-121.6716031,39.137965,2014,"5102","0","2","4","09",0,1,"A",,,,,,1200,5,"D","C","A","GEORGE WASHINGTON BL","INDUSTRIAL AV",0,,"Y","2014-07-30",5102,"2014-05-13",1113,"4063","5102","5","4","0","0",,"0","001","-","N",,0,0,,,0,,,,"Y",2,"A","-",21801,"A","N","A","H","-","A","A","0","Y","A","07",0,0,1,0,0,0,0,0,0,"-","-","YUBA CITY","SUTTER","CA",0,0
"6518708",-121.6439332,39.1272551,2014,"5102","0","3","4","10",0,1,"A","Y",,,,,2100,5,"G","B","B","SOUTH WALTON AV","FRANKLIN RD",0,,"Y","2014-07-30",5102,"2014-05-14",1851,"4077","5102","5","4","0","0",,"0","002","-","N",,0,0,,,0,,,,"N",2,"A","-",21950,"A","N","A","H","-","A","A","0","Y","A","01",0,0,1,0,1,0,0,0,0,"-","-","YUBA CITY","SUTTER","CA",0,0
"6518680",-121.6207291,39.1478232,2014,"5102","0","2","4","08",0,2,"A",,,,,,1800,5,"B","C","A","LIVE OAK BL","KING AV",150,"S","N","2014-07-30",5102,"2014-05-13",1732,"4011","5102","5","4","0","0",,"0","003","-","N",,0,0,,,0,,,,"Y",2,"A","-",22107,,"N","A","H","-","A","A","0","Y","A","01",0,0,2,0,0,0,0,0,0,"-","-","YUBA CITY","SUTTER","CA",0,0
"6518676",-121.6367932,39.132365,2014,"5102","0","2","4","10",0,1,"A","Y",,,,,900,5,"G","B","B","BRIDGE ST","OJI WY",0,,"Y","2014-07-30",5102,"2014-05-13",833,"4073","5102","5","4","0","0",,"0","002","-","N",,0,0,,,0,,,,"N",2,"A","-",21950,"A","N","A","H","-","A","A","0","Y","-",,0,0,1,0,1,0,0,0,0,"-","-","YUBA CITY","SUTTER","CA",0,0
"6515999",-121.6215558,39.1414892,2014,"5102","0","1","3","05",0,1,"A",,,"Y",,,600,6,"E","I","A","RT 20","LIVE OAK BL",50,"W","N","2016-04-25",5102,"2014-06-09",545,"4081","5102","5","4","0","0",,"0","004","-","Y","SUT",3,20,"-","-",16.31,"H","-","W","Y",1,"A","-",21651,"A","N","A","H","-","B","A","0","Y","C","02",0,1,0,0,0,0,0,0,1,"-","-","YUBA CITY","SUTTER","CA",0,0
"6515600",-121.6345383,39.127167,2014,"5102","0","7","3","01",0,1,"A",,,,,"Y",300,5,"E","I","A","FRANKLIN RD","RT 99",81,"E","N","2016-03-26",5102,"2014-05-25",144,"4078",,"5","4","0","0",,"0",,"-","Y","SUT",3,99,"-","-",29.67,"I","6","N","Y",1,"A","-",23152,"A","N","A","H","-","C","A","0","Y","A","01",0,1,0,0,0,0,0,0,0,"-","-","YUBA CITY","SUTTER","CA",0,0
"6515551",-121.6299486,39.1354674,2014,"5102","0","4","4","18",0,1,"A",,,,,,1500,5,"A","C","A","GRAY AV","SPIVA AV",30,"N","N","2014-08-05",5102,"2014-05-01",1419,"4079",,"5","4","0","0",,"0",,"-","N",,0,0,,,0,,,,"Y",3,"C","-",0,,"N","A","H","-","-","-","0","Y","-","-",0,0,1,0,0,0,0,0,0,"-","-","YUBA CITY","SUTTER","CA",0,0
"6515547",0,0,2014,"5102","0","2","4","05",0,1,"A",,"Y",,,,1500,5,"D","G","A","BRIDGE ST","JOY WY",5,"S","N","2014-08-05",5102,"2014-05-06",1236,"4079","5102","5","4","0","0",,"0","002","-","N",,0,0,,,0,,,,"N",2,"A","-",21650,,"N","A","H","-","A","D","0","Y","L","04",0,0,1,0,0,0,1,0,0,"-","-","YUBA CITY","SUTTER","CA",0,0
"6514084",-121.6345383,39.127167,2014,"5102","0","6","3","05",0,1,"A",,"Y",,,,2100,6,"B","G","A","RT 99","FRANKLIN AV",0,,"Y","2016-03-26",5102,"2014-06-07",1921,"4090","5102","5","4","0","0",,"0","004","-","Y","SUT",3,99,"-","-",29.67,"I","5","N","N",2,"A","-",21650,"1","M","A","H","-","A","D","0","Y","L","04",0,1,0,0,0,0,1,0,0,"-","-","YUBA CITY","SUTTER","CA",0,0
"6513998",-121.6485164,39.1416741,2014,"5102","0","1","4","12",0,1,"A",,,,,,1200,6,"D","C","A","RT 20","THARP RD",0,,"Y","2016-03-28",5102,"2014-06-16",1151,"4011","5102","5","4","0","0",,"0","002","-","Y","SUT",3,20,"-","R",14.846,"I","5","W","Y",2,"A","-",21453,"A","N","A","H","-","A","A","0","Y","D","22",0,0,1,0,0,0,0,0,0,"-","-","YUBA CITY","SUTTER","CA",0,0
"6513974",-121.6813333,39.1413254,2014,"5102","0","3","4","03",0,1,"A",,,,,,600,6,"C","C","A","RT 20","WESTERN PKWY",0,,"Y","2016-03-28",5102,"2014-06-04",411,"4022","5102","5","4","0","0",,"0","001","-","Y","SUT",3,20,"-","-",13.08,"H","-","E","Y",2,"A","-",22350,,"N","A","H","-","C","A","0","Y","A","01",0,0,1,0,0,0,0,0,0,"-","-","YUBA CITY","SUTTER","CA",0,0
"6513970",-121.6152945,39.1353384,2014,"5102","0","5","4","03",0,1,"A",,,,,,1500,6,"C","C","A","BRIDGE ST","PLUMAS ST",12,"E","N","2014-08-06",5102,"2014-06-06",1206,"4056","5102","5","4","0","0",,"0","004","-","N",,0,0,,,0,,,,"N",2,"A","-",22350,,"N","A","H","-","A","A","0","Y","D","22",0,0,1,0,0,0,0,0,0,"-","-","YUBA CITY","SUTTER","CA",0,0
"6513496",-121.5985536,38.9112959,2014,"5100","3","4","4","03",0,4,"A",,,,,,2400,6,"C","C","A","RT 99","SACRAMENTO AV",2957,"S","N","2016-03-25",9285,"2014-06-05",2245,"18340",,"3","9","0","1",,"1","011","-","Y","SUT",3,99,"-","-",13.12,"H","-","S","Y",2,"A","-",22350,,"N","A","H","-","D","D","0","Y","A","07",0,0,4,0,0,0,0,0,0,"-","-","UNINCORPORATED","SUTTER","CA",-121.59799,38.911
"6513488",-121.6876322,39.2545019,2014,"5100","5","7","2","01",0,1,"A",,,,,"Y",2400,6,"F","A","A","TOWNSHIP RD","PASEO AV",1584,"N","N","2014-08-11",9285,"2014-06-08",2320,"18340",,"3","9","0","3",,"1","007","-","N",,0,0,,,0,,,,"Y",1,"A","-",23152,"A","N","A","H","-","D","D","0","Y","A","01",1,0,0,0,0,0,0,0,0,"-","-","UNINCORPORATED","SUTTER","CA",-121.68746,39.25488
"6513452",-121.5406779,38.7499444,2014,"5100","5","3","4","03",0,1,"A",,,,,,600,6,"C","C","A","RT 99","RIEGO RD",50,"S","N","2016-03-25",9285,"2014-06-04",530,"18286",,"3","9","0","3",,"1","001","-","Y","SUT",3,99,"-","-",0.96,"H","-","S","N",2,"A","-",22350,,"N","A","H","-","B","A","5","Y","A","01",0,0,1,0,0,0,0,0,0,"-","-","UNINCORPORATED","SUTTER","CA",-121.54019,38.74935
"6513448",-121.5436099,38.936928,2014,"5100","3","2","2","01",0,4,"A",,,,,,2400,6,"A","C","A","RT 70","KEMPTON RD",6336,"S","N","2016-03-26",9285,"2014-06-03",2100,"19168",,"2","9","0","1",,"1","010","-","Y","SUT",3,70,"-","-",5.85,"H","-","W","Y",2,"A","-",23152,"E","N","A","H","-","B","D","0","Y","A","01",2,0,2,0,0,0,0,0,0,"-","-","UNINCORPORATED","SUTTER","CA",-121.54376,38.93737
"6513351",0,0,2014,"5102","0","5","4","10",0,1,"A","Y",,,,,900,3,"G","B","B","AARON DR","SANBORN RD",0,,"Y","2014-06-27",5102,"2014-03-07",602,"2223","MAP97","5","4","0","0",,"0","007","-","N",,0,0,,,0,,,,"N",2,"A","-",21950,"A","N","A","H","-","B","D","0","Y","A","01",0,0,1,0,1,0,0,0,0,"-","-","YUBA CITY","SUTTER","CA",0,0
"6511047",-121.6348472,39.1699704,2014,"5102","0","3","3","05",0,1,"A",,,,,,2100,5,"E","I","A","E ONSTOTT FRONTAGE RD","PEASE RD",500,"S","N","2014-08-04",5102,"2014-05-21",1855,"9009","5102","5","4","0","0",,"0","003","-","N",,0,0,,,0,,,,"Y",1,"A","-",21650,,"N","A","H","-","A","D","0","Y","A","01",0,1,0,0,0,0,0,0,0,"-","-","YUBA CITY","SUTTER","CA",0,0
"6511043",-121.6474895,39.1379051,2014,"5102","0","7","4","03",0,4,"A",,,,,,1800,5,"C","C","A","LASSEN BL","THARP RD",296,"E","N","2014-08-04",5102,"2014-05-04",1714,"4007","5102","5","4","0","0",,"0","001","-","N",,0,0,,,0,,,,"Y",3,"A","-",22350,,"N","A","H","-","A","A","0","Y","A","07",0,0,4,0,0,0,0,0,0,"-","-","YUBA CITY","SUTTER","CA",0,0
"6508879",-121.6158501,39.0165519,2014,"5100","4","7","4","-",0,1,"A",,,,,,1500,5,"E","I","A","GARDEN HWY","STAR BEND RD",2376,"N","N","2014-07-31",9285,"2014-05-18",1400,"017163",,"2","9","0","2",,"1","052","-","N",,0,0,,,0,,,,"N",2,"A","-",0,,"N","A","H","-","A","D","0","Y","A","01",0,0,1,0,0,0,0,0,0,"-","-","UNINCORPORATED","SUTTER","CA",-121.61592,39.01707
"6508820",-121.6625249,39.1615258,2014,"5100","5","7","4","08",0,1,"A",,,,,,2100,5,"E","I","A","TRUE RD","TIERRA BUENA RD",43,"W","N","2014-07-31",9285,"2014-05-18",1935,"017163",,"2","9","0","3",,"1","007","-","N",,0,0,,,0,,,,"N",1,"A","-",22107,,"N","A","H","-","A","D","0","Y","A","01",0,0,1,0,0,0,0,0,0,"-","-","UNINCORPORATED","SUTTER","CA",-121.66243,39.16175
"6508808",-121.5883427,38.9028103,2014,"5100","3","4","3","08",0,1,"A",,,,,,900,5,"E","I","A","RT 99","GARDEN HWY",1584,"N","N","2016-03-25",9285,"2014-05-01",738,"015976",,"1","9","0","1",,"1","011","-","Y","SUT",3,99,"-","-",12.3,"H","-","S","Y",1,"A","-",22107,,"N","A","H","-","A","D","0","Y","A","01",0,1,0,0,0,0,0,0,0,"-","-","UNINCORPORATED","SUTTER","CA",-121.58751,38.90223
"6508804",-121.6345933,39.0915866,2014,"5100","3","7","4","09",0,5,"A",,,,,,2100,5,"D","C","A","RT 99","STEWART RD",1651,"N","N","2016-03-26",9285,"2014-05-18",2030,"017163",,"2","9","0","1",,"1","051","-","Y","SUT",3,99,"-","-",27.19,"H","-","S","Y",2,"A","-",21801,"A","N","A","H","-","D","D","0","Y","A","08",0,0,5,0,0,0,0,0,0,"-","-","UNINCORPORATED","SUTTER","CA",-121.63453,39.09169