"CASEID","POINT_X","POINT_Y","YEAR_","LOCATION","CHPTYPE","DAYWEEK","CRASHSEV","VIOLCAT","KILLED","INJURED","WEATHER1","PEDCOL","BICCOL","MCCOL","TRUCKCOL","ETOH","TIMECAT","MONTH_","CRASHTYP","INVOLVE","PED","PRIMARYRD","SECONDRD","DISTANCE","DIRECT","INTERSECT_","PROCDATE","JURIS","DATE_","TIME_","BADGE","JURIDIST","SHIFT","POP","SPECIAL","BEATTYPE","LAPDDIV","BEATCLAS","BEATNUMB","WEATHER2","STATEHW","CALTRANC","CALTRAND","STROUTE","ROUTESUF","POSTPRE","POSTMILE","LOCATYPE","RAMP","SIDEHW","TOWAWAY","PARTIES","PCF","VIOLCODE","VIOL","VIOLSUB","HITRUN","ROADSURF","RDCOND1","RDCOND2","LIGHTING","RIGHTWAY","CHPRDTYP","NOTPRIV","STFAULT","CHPFAULT","SEVINJ","OTHERINJ","COP","PEDKILL","PEDINJ","BICKILL","BICINJ","MCKILL","MCINJURE","RAMP1","RAMP2","CITY","COUNTY","STATE","X_CHP","Y_CHP"
"6506603",-121.6560569,39.1414152,2014,"5102","0","1","3","03",0,1,"A",,,,,,1800,5,"C","C","A","RT 20","HARTER PKWY",140,"W","N","2016-03-28",5102,"2014-05-12",1701,"4073","5102","5","4","0","0",,"0","001","-","Y","SUT",3,20,"-","-",14.44,"H","-","E","Y",2,"A","-",22350,,"N","A","H","-","A","D","0","Y","-",,0,1,0,0,0,0,0,0,0,"-","-","YUBA CITY","SUTTER","CA",0,0
"6506465",-121.6989984,38.8933276,2014,"5100","3","7","4","08",0,1,"A",,,,,,2400,4,"E","I","A","RT 113","VARNEY RD",300,"S","N","2016-03-28",9285,"2014-04-27",2105,"018340",,"2","9","0","1",,"2","031","-","Y","YOL",3,113,"-","-",6.53,"H","-","N","Y",1,"A","-",22107,,"N","A","H","-","D","D","0","Y","A","01",0,0,1,0,0,0,0,0,0,"-","-","UNINCORPORATED","SUTTER","CA",-121.69876,38.89356
"6506445",-121.6261074,39.1415741,2014,"5102","0","3","3","05",0,1,"A",,"Y",,,,900,4,"D","B","A","CLARK AV","RT 20",0,,"Y","2016-03-28",5102,"2014-04-30",716,"4069","2102","5","4","0","0",,"0","003","-","Y","SUT",3,20,"-","-",16.06,"I","5","E","N",2,"A","-",21650,"1","N","A","H","-","A","A","0","Y","L","04",0,1,0,0,0,0,1,0,0,"-","-","YUBA CITY","SUTTER","CA",0,0
"6496784",-121.6350282,39.1418352,2014,"5102","0","5","4","03",0,1,"A",,,,,,2400,6,"C","C","A","RT 20","RT 99",0,,"Y","2016-03-26",5102,"2014-06-06",2226,"4090","5102","5","4","0","0",,"0","003","-","Y","SUT",3,20,"-","-",15.58,"H","-","W","Y",2,"A","-",22350,,"F","A","H","-","B","D","0","Y","A","01",0,0,1,0,0,0,0,0,0,"-","-","YUBA CITY","SUTTER","CA",0,0
"6496780",-121.6208312,39.1414069,2014,"5102","0","1","4","21",0,1,"A",,,,,,1800,6,"C","C","A","RT 20","CHESTNUT ST",35,"W","N","2016-03-28",5102,"2014-06-02",1511,"4083","5102","5","4","0","0",,"0","003","-","Y","SUT",3,20,"-","-",16.35,"H","-","W","N",2,"A","-",22106,,"N","A","H","-","A","A","0","Y","A","01",0,0,1,0,0,0,0,0,0,"-","-","YUBA CITY","SUTTER","CA",0,0
"6496776",-121.6154732,39.1259751,2014,"5102","0","2","3","01",0,1,"A",,,,,"Y",2400,6,"E","I","A","PERCY AV","NIELSON AV",0,,"Y","2014-08-11",5102,"2014-06-17",2257,"4022","5102","5","4","0","0",,"0","005","-","N",,0,0,,,0,,,,"Y",1,"A","-",23152,"A","M","A","H","-","C","A","0","Y","A","01",0,1,0,0,0,0,0,0,0,"-","-","YUBA CITY","SUTTER","CA",0,0
"6496752",-121.6301832,39.1397351,2014,"5102","0","2","3","08",0,1,"A",,"Y",,,,1500,6,"B","G","A","GRAY AV","LOUISE AV",0,,"Y","2014-08-11",5102,"2014-06-17",1344,"4079","5102","5","4","0","0",,"0","003","-","N",,0,0,,,0,,,,"N",2,"A","-",22107,,"N","A","H","-","A","D","0","Y","A","01",0,1,0,0,0,0,1,0,0,"-","-","YUBA CITY","SUTTER","CA",0,0
"6495925",-121.7389174,39.1421987,2014,"5100","3","5","3","01",0,1,"A",,,,,,2100,6,"E","I","A","RT 20","HUMPHREY RD",3173,"W","N","2016-03-28",9285,"2014-06-06",1855,"018475",,"2","9","0","1",,"1","072","-","Y","SUT",3,20,"-","-",10,"H","-","W","Y",1,"A","-",23152,"E","N","A","H","-","A","D","0","Y","D","22",0,1,0,0,0,0,0,0,0,"-","-","UNINCORPORATED","SUTTER","CA",-121.73745,39.14212
"6495576",-121.5406779,38.7499444,2014,"5100","3","2","4","03",0,3,"A",,,,,,600,5,"D","C","A","RT 99","RIEGO RD",52,"N","N","2016-03-25",9285,"2014-05-13",522,"018632",,"3","9","0","1",,"1","011","-","Y","SUT",3,99,"-","-",0.96,"H","-","S","Y",3,"A","-",22350,,"N","A","H","-","A","A","5","Y","A","01",0,0,3,0,0,0,0,0,0,"-","-","UNINCORPORATED","SUTTER","CA",-121.54072,38.75024
"6495560",-121.634409,39.0980991,2014,"5100","3","1","4","12",0,1,"B",,,,,,2100,5,"D","D","A","RT 99","BOGUE RD",0,,"Y","2016-03-26",9285,"2014-05-19",2000,"017080",,"2","9","0","1",,"1","051","C","Y","SUT",3,99,"-","-",27.65,"I","5","N","Y",2,"A","-",21453,"A","N","B","H","-","C","A","0","Y","A","07",0,0,1,0,0,0,0,0,0,"-","-","UNINCORPORATED","SUTTER","CA",-121.63436,39.09861
"6495552",-121.6054225,38.9732403,2014,"5100","3","2","4","03",0,1,"A",,,,,,2100,5,"C","C","A","RT 99","WILSON RD",247,"N","N","2016-06-30",9285,"2014-05-27",1826,"017080",,"2","9","0","1",,"1","011","-","Y","SUT",3,99,"-","R",17.53,"H","-","S","Y",2,"A","-",22350,,"N","A","H","-","A","A","0","Y","A","01",0,0,1,0,0,0,0,0,0,"-","-","UNINCORPORATED","SUTTER","CA",-121.61039,38.97538
"6495528",-121.7351332,39.167585,2014,"5100","4","4","3","18",0,1,"A",,,"Y",,,2100,5,"H","H","A","BUTTE HOUSE RD","MALLOTT RD",0,,"Y","2014-07-29",9285,"2014-05-22",1800,"014793",,"2","9","0","2",,"1","073","-","N",,0,0,,,0,,,,"N",1,"C","-",0,,"N","A","H","-","A","D","0","Y","-","-",0,1,0,0,0,0,0,0,1,"-","-","UNINCORPORATED","SUTTER","CA",-121.73517,39.16761
"6495524",-121.4882831,38.780395,2014,"5100","3","5","4","09",0,4,"A",,,,,,900,5,"A","C","A","PLEASANT GROVE RD","SANKEY RD",0,,"Y","2015-09-23",9285,"2014-05-30",735,"014825",,"1","9","0","1",,"1","011","-","N",,0,0,,,0,,,,"Y",2,"A","-",21801,"A","N","A","H","-","A","D","0","Y","A","07",0,0,4,0,0,0,0,0,0,"-","-","UNINCORPORATED","SUTTER","CA",-121.48833,38.78041
"6494654",-121.6352132,39.1548252,2014,"5102","0","5","4","03",0,1,"A",,,,,,1800,5,"C","C","A","QUEENS AV","ONSTOTT FRONTAGE",57,"W","N","2016-03-26",5102,"2014-05-02",1717,"4081","5102","5","4","0","0",,"0","003","-","Y","SUT",3,99,"-","R",31.429,"R","4","N","N",4,"A","-",22350,,"N","A","H","-","A","A","0","Y","A","08",0,0,1,0,0,0,0,0,0,"-","-","YUBA CITY","SUTTER","CA",0,0
"6494466",-121.5434685,38.8757914,2014,"5100","3","1","4","03",0,1,"A",,,,,,1800,5,"B","E","A","RT 70","STRIPIN RD",5280,"N","N","2016-03-26",9285,"2014-05-26",1616,"13966",,"2","9","0","1",,"1","010","-","Y","SUT",3,70,"-","-",1.95,"H","-","W","Y",2,"A","-",22350,,"N","A","H","-","A","D","0","Y","A","01",0,0,1,0,0,0,0,0,0,"-","-","UNINCORPORATED","SUTTER","CA",-121.54351,38.88141
"6493596",-121.6344264,39.1004021,2014,"5100","3","6","4","08",0,1,"A",,,,,,2400,5,"F","A","A","RT 99","SMITH RD",528,"S","N","2016-03-26",9285,"2014-05-03",2339,"17080",,"3","9","0","1",,"1","051","-","Y","SUT",3,99,"-","-",27.81,"H","-","N","Y",1,"A","-",22107,,"N","A","H","-","C","D","0","Y","D","22",0,0,1,0,0,0,0,0,0,"-","-","UNINCORPORATED","SUTTER","CA",-121.63435,39.10036
"6493592",-121.6719932,39.068985,2014,"5100","4","1","4","12",0,1,"A",,,,,,1200,5,"C","C","A","GEORGE WASHINGTON BL","OSWALD RD",0,,"Y","2014-08-06",9285,"2014-05-12",1055,"13966",,"1","9","0","2",,"1","052","-","N",,0,0,,,0,,,,"Y",2,"A","-",22450,"A","N","A","H","-","A","A","0","Y","A","08",0,0,1,0,0,0,0,0,0,"-","-","UNINCORPORATED","SUTTER","CA",-121.67203,39.06882
"6493564",-121.6331783,39.0640885,2014,"5100","3","5","4","07",0,1,"A",,,,,,600,4,"C","C","A","RT 99","OSWALD RD",1848,"S","N","2016-03-26",9285,"2014-04-18",300,"018340",,"3","9","0","1",,"1","051","-","Y","SUT",3,99,"-","-",25.27,"H","-","S","Y",2,"A","-",21658,"A","N","A","H","-","C","D","0","Y","-",,0,0,1,0,0,0,0,0,0,"-","-","UNINCORPORATED","SUTTER","CA",-121.6336,39.06356
"6488623",-121.6484965,39.1422014,2014,"5102","0","7","4","03",0,1,"A",,,,,,1800,5,"C","C","A","THARP RD","COLUSA AV",250,"N","N","2014-07-23",5102,"2014-05-04",1615,"4073","5102","5","4","0","0",,"0","001","-","N",,0,0,,,0,,,,"N",2,"A","-",22350,,"N","A","H","-","A","D","0","Y","-",,0,0,1,0,0,0,0,0,0,"-","-","YUBA CITY","SUTTER","CA",0,0
"6486163",-121.5401866,38.7466316,2014,"5100","3","2","4","21",0,1,"A",,,,,,1800,5,"C","C","A","RT 99","RIEGO RD",1200,"S","N","2016-03-25",9285,"2014-05-13",1725,"13174",,"2","9","0","1",,"1","011","-","Y","SUT",3,99,"-","-",0.72,"H","-","N","N",3,"A","-",22106,,"N","A","H","-","A","A","5","Y","A","01",0,0,1,0,0,0,0,0,0,"-","-","UNINCORPORATED","SUTTER","CA",-121.54022,38.74618
"6482219",-121.6367932,39.132365,2014,"5102","0","5","4","00",0,1,"A",,,,,,900,4,"D","C","A","BRIDGE ST","OJI WY",0,,"Y","2015-03-13",5102,"2014-04-11",837,"4039","5102","5","4","0","0",,"0","002","-","N",,0,0,,,0,,,,"N",2,"D","-",0,,"N","A","H","-","A","A","0","Y","-","-",0,0,1,0,0,0,0,0,0,"-","-","YUBA CITY","SUTTER","CA",0,0
"6481057",-121.6438832,39.1199951,2014,"5102","0","2","4","03",0,1,"B",,,,,,1500,3,"C","C","A","SOUTH WALTON AV","CHERRY ST",0,,"Y","2014-07-11",5102,"2014-03-25",1358,"5078","SCSO","5","4","0","0",,"0","007","C","N",,0,0,,,0,,,,"Y",2,"A","-",22350,,"N","B","H","-","A","D","0","Y","A","01",0,0,1,0,0,0,0,0,0,"-","-","YUBA CITY","SUTTER","CA",0,0
"6480298",0,0,2014,"5102","0","1","4","09",0,1,"A",,,,,,1800,4,"D","C","A","BLEVIN RD","QUEENS AV",8,"S","N","2014-07-23",5102,"2014-04-28",1728,"4073","5102","5","4","0","0",,"0","002","-","N",,0,0,,,0,,,,"Y",2,"A","-",21802,"A","N","A","H","-","A","A","0","Y","-",,0,0,1,0,0,0,0,0,0,"-","-","YUBA CITY","SUTTER","CA",0,0
"6480297",0,0,2014,"5102","0","3","4","07",0,2,"A",,,,,,1800,4,"D","C","A","HARTER PKWY","LASSEN BL",180,"S","N","2014-07-23",5102,"2014-04-30",1524,"4046","5102","5","4","0","0",,"0","001","-","N",,0,0,,,0,,,,"Y",2,"A","-",21658,"A","N","A","H","-","A","A","0","Y","A","01",0,0,2,0,0,0,0,0,0,"-","-","YUBA CITY","SUTTER","CA",0,0
"6480296",-121.6433432,39.1478715,2014,"5102","0","1","4","08",0,1,"A",,"Y",,,,1500,4,"D","G","A","BUTTE HOUSE RD","STABLER LN",200,"E","N","2014-07-23",5102,"2014-04-28",1245,"4083","5102","5","4","0","0",,"0","002","-","N",,0,0,,,0,,,,"N",2,"A","-",22107,,"N","A","H","-","A","D","0","Y","A","01",0,0,1,0,0,0,1,0,0,"-","-","YUBA CITY","SUTTER","CA",0,0
"6480295",-121.6164932,39.1194251,2014,"5102","0","5","4","21",0,2,"B",,,,,,1200,4,"C","C","A","WINSHIP RD","GARDEN HWY",0,,"Y","2014-07-23",5102,"2014-04-25",1122,"4039","5102","5","4","0","0",,"0","005","C","N",,0,0,,,0,,,,"N",2,"A","-",22106,,"N","B","H","-","A","D","0","Y","A","01",0,0,2,0,0,0,0,0,0,"-","-","YUBA CITY","SUTTER","CA",0,0
"6480294",-121.6440132,39.1446951,2014,"5102","0","5","4","09",0,1,"A",,,,,,1200,4,"D","C","A","STABLER LN","POOLE BL",0,,"Y","2014-07-23",5102,"2014-04-18",1110,"448","5102","5","4","0","0",,"0",,"-","N",,0,0,,,0,,,,"N",2,"A","-",21801,"B","N","A","H","-","A","A","0","Y","A","08",0,0,1,0,0,0,0,0,0,"-","-","YUBA CITY","SUTTER","CA",0,0
"6480293",-121.6439432,39.1323151,2014,"5102","0","3","4","09",0,1,"A","Y",,,,,1200,4,"D","B","E","BRIDGE ST","WALTON AV",0,,"Y","2014-07-23",5102,"2014-04-09",1140,"4087","5102","5","4","0","0",,"0","001","-","N",,0,0,,,0,,,,"N",2,"A","-",21802,"A","N","A","H","-","A","A","0","Y","N","60",0,0,1,0,1,0,0,0,0,"-","-","YUBA CITY","SUTTER","CA",0,0
"6480292",-121.6307295,39.1416241,2014,"5102","0","4","4","12",0,1,"A",,,,,,1500,4,"D","C","A","RT 20","GRAY AV",0,,"Y","2016-03-28",5102,"2014-04-17",1421,"4054","SUTTE","5","4","0","0",,"0","004","-","Y","SUT",3,20,"-","-",15.81,"I","5","E","Y",2,"A","-",21453,"A","N","A","H","-","A","A","0","Y","A","08",0,0,1,0,0,0,0,0,0,"-","-","YUBA CITY","SUTTER","CA",0,0
"6480291",-121.6554932,39.1418951,2014,"5102","0","4","4","12",0,1,"A",,,,,,2100,4,"A","C","A","HARTER PKWY","NORTH COLUSA FRONTAGE RD",0,,"Y","2014-07-23",5102,"2014-04-17",1826,"4090","5102","5","4","0","0",,"0","001","-","N",,0,0,,,0,,,,"Y",2,"A","-",21453,"A","N","A","H","-","A","A","0","Y","A","01",0,0,1,0,0,0,0,0,0,"-","-","YUBA CITY","SUTTER","CA",0,0
"6475953",-121.5435911,38.8396508,2014,"5100","3","2","4","03",0,2,"B",,,,,,2100,4,"C","C","A","RT 99","CATLETT RD",50,"S","N","2016-03-25",9285,"2014-04-01",1830,"17080",,"2","9","0","1",,"1","011","C","Y","SUT",3,99,"-","-",7.07,"H","-","N","Y",2,"A","-",22350,,"N","B","H","-","A","D","5","Y","A","01",0,0,2,0,0,0,0,0,0,"-","-","UNINCORPORATED","SUTTER","CA",-121.54345,38.83707
"6475949",-121.6346239,39.1127779,2014,"5100","3","2","4","12",0,1,"A",,,,,,2100,4,"A","C","A","RT 99","LINCOLN RD",0,,"Y","2016-03-26",9285,"2014-04-08",2000,"19168",,"2","9","0","1",,"1","051","-","Y","SUT",3,99,"-","-",28.67,"I","5","N","Y",2,"A","-",21453,"A","N","A","H","-","C","A","0","Y","A","01",0,0,1,0,0,0,0,0,0,"-","-","UNINCORPORATED","SUTTER","CA",-121.63466,39.11284
"6475937",-121.480636,38.8676892,2014,"5100","5","1","4","03",0,1,"A",,,,,,1800,4,"C","C","A","STRIPLIN RD","PLEASANT GROVE RD",2112,"E","N","2014-07-14",9285,"2014-04-07",1650,"017163",,"2","9","0","3",,"1","001","-","N",,0,0,,,0,,,,"N",2,"A","-",22350,,"N","A","H","-","A","D","0","Y","A","01",0,0,1,0,0,0,0,0,0,"-","-","UNINCORPORATED","SUTTER","CA",-121.4785,38.86768
"6475933",-121.6344131,39.0979552,2014,"5100","3","2","4","03",0,1,"A",,,,,,1800,4,"C","C","A","RT 99","BOGUE RD",31,"S","N","2016-03-26",9285,"2014-04-15",1600,"017163",,"2","9","0","1",,"1","051","-","Y","SUT",3,99,"-","-",27.64,"H","-","N","Y",2,"A","-",22350,,"N","A","H","-","A","A","0","Y","A","01",0,0,1,0,0,0,0,0,0,"-","-","UNINCORPORATED","SUTTER","CA",-121.63431,39.09789
"6475832",-121.6548639,39.2569441,2014,"5100","3","5","4","03",0,3,"A",,,,,,1500,4,"C","C","A","RT 99","BISHOP AV",915,"S","N","2016-03-26",9285,"2014-04-11",1430,"14793",,"2","9","0","1",,"1","071","-","Y","SUT",3,99,"-","-",38.88,"H","-","N","Y",3,"A","-",22350,,"M","A","H","-","A","D","1","Y","A","01",0,0,3,0,0,0,0,0,0,"-","-","UNINCORPORATED","SUTTER","CA",-121.65465,39.25674
"6475816",0,0,2014,"5100","5","7","2","08",0,2,"A",,,,,,2100,4,"E","I","A","GARDEN HWY","SUTTER / SACRAMENTO CO LINE",1700,"N","N","2014-07-23",9285,"2014-04-13",1800,"13174",,"2","9","0","3",,"1","001","-","N",,0,0,,,0,,,,"Y",1,"A","-",22107,,"N","A","H","-","A","D","0","Y","A","01",1,1,0,0,0,0,0,0,0,"-","-","UNINCORPORATED","SUTTER","CA",-121.59974,38.74069
"6475812",-121.633157,39.0501976,2014,"5100","5","2","4","03",0,2,"A",,,,,,2100,4,"C","C","A","RT 99","MESSICK RD",564,"N","N","2016-03-25",9285,"2014-04-08",1815,"18286",,"2","9","0","3",,"1","005","-","Y","SUT",3,99,"-","-",24.3,"H","-","N","Y",2,"A","-",22350,,"N","A","H","-","A","D","0","Y","A","07",0,0,2,0,0,0,0,0,0,"-","-","UNINCORPORATED","SUTTER","CA",-121.63347,39.05134
"6473111",-121.7119873,38.8790951,2014,"5100","5","3","2","03",0,1,"C",,,,"Y",,900,3,"F","A","A","RECLAMATION RD","SEYMOUR RD",386,"S","N","2014-07-08",9285,"2014-03-26",640,"15048",,"1","9","0","3",,"1","003","-","N",,0,0,,,0,,,,"Y",1,"A","-",22350,,"N","B","H","-","A","D","0","Y","F","25",1,0,0,0,0,0,0,0,0,"-","-","UNINCORPORATED","SUTTER","CA",-121.71199,38.87823
"6473079",-121.5190935,38.9615154,2014,"5100","3","5","4","09",0,1,"A",,,,,,1500,4,"D","C","A","RIO OSO RD","PACIFIC AV",1584,"E","N","2014-07-18",9285,"2014-04-18",1435,"014825",,"2","9","0","1",,"1","010","-","N",,0,0,,,0,,,,"Y",2,"A","-",21804,"A","N","A","H","-","A","D","0","Y","D","22",0,0,1,0,0,0,0,0,0,"-","-","UNINCORPORATED","SUTTER","CA",-121.51725,38.9615
"6473063",-121.6555528,39.2588865,2014,"5100","3","2","4","03",0,1,"A",,,,,,1500,4,"B","C","A","RT 99","BISHOP AV",500,"S","N","2016-03-26",9285,"2014-04-08",1340,"013966",,"1","9","0","1",,"1","071","-","Y","SUT",3,99,"-","-",39.02,"H","-","N","Y",3,"A","-",22350,,"N","A","H","-","A","D","1","Y","D","22",0,0,1,0,0,0,0,0,0,"-","-","UNINCORPORATED","SUTTER","CA",-121.65548,39.25862
"6473060",-121.7133532,39.1413952,2014,"5100","3","2","2","07",0,1,"B",,,,"Y",,300,4,"C","C","A","RT 20","LYTLE RD",0,,"Y","2016-03-28",9285,"2014-04-01",245,"017080",,"3","9","0","1",,"1","072","C","Y","SUT",3,20,"-","-",11.37,"I","5","E","Y",2,"A","-",21658,"A","N","B","H","-","C","D","0","Y","G","25",1,0,0,0,0,0,0,0,0,"-","-","UNINCORPORATED","SUTTER","CA",-121.71353,39.14157
"6471558",-121.6178241,39.1404955,2014,"5102","0","7","3","01",0,1,"A",,,,,"Y",1200,4,"E","I","A","PLUMAS ST","RT 20",18,"S","N","2016-05-09",5102,"2014-04-20",1006,"4034","5102","5","4","0","0",,"0","004","-","Y","SUT",3,20,"-","-",16.52,"I","6","E","Y",1,"A","-",23152,"A","N","A","H","-","A","A","0","Y","D","22",0,1,0,0,0,0,0,0,0,"-","-","YUBA CITY","SUTTER","CA",0,0
"6471557",-121.620328,39.156532,2014,"5102","0","6","3","03",0,2,"A",,,,,,1800,4,"C","C","A","LIVE OAK BL","CASSIDY",90,"S","N","2014-07-14",5102,"2014-04-12",1537,"4057","5102","5","4","0","0",,"0","004","-","N",,0,0,,,0,,,,"Y",2,"A","-",22350,,"N","A","H","-","A","D","0","Y","A","07",0,1,1,0,0,0,0,0,0,"-","-","YUBA CITY","SUTTER","CA",0,0
"6464070",-121.6261675,39.1416941,2014,"5102","0","4","4","12",0,1,"A",,,,,,1500,3,"D","C","A","RT 20","CLARK AV",0,,"Y","2015-11-10",5102,"2014-03-13",1317,"4087","5102","5","4","0","0",,"0","003","-","Y","SUT",3,20,"-","-",16.06,"I","5","W","Y",3,"A","-",21453,"A","N","A","H","-","A","A","0","Y","A","01",0,0,1,0,0,0,0,0,0,"-","-","YUBA CITY","SUTTER","CA",0,0
"6464017",-121.6270813,39.1518084,2014,"5102","0","5","3","08",0,1,"A",,,,,"Y",1200,3,"E","I","A","QUEENS AV","STEWART WAY",25,"W","N","2014-07-10",5102,"2014-03-21",1125,"4073","5102","5","4","0","0",,"0","003","-","N",,0,0,,,0,,,,"N",1,"A","-",22107,,"N","A","H","-","A","D","0","Y","-",,0,1,0,0,0,0,0,0,0,"-","-","YUBA CITY","SUTTER","CA",0,0
"6464013",-121.6307295,39.1416241,2014,"5102","0","4","4","09",0,4,"B",,,,,,2100,3,"D","C","A","RT 20","GRAY AV",0,,"Y","2015-11-10",5102,"2014-03-06",1853,"4081","5102","5","4","0","0",,"0","003","-","Y","SUT",3,20,"-","-",15.81,"I","5","E","N",2,"A","-",21453,"C","N","A","H","-","C","A","0","Y","A","01",0,0,4,0,0,0,0,0,0,"-","-","YUBA CITY","SUTTER","CA",0,0
"6464009",-121.6440132,39.1446951,2014,"5102","0","5","4","03",0,2,"A",,,,,,900,3,"C","C","A","STABLER LN","POOLE BL",0,,"Y","2014-07-10",5102,"2014-03-14",728,"4087","5102","5","4","0","0",,"0","002","-","N",,0,0,,,0,,,,"N",2,"A","-",22350,,"N","A","H","-","A","D","0","Y","A","01",0,0,2,0,0,0,0,0,0,"-","-","YUBA CITY","SUTTER","CA",0,0
"6463143",-121.6437267,39.141792,2014,"5102","0","5","4","18",0,1,"B",,,,"Y",,1500,4,"C","C","A","RT 20","STABLER LN",125,"E","N","2016-03-28",5102,"2014-04-04",1220,"4039","5102","5","4","0","0",,"0","002","-","Y","SUT",3,20,"-","R",15.11,"H","-","W","Y",5,"C","-",0,,"N","A","H","-","A","A","0","Y","-","-",0,0,1,0,0,0,0,0,0,"-","-","YUBA CITY","SUTTER","CA",0,0
"6463139",-121.6318853,39.1323501,2014,"5102","0","3","4","03",0,1,"B",,,,,,900,4,"C","C","A","BRIDGE ST","N LAWRENCE AV",130,"E","N","2014-07-22",5102,"2014-04-02",730,"4079","5102","5","4","0","0",,"0","003","-","N",,0,0,,,0,,,,"Y",2,"A","-",22350,,"N","A","H","-","A","D","0","Y","A","08",0,0,1,0,0,0,0,0,0,"-","-","YUBA CITY","SUTTER","CA",0,0
"6461097",-121.4697831,38.7806551,2014,"5100","5","2","4","03",0,1,"A",,,,,,1500,4,"E","I","A","SANKEY RD","LOCUST RD",0,,"Y","2014-07-11",9285,"2014-04-15",1430,"13966",,"2","9","0","3",,"1","001","-","N",,0,0,,,0,,,,"Y",1,"A","-",22350,,"N","A","H","-","A","A","0","Y","E","22",0,0,1,0,0,0,0,0,0,"-","-","UNINCORPORATED","SUTTER","CA",-121.46981,38.78057
"6461093",-121.6346032,39.1178136,2014,"5100","3","4","4","07",0,1,"B",,,,,,1800,4,"B","C","A","RT 99","RICHLAND RD",71,"S","N","2016-03-26",9285,"2014-04-24",1715,"17534",,"2","9","0","1",,"1","051","-","Y","SUT",3,99,"-","-",29.02,"H","-","N","Y",3,"A","-",21658,"A","N","A","H","-","A","A","0","Y","A","01",0,0,1,0,0,0,0,0,0,"-","-","UNINCORPORATED","SUTTER","CA",-121.63448,39.11781
"6461085",-121.5251936,38.7506164,2014,"5100","5","3","4","03",0,1,"A",,,,,,900,4,"C","C","A","RIEGO RD","PACIFIC AV",17,"E","N","2014-07-23",9285,"2014-04-30",755,"13174",,"1","9","0","3",,"1","001","-","N",,0,0,,,0,,,,"Y",2,"A","-",22350,,"N","A","H","-","A","D","0","Y","D","22",0,0,1,0,0,0,0,0,0,"-","-","UNINCORPORATED","SUTTER","CA",0,0
"6461081",-121.6719088,39.0151152,2014,"5100","4","1","4","03",0,2,"B",,,,,,1800,5,"C","C","A","GEORGE WASHINGTON BL","OBANION RD",3696,"S","N","2014-07-23",9285,"2014-05-05",1745,"17163",,"2","9","0","2",,"1","052","-","N",,0,0,,,0,,,,"Y",2,"A","-",22350,,"N","A","H","-","A","D","0","Y","D","22",0,0,2,0,0,0,0,0,0,"-","-","UNINCORPORATED","SUTTER","CA",-121.67202,39.01509
"6461073",-121.6331658,39.0682404,2014,"5100","3","1","2","03",0,2,"A",,,,"Y",,600,4,"C","C","A","RT 99","OSWALD RD",297,"S","N","2016-03-25",9285,"2014-04-14",535,"017118",,"3","9","0","1",,"1","051","-","Y","SUT",3,99,"-","-",25.56,"H","-","N","Y",2,"A","-",22350,,"N","A","H","-","D","D","0","Y","A","07",1,1,0,0,0,0,0,0,0,"-","-","UNINCORPORATED","SUTTER","CA",-121.63337,39.08396
"6458207",0,0,2014,"5102","5","2","4","08",0,1,"B",,,,,,2400,4,"F","A","A","LOS VERJELES RD","DRY CREEK RD",655,"S","N","2015-09-23",9285,"2014-04-01",2125,"00001",,"2","4","0","3",,"1","001","-","N",,0,0,,,0,,,,"Y",1,"A","-",22107,,"N","B","H","-","D","D","0","Y","A","07",0,0,1,0,0,0,0,0,0,"-","-","YUBA CITY","SUTTER","CA",-121.3709,39.36458
"6449775",0,0,2014,"5102","0","2","3","11",0,1,"A","Y",,,,,300,4,"G","B","E","FRONTAGE RD","WHYLER RD",25,"S","N","2014-07-11",5102,"2014-04-08",10,"4027","5102","5","4","0","0",,"0","002","-","N",,0,0,,,0,,,,"N",2,"A","-",21956,,"N","A","H","-","D","D","0","Y","N","60",0,1,0,0,1,0,0,0,0,"-","-","YUBA CITY","SUTTER","CA",0,0
"6449004",-121.6250854,39.1301356,2014,"5102","0","4","4","03",0,1,"A",,,,,,1500,3,"C","C","A","CLARK AV","B ST",84,"N","N","2014-07-17",5102,"2014-03-27",1438,"4039","5102","5","4","0","0",,"0","004","-","N",,0,0,,,0,,,,"N",3,"A","-",22350,,"N","A","H","-","A","A","0","Y","A","01",0,0,1,0,0,0,0,0,0,"-","-","YUBA CITY","SUTTER","CA",0,0