"CASEID","POINT_X","POINT_Y","YEAR_","LOCATION","CHPTYPE","DAYWEEK","CRASHSEV","VIOLCAT","KILLED","INJURED","WEATHER1","PEDCOL","BICCOL","MCCOL","TRUCKCOL","ETOH","TIMECAT","MONTH_","CRASHTYP","INVOLVE","PED","PRIMARYRD","SECONDRD","DISTANCE","DIRECT","INTERSECT_","PROCDATE","JURIS","DATE_","TIME_","BADGE","JURIDIST","SHIFT","POP","SPECIAL","BEATTYPE","LAPDDIV","BEATCLAS","BEATNUMB","WEATHER2","STATEHW","CALTRANC","CALTRAND","STROUTE","ROUTESUF","POSTPRE","POSTMILE","LOCATYPE","RAMP","SIDEHW","TOWAWAY","PARTIES","PCF","VIOLCODE","VIOL","VIOLSUB","HITRUN","ROADSURF","RDCOND1","RDCOND2","LIGHTING","RIGHTWAY","CHPRDTYP","NOTPRIV","STFAULT","CHPFAULT","SEVINJ","OTHERINJ","COP","PEDKILL","PEDINJ","BICKILL","BICINJ","MCKILL","MCINJURE","RAMP1","RAMP2","CITY","COUNTY","STATE","X_CHP","Y_CHP"
"6446779",-121.6086411,39.0705161,2014,"5100","4","6","3","08",0,1,"A",,,"Y",,,2100,3,"F","A","A","GARDEN HWY","OSWALD RD",2200,"N","N","2014-07-03",9285,"2014-03-15",1830,"13174",,"2","9","0","2",,"1","052","-","N",,0,0,,,0,,,,"N",1,"A","-",22107,,"N","A","H","-","A","D","0","Y","C","02",0,1,0,0,0,0,0,0,1,"-","-","UNINCORPORATED","SUTTER","CA",-121.60807,39.07097
"6445165",-121.6261675,39.1416941,2014,"5102","0","2","4","03",0,1,"A",,,,,,900,3,"C","C","A","RT 20","CLARK AV",45,"W","N","2015-11-10",5102,"2014-03-25",803,"4083","5102","5","4","0","0",,"0","003","-","Y","SUT",3,20,"-","-",16.06,"I","5","W","Y",3,"A","-",22350,,"N","A","H","-","A","A","0","Y","A","01",0,0,1,0,0,0,0,0,0,"-","-","YUBA CITY","SUTTER","CA",0,0
"6445161",-121.6216632,39.1319851,2014,"5102","0","2","4","09",0,2,"A",,,,,,1800,3,"D","C","A","A ST","PARK AV",0,,"Y","2014-07-09",5102,"2014-03-25",1525,"4083","5102","5","4","0","0",,"0","004","-","N",,0,0,,,0,,,,"Y",2,"A","-",21803,"A","N","A","H","-","A","A","0","Y","A","01",0,0,2,0,0,0,0,0,0,"-","-","YUBA CITY","SUTTER","CA",0,0
"6445157",-121.6715932,39.1413352,2014,"5102","0","6","4","12",0,1,"A",,,,,,900,3,"D","C","A","RT 20","GEORGE WASHINGTON BL",0,,"Y","2015-11-10",5102,"2014-03-22",804,"4087","5102","5","4","0","0",,"0","001","-","Y","SUT",3,20,"-","-",13.6,"I","5","E","Y",2,"A","-",21453,"A","N","A","H","-","B","A","0","Y","A","07",0,0,1,0,0,0,0,0,0,"-","-","YUBA CITY","SUTTER","CA",0,0
"6445154",-121.6485239,39.1415143,2014,"5102","0","7","4","12",0,1,"A",,,,,,1800,3,"D","C","A","RT 20","THARP RD",0,,"Y","2015-11-10",5102,"2014-03-30",1708,"4067","5102","5","4","0","0",,"0","002","-","Y","SUT",3,20,"-","R",14.846,"I","5","E","N",2,"A","-",21453,"A","N","A","H","-","A","A","0","Y","A","01",0,0,1,0,0,0,0,0,0,"-","-","YUBA CITY","SUTTER","CA",0,0
"6445130",-121.6345733,39.1231472,2014,"5102","0","4","3","11",0,1,"A","Y",,,,,2400,3,"G","B","D","RT 99","FRANKLIN AV",0,,"Y","2015-11-14",5102,"2014-03-27",2100,"4077","5102","5","4","0","0",,"0","002","-","Y","SUT",3,99,"-","-",29.37,"I","5","S","N",2,"A","-",21954,"A","N","A","H","-","C","A","0","Y","N","60",0,1,0,0,1,0,0,0,0,"-","-","YUBA CITY","SUTTER","CA",0,0
"6445126",-121.6439332,39.1272551,2014,"5102","0","6","4","12",0,2,"A",,,,,"Y",300,3,"D","C","A","FRANKLIN RD","SOUTH WALTON AV",0,,"Y","2014-07-09",5102,"2014-03-22",9,"4088","5102","5","4","0","0",,"0","002","-","N",,0,0,,,0,,,,"Y",2,"A","-",21453,"A","N","A","H","-","C","A","0","Y","A","01",0,0,2,0,0,0,0,0,0,"-","-","YUBA CITY","SUTTER","CA",0,0
"6439368",-121.6067652,38.9435953,2014,"5102","0","4","3","09",0,2,"A",,,,,,1500,3,"A","C","A","RT 99","RT 20",0,,"Y","2015-11-14",5102,"2014-03-13",1223,"4069","5102","5","4","0","0",,"0","002","-","Y","SUT",3,99,"-","-",15.573,"I","5","S","Y",2,"A","-",21453,"C","N","A","H","-","A","A","0","Y","A","01",0,1,1,0,0,0,0,0,0,"-","-","YUBA CITY","SUTTER","CA",0,0
"6439367",-121.6161332,39.1410052,2014,"5102","0","6","4","12",0,1,"A",,,,,,1500,3,"B","C","A","RT 20","SHASTA ST",0,,"Y","2015-11-10",5102,"2014-03-08",1230,"4054","SUTTE","5","4","0","0",,"0","004","-","Y","SUT",3,20,"-","-",16.619,"I","5","E","Y",2,"A","-",21453,"A","N","A","H","-","A","A","0","Y","A","01",0,0,1,0,0,0,0,0,0,"-","-","YUBA CITY","SUTTER","CA",0,0
"6439366",-121.6228032,39.112635,2014,"5102","0","7","4","10",0,2,"A","Y",,,,,2100,3,"G","B","B","LINCOLN RD","RAILROAD AV",0,,"Y","2014-07-01",5102,"2014-03-09",2022,"4058","5102","5","4","0","0",,"0","005","-","N",,0,0,,,0,,,,"N",3,"A","-",21950,"A","N","A","H","-","D","D","0","Y","A","01",0,0,2,0,2,0,0,0,0,"-","-","YUBA CITY","SUTTER","CA",0,0
"6439365",-121.6321806,39.1323598,2014,"5102","0","2","3","21",0,2,"A",,,,,,1800,3,"C","C","A","BRIDGE ST","PALORA AV",330,"E","N","2014-07-01",5102,"2014-03-11",1553,"4079","5102","5","4","0","0",,"0","1553","-","N",,0,0,,,0,,,,"N",2,"A","-",22106,,"N","A","H","-","A","D","0","Y","A","01",0,1,1,0,0,0,0,0,0,"-","-","YUBA CITY","SUTTER","CA",0,0
"6439364",-121.6394636,39.1416765,2014,"5102","0","4","4","03",0,1,"A",,,,,,900,3,"C","C","A","RT 20","CIVIC CENTER BL",0,,"Y","2015-11-10",5102,"2014-03-13",734,"4074",,"5","4","0","0",,"0","002","-","Y","SUT",3,20,"-","R",15.34,"H","-","E","N",2,"A","-",22350,,"N","A","H","-","A","A","0","Y","A","01",0,0,1,0,0,0,0,0,0,"-","-","YUBA CITY","SUTTER","CA",0,0
"6439363",-121.6485164,39.1416741,2014,"5102","0","7","4","03",0,3,"B",,,,,,1500,3,"C","C","A","THARP RD","RT 20",120,"N","N","2015-11-10",5102,"2014-03-02",1303,"4063","5103","5","4","0","0",,"0","001","-","Y","SUT",3,20,"-","R",14.846,"I","6","W",,3,"A","-",22350,,"F","A","H","-","A","D","0","Y","A","01",0,0,3,0,0,0,0,0,0,"-","-","YUBA CITY","SUTTER","CA",0,0
"6439362",-121.6301232,39.151845,2014,"5102","0","1","4","03",0,1,"C",,,,,,1500,3,"C","C","A","GRAY AV","QUEENS AV",0,,"N","2014-07-01",5102,"2014-03-03",1235,"4091",,"5","4","0","0",,"0","003","-","N",,0,0,,,0,,,,"N",2,"A","-",22350,,"N","B","H","-","A","A","0","Y","A","01",0,0,1,0,0,0,0,0,0,"-","-","YUBA CITY","SUTTER","CA",0,0
"6436658",-121.6278788,39.1272451,2014,"5102","0","2","4","03",0,2,"A",,,,,,1800,3,"-","C","A","FRANKLIN AV","BROWN AV",75,"E","N","2015-03-02",5102,"2014-03-11",1706,"4011","5102","5","4","0","0",,"0","005","-","N",,0,0,,,0,,,,"Y",4,"A","-",22350,,"N","A","H","-","A","A","0","Y","A","07",0,0,2,0,0,0,0,0,0,"-","-","YUBA CITY","SUTTER","CA",0,0
"6436654",-121.6197132,39.1436351,2014,"5102","0","2","4","03",0,1,"A",,,,,,1200,4,"C","C","A","DEL NORTE AV","CHESTNUT ST",0,,"Y","2014-07-21",5102,"2014-04-08",1126,"4034","5102","5","4","0","0",,"0","003","-","N",,0,0,,,0,,,,"N",2,"A","-",22350,,"N","A","H","-","A","A","0","Y","D","22",0,0,1,0,0,0,0,0,0,"-","-","YUBA CITY","SUTTER","CA",0,0
"6436650",-121.656165,39.1514613,2014,"5102","0","1","4","03",0,2,"A",,,,,,900,4,"C","C","A","BUTTE HOUSE RD","ELMER RD",70,"W","N","2014-07-21",5102,"2014-04-07",749,"4034","5102","5","4","0","0",,"0","001","-","N",,0,0,,,0,,,,"Y",3,"A","-",22350,,"N","A","H","-","A","D","0","Y","D","22",0,0,2,0,0,0,0,0,0,"-","-","YUBA CITY","SUTTER","CA",0,0
"6436646",-121.6137232,39.135875,2014,"5102","0","1","4","03",0,1,"A",,,,,,1800,4,"C","C","A","BRIDGE ST","SHASTA ST",0,,"Y","2014-07-21",5102,"2014-04-07",1728,"4034","5102","5","4","0","0",,"0","004","-","N",,0,0,,,0,,,,"N",2,"A","-",22350,,"F","A","H","-","A","A","0","Y","-","99",0,0,1,0,0,0,0,0,0,"-","-","YUBA CITY","SUTTER","CA",0,0
"6435230",-121.7449375,39.0985785,2014,"5100","5","6","4","03",0,1,"A",,,,,,1500,3,"F","A","A","BOGUE RD","CLEMENTS RD",77,"E","N","2014-07-07",9285,"2014-03-22",1335,"013966",,"1","9","0","3",,"1","005","-","N",,0,0,,,0,,,,"Y",1,"A","-",22350,,"N","A","H","-","A","D","0","Y","A","01",0,0,1,0,0,0,0,0,0,"-","-","UNINCORPORATED","SUTTER","CA",-121.74511,39.09854
"6435222",-121.8462202,39.1586351,2014,"5100","5","5","4","08",0,1,"A",,,,,,2400,3,"F","A","A","WEST BUTTE RD","SOUTH BUTTE RD",6336,"N","N","2014-07-07",9285,"2014-03-21",2222,"018475",,"3","9","0","3",,"1","007","-","N",,0,0,,,0,,,,"Y",1,"A","-",22107,,"N","A","H","-","D","A","0","Y","A","01",0,0,1,0,0,0,0,0,0,"-","-","UNINCORPORATED","SUTTER","CA",-121.83429,39.15713
"6435202",0,0,2014,"5100","5","7","3","01",0,1,"A",,,,,"Y",600,3,"F","A","A","GARDEN HWY","LEE RD",1584,"S","N","2014-07-07",9285,"2014-03-23",340,"019168",,"3","9","0","3",,"1","001","-","N",,0,0,,,0,,,,"Y",1,"A","-",23152,"A","N","A","H","-","D","D","0","Y","A","01",0,1,0,0,0,0,0,0,0,"-","-","UNINCORPORATED","SUTTER","CA",-121.61142,38.88036
"6434268",-121.6347934,39.1417016,2014,"5102","0","2","3","03",0,1,"B",,,,,,1500,4,"C","C","A","RT 20","RT 99",100,"E","N","2016-03-28",5102,"2014-04-01",1438,"4079","502","5","4","0","0",,"0",,"-","Y","SUT",3,20,"-","-",15.59,"H","-","E","Y",3,"A","-",22350,,"N","B","H","-","A","D","0","Y","A","07",0,1,0,0,0,0,0,0,0,"-","-","YUBA CITY","SUTTER","CA",0,0
"6434264",-121.6555926,39.1513241,2014,"5102","0","3","4","03",0,2,"A",,,,,,900,4,"C","C","A","BUTTE HOUSE RD","ELMER RD",100,"E","N","2014-07-24",5102,"2014-04-02",800,"4083","5102","5","4","0","0",,"0","001","-","N",,0,0,,,0,,,,"Y",3,"A","-",22350,,"N","A","H","-","A","D","0","Y","A","01",0,0,2,0,0,0,0,0,0,"-","-","YUBA CITY","SUTTER","CA",0,0
"6429838",-121.6076816,39.1380496,2014,"5102","0","4","4","03",0,3,"C",,,,,,1200,2,"B","C","A","BRIDGE ST","2ND ST",40,"W","N","2014-07-01",5102,"2014-02-27",959,"4069","5102","5","4","0","0",,"0","002","-","N",,0,0,,,0,,,,"N",3,"A","-",22350,,"N","B","H","-","A","A","0","Y","A","01",0,0,3,0,0,0,0,0,0,"-","-","YUBA CITY","SUTTER","CA",0,0
"6429584",-121.6307295,39.1416241,2014,"5102","0","3","4","12",0,1,"C",,,,,,1500,3,"D","C","A","RT 20","GRAY AV",0,,"Y","2015-11-10",5102,"2014-03-26",1229,"4054","5102","5","4","0","0",,"0","004","-","Y","SUT",3,20,"-","-",15.81,"I","5","E","Y",2,"A","-",21453,"A","N","B","H","-","-","A","0","Y","D","22",0,0,1,0,0,0,0,0,0,"-","-","YUBA CITY","SUTTER","CA",0,0
"6428582",-121.5914218,38.7599182,2014,"5100","5","2","3","03",0,1,"A",,,"Y",,,1800,2,"H","A","A","GARDEN HWY","RIEGO RD",3960,"N","N","2014-06-26",9285,"2014-02-25",1720,"13966",,"2","9","0","3",,"1","001","-","N",,0,0,,,0,,,,"N",1,"A","-",22350,,"N","A","H","-","A","D","0","Y","C","02",0,1,0,0,0,0,0,0,1,"-","-","UNINCORPORATED","SUTTER","CA",-121.59215,38.76456
"6428381",-121.5402327,38.7492431,2014,"5100","3","2","4","03",0,1,"B",,,,,,1200,3,"C","C","A","RT 99","RIEGO RD",20,"S","N","2015-11-14",9285,"2014-03-04",1105,"014878",,"1","9","0","1",,"1","011","-","Y","SUT",3,99,"-","-",0.904,"H","-","N","Y",2,"A","-",22350,,"N","B","D","-","A","A","5","Y","A","01",0,0,1,0,0,0,0,0,0,"-","-","UNINCORPORATED","SUTTER","CA",-121.54032,38.74972
"6428377",-121.6346089,39.118911,2014,"5100","3","2","4","01",0,3,"A",,,,,"Y",2100,3,"C","C","A","RT 99","RICHLAND RD",210,"N","N","2015-11-14",9285,"2014-03-04",1930,"019144",,"2","9","0","1",,"1","051","-","Y","SUT",3,99,"-","-",29.08,"H","-","S","Y",3,"A","-",23152,"A","N","A","H","-","D","A","0","Y","A","07",0,0,3,0,0,0,0,0,0,"-","-","UNINCORPORATED","SUTTER","CA",-121.63464,39.1188
"6417455",-121.643952,39.1127349,2014,"5102","0","5","4","12",0,1,"A",,"Y",,,,1500,2,"G","G","A","LINCOLN RD","WALTON AV",11,"W","N","2014-06-12",5102,"2014-02-21",1450,"2223","MAP89","5","4","0","0",,"0","007","-","N",,0,0,,,0,,,,"N",2,"A","-",21453,"A","N","A","H","-","A","A","0","Y","L","04",0,0,1,0,0,0,1,0,0,"-","-","YUBA CITY","SUTTER","CA",0,0
"6414787",-121.6358357,39.1127427,2014,"5100","5","1","4","21",0,1,"A",,,,,,900,3,"C","C","A","LINCOLN RD","RT 99",344,"W","N","2015-09-02",9285,"2014-03-17",740,"013966",,"1","9","1","3",,"1","005","-","N",,0,0,,,0,,,,"N",2,"A","-",22106,,"N","A","H","-","A","A","0","Y","H","13",0,0,1,0,0,0,0,0,0,"-","-","UNINCORPORATED","SUTTER","CA",-121.6365,39.11272
"6414780",-121.6355239,39.0982944,2014,"5100","5","4","4","03",0,1,"A",,,,,,900,3,"C","C","A","BOGUE RD","RT 99",318,"W","N","2015-09-02",9285,"2014-03-06",805,"15048",,"1","9","0","3",,"1","005","-","N",,0,0,,,0,,,,"N",2,"A","-",22350,,"N","A","H","-","A","A","0","Y","A","01",0,0,1,0,0,0,0,0,0,"-","-","UNINCORPORATED","SUTTER","CA",-121.63554,39.09822
"6414779",-121.7262332,39.1420352,2014,"5100","3","2","3","09",0,3,"A",,,,,,1800,3,"D","C","A","RT 20","HUMPHREY RD",0,,"Y","2015-11-10",9285,"2014-03-18",1515,"013966",,"2","9","0","1",,"1","072","-","Y","SUT",3,20,"-","-",10.68,"I","5","W","Y",2,"A","-",21802,"A","N","A","H","-","A","A","0","Y","A","01",0,1,2,0,0,0,0,0,0,"-","-","UNINCORPORATED","SUTTER","CA",-121.72574,39.14197
"6409383",-121.6211873,39.1414677,2014,"5102","0","7","3","05",0,1,"B",,"Y",,,,1200,3,"D","G","A","RT 20","LIVE OAK BL",8,"W","N","2015-11-10",5102,"2014-03-02",1146,"4067","5102","5","4","0","0",,"0","003","-","Y","SUT",3,20,"-","-",16.33,"I","5","W","N",2,"A","-",21650,,"N","A","H","-","A","A","0","Y","L","04",0,1,0,0,0,0,1,0,0,"-","-","YUBA CITY","SUTTER","CA",0,0
"6409379",-121.6211873,39.1414677,2014,"5102","0","7","4","11",0,1,"B","Y",,,,,2100,3,"G","B","B","RT 20","LIVE OAK BL",0,,"Y","2015-11-10",5102,"2014-03-02",1849,"4058","5102","5","4","0","0",,"0","003","C","Y","SUT",3,20,"-","-",16.33,"I","5","W","N",2,"A","-",21950,"B","N","B","H","-","C","A","0","Y","N","60",0,0,1,0,1,0,0,0,0,"-","-","YUBA CITY","SUTTER","CA",0,0
"6408900",-121.5406779,38.7499444,2014,"5100","3","2","4","03",0,4,"B",,,,,,1200,3,"C","C","A","RT 99","RIEGO RD",20,"N","N","2015-11-14",9285,"2014-03-04",1026,"014401",,"1","9","0","1",,"1","011","-","Y","SUT",3,99,"-","-",0.96,"H","-","S","Y",2,"A","-",22350,,"N","A","D","-","A","A","5","Y","A","01",0,0,4,0,0,0,0,0,0,"-","-","UNINCORPORATED","SUTTER","CA",-121.54067,38.75012
"6408895",-121.6409987,39.2190929,2014,"5100","3","4","4","03",0,1,"A",,,,,,900,3,"C","C","A","RT 99","KENT AV",528,"S","N","2015-11-14",9285,"2014-03-06",715,"15048",,"1","9","0","1",,"1","071","-","Y","SUT",3,99,"-","T",36.04,"H","-","S","N",2,"A","-",22350,,"N","B","H","-","A","D","1","Y","A","01",0,0,1,0,0,0,0,0,0,"-","-","UNINCORPORATED","SUTTER","CA",-121.64134,39.21858
"6408894",-121.5401814,38.7470576,2014,"5100","3","3","4","03",0,1,"B",,,,,,1800,3,"C","C","A","RT 99","RIEGO RD",1056,"S","N","2015-11-14",9285,"2014-03-05",1745,"019168",,"2","9","0","1",,"1","011","-","Y","SUT",3,99,"-","-",0.75,"H","-","N","Y",3,"A","-",22350,,"N","A","H","-","B","D","5","Y","A","01",0,0,1,0,0,0,0,0,0,"-","-","UNINCORPORATED","SUTTER","CA",-121.54023,38.74717
"6408452",-121.6298032,39.1272451,2014,"5102","0","6","4","10",0,1,"A","Y",,,,,2100,3,"G","B","B","FRANKLIN AV","GRAY AV",0,,"Y","2014-06-27",5102,"2014-03-08",2014,"4057","5102","5","4","0","0",,"0","004","-","N",,0,0,,,0,,,,,2,"A","-",21950,"A","N","A","H","-","C","A","0","Y","D","22",0,0,1,0,1,0,0,0,0,"-","-","YUBA CITY","SUTTER","CA",0,0
"6408450",-121.6301832,39.1397351,2014,"5102","0","5","3","12",0,2,"A",,,,,,2100,2,"A","C","A","GRAY AV","LOUISE AV",0,,"Y","2014-06-13",5102,"2014-02-14",1841,"4057","5102","5","4","0","0",,"0","004","-","N",,0,0,,,0,,,,"N",2,"A","-",21453,"A","N","A","H","-","C","A","0","Y","A","01",0,1,1,0,0,0,0,0,0,"-","-","YUBA CITY","SUTTER","CA",0,0
"6408353",-121.6201469,39.1518641,2014,"5102","0","2","4","09",0,1,"A",,,,,,600,3,"D","C","A","QUEENS AV","LIVE OAK BL",137,"E","N","2014-06-25",5102,"2014-03-11",552,"4027","5102","5","4","0","0",,"0","003","-","N",,0,0,,,0,,,,"Y",2,"A","-",21804,"A","N","A","H","-","B","D","0","Y","D","22",0,0,1,0,0,0,0,0,0,"-","-","YUBA CITY","SUTTER","CA",0,0
"6408352",-121.6145431,39.1461951,2014,"5102","0","5","4","09",0,1,"A",,,,,,1500,3,"D","C","A","MARKET ST","AINSLEY AV",0,,"Y","2014-06-24",5102,"2014-03-07",1237,"4039","5102","5","4","0","0",,"0","003","-","N",,0,0,,,0,,,,"Y",2,"A","-",21802,"A","N","A","H","-","A","D","0","Y","D","22",0,0,1,0,0,0,0,0,0,"-","-","YUBA CITY","SUTTER","CA",0,0
"6408335",-121.7538904,39.1487617,2014,"5100","5","5","3","03",0,1,"B",,,,"Y",,900,2,"D","C","A","ACACIA AV","MARSHALL ST",2270,"S","N","2014-07-08",9285,"2014-02-28",610,"017163",,"1","9","0","3",,"1","007","C","N",,0,0,,,0,,,,"Y",3,"A","-",22350,,"N","B","H","-","D","D","0","Y","A","01",0,1,0,0,0,0,0,0,0,"-","-","UNINCORPORATED","SUTTER","CA",-121.75397,39.14862
"6405305",0,0,2014,"5100","3","1","4","08",0,1,"A",,,,,,300,3,"E","I","A","RT 113","RT 99",0,,"Y","2016-07-06",9285,"2014-03-24",107,"019144",,"3","9","0","1",,"2","031","-","Y","SUT",3,113,"-","-",16.387,"I","5","N","Y",1,"A","-",22107,,"N","A","D","-","C","A","0","Y","D","22",0,0,1,0,0,0,0,0,0,"-","-","UNINCORPORATED","SUTTER","CA",-121.63181,39.00463
"6404536",-121.6307295,39.1416241,2014,"5102","0","4","4","09",0,1,"C",,,,,,2100,2,"D","C","A","RT 20","GRAY AV",0,,"Y","2015-11-10",5102,"2014-02-06",1804,"4081","5102","5","4","0","0",,"0","003","-","Y","SUT",3,20,"-","-",15.81,"I","5","E","N",2,"A","-",21453,"C","N","B","H","-","C","A","0","Y","A","08",0,0,1,0,0,0,0,0,0,"-","-","YUBA CITY","SUTTER","CA",0,0
"6404528",-121.6254301,39.138071,2014,"5102","0","2","4","03",0,1,"A",,,,,,1500,2,"C","C","A","CLARK AV","FORBES AV",75,"N","N","2014-06-13",5102,"2014-02-25",1457,"4083","5102","5","4","0","0",,"0","003","-","N",,0,0,,,0,,,,"N",2,"A","-",22350,,"N","A","H","-","A","A","0","Y","A","01",0,0,1,0,0,0,0,0,0,"-","-","YUBA CITY","SUTTER","CA",0,0
"6404524",-121.6381921,39.1463829,2014,"5102","0","4","4","09",0,1,"B",,,,,,1800,2,"D","C","A","BUTTE HOUSE RD","CIVIC CENTER BL",135,"E","N","2014-06-13",5102,"2014-02-27",1624,"448",,"5","4","0","0",,"0",,"-","N",,0,0,,,0,,,,"Y",2,"A","-",21804,"A","N","A","H","-","A","D","0","Y","A","01",0,0,1,0,0,0,0,0,0,"-","-","YUBA CITY","SUTTER","CA",0,0
"6404520",-121.6219244,39.1415108,2014,"5102","0","4","4","03",0,1,"A",,,,,,1800,2,"C","D","A","RT 20","LIVE OAK BL",200,"W","N","2015-11-10",5102,"2014-02-20",1521,"4079","5102","5","4","0","0",,"0","003","-","Y","SUT",3,20,"-","-",16.29,"H","-","W","N",2,"A","-",22350,,"N","A","H","-","A","D","0","Y","A","08",0,0,1,0,0,0,0,0,0,"-","-","YUBA CITY","SUTTER","CA",0,0
"6404516",-121.644009,39.1461451,2014,"5102","0","7","3","05",0,1,"B",,"Y",,,,1800,2,"E","I","A","STABLER LN","POOLE BL",528,"N","N","2014-06-12",5102,"2014-02-09",1618,"4073","5102","5","4","0","0",,"0","002","C","N",,0,0,,,0,,,,"N",1,"A","-",21650,"1","N","B","H","-","A","D","0","Y","L","04",0,1,0,0,0,0,1,0,0,"-","-","YUBA CITY","SUTTER","CA",0,0
"6402748",-121.6437032,39.1050851,2014,"5102","0","7","4","03",0,1,"B",,,,,,1500,3,"C","C","A","SOUTH WALTON AV","AUGUSTA LN",0,,"Y","2015-08-12",5102,"2014-03-02",1227,"DEPUTY","5100","5","4","0","0",,"0","007","-","N",,0,0,,,0,,,,"Y",2,"A","-",22350,,"N","A","H","-","A","D","0","Y","D","22",0,0,1,0,0,0,0,0,0,"-","-","YUBA CITY","SUTTER","CA",0,0
"6386882",0,0,2014,"5102","0","7","3","08",0,1,"A",,,,,"Y",2100,1,"G","E","A","MOSSBURG LOOP","W MOSSBURG LOOP",20,"N","N","2015-01-08",5102,"2014-01-19",1835,"4085","5102","5","4","0","0",,"0","005","-","N",,0,0,,,0,,,,"Y",2,"A","-",22107,,"N","A","H","-","C","D","0","Y","A","01",0,1,0,0,0,0,0,0,0,"-","-","YUBA CITY","SUTTER","CA",0,0
"6386653",-121.6715632,39.1359151,2014,"5102","0","5","4","03",0,3,"A",,,,,,1800,1,"C","C","A","GEORGE WASHINGTON BL","LYNNWOOD DR",0,,"Y","2014-06-03",5102,"2014-01-31",1628,"4074",,"5","4","0","0",,"0","001","-","N",,0,0,,,0,,,,,2,"A","-",22350,,"N","A","H","-","A","D","0","Y","A","01",0,0,3,0,0,0,0,0,0,"-","-","YUBA CITY","SUTTER","CA",0,0
"6386620",-121.6344698,39.1324901,2014,"5102","0","7","2","00",0,1,"B",,"Y",,,,900,2,"D","G","A","RT 99","BRIDGE ST",3,"N","N","2016-02-24",5102,"2014-02-02",645,"4067","5102","5","4","0","0",,"0","004","-","Y","SUT",3,99,"-","-",30.04,"H","-","N",,2,"D","-",0,,"F","A","H","-","B","A","0","Y","-","-",1,0,0,0,0,0,1,0,0,"-","-","YUBA CITY","SUTTER","CA",0,0
"6386616",-121.6345019,39.1294231,2014,"5102","0","7","4","03",0,1,"A",,,,,,2100,2,"C","C","A","RT 99","FRANKLIN RD",250,"N","N","2015-11-14",5102,"2014-02-02",1947,"4045",,"5","4","0","0",,"0","001","-","Y","SUT",3,99,"-","-",29.79,"H","-","S","Y",2,"A","-",22350,,"N","A","H","-","C","A","0","Y","A","01",0,0,1,0,0,0,0,0,0,"-","-","YUBA CITY","SUTTER","CA",0,0
"6386612",-121.6227596,39.1327392,2014,"5102","0","1","4","07",0,3,"A",,,,,,1800,2,"C","C","A","BRIDGE ST","COOPER AV",180,"E","N","2014-06-17",5102,"2014-02-03",1615,"4034","5102","5","4","0","0",,"0","004","-","N",,0,0,,,0,,,,"Y",2,"A","-",21658,"A","N","A","H","-","A","A","0","Y","A","01",0,0,3,0,0,0,0,0,0,"-","-","YUBA CITY","SUTTER","CA",0,0
"6386608",-121.6555294,39.1415546,2014,"5102","0","1","4","12",0,1,"A",,,,,,2100,2,"D","C","A","RT 20","HARTER PKWY",0,,"Y","2015-11-10",5102,"2014-02-03",1852,"4060","5102","5","4","0","0",,"0","001","-","Y","SUT",3,20,"-","-",14.47,"I","5","W","Y",2,"A","-",21453,"A","N","A","H","-","C","A","0","Y","A","07",0,0,1,0,0,0,0,0,0,"-","-","YUBA CITY","SUTTER","CA",0,0
"6386604",-121.6301832,39.1397351,2014,"5102","0","6","3","12",0,2,"A",,,,,,1500,2,"A","C","A","GRAY AV","LOUISE AV",0,,"Y","2014-06-17",5102,"2014-02-01",1237,"4038","5102","5","4","0","0",,"0","004","-","N",,0,0,,,0,,,,"Y",2,"A","-",21453,"A","N","A","H","-","A","A","0","Y","A","01",0,2,0,0,0,0,0,0,0,"-","-","YUBA CITY","SUTTER","CA",0,0
"6386600",-121.6054122,39.1344921,2014,"5102","0","2","4","03",0,2,"A",,,,,,2400,2,"C","C","A","2ND ST","C ST",296,"S","N","2014-06-17",5102,"2014-02-11",2249,"4085","SUTTE","5","4","0","0",,"0","004","-","N",,0,0,,,0,,,,"Y",2,"A","-",22350,,"N","A","H","-","C","D","0","Y","A","01",0,0,2,0,0,0,0,0,0,"-","-","YUBA CITY","SUTTER","CA",0,0
"6385332",-121.6347685,39.0404163,2014,"5100","3","2","4","03",0,1,"E",,,,,,900,2,"C","C","A","RT 99","HUTCHINSON RD",0,,"Y","2015-11-14",9285,"2014-02-11",654,"014401",,"1","9","0","1",,"1","051","-","Y","SUT",3,99,"-","-",23.6,"I","5","S","Y",2,"A","-",22350,,"N","B","H","-","B","D","0","Y","A","01",0,0,1,0,0,0,0,0,0,"-","-","UNINCORPORATED","SUTTER","CA",-121.63487,39.03962
"6385328",-121.7551799,38.9554387,2014,"5100","5","1","3","08",0,1,"A",,,,,,600,2,"F","A","A","RECLAMATION RD","PELGER RD",1056,"N","N","2014-06-16",9285,"2014-02-03",500,"018475",,"3","9","0","3",,"1","003","-","N",,0,0,,,0,,,,"Y",1,"A","-",22107,,"N","A","H","-","D","A","0","Y","A","01",0,1,0,0,0,0,0,0,0,"-","-","UNINCORPORATED","SUTTER","CA",-121.75538,38.95561