"CASEID","POINT_X","POINT_Y","YEAR_","LOCATION","CHPTYPE","DAYWEEK","CRASHSEV","VIOLCAT","KILLED","INJURED","WEATHER1","PEDCOL","BICCOL","MCCOL","TRUCKCOL","ETOH","TIMECAT","MONTH_","CRASHTYP","INVOLVE","PED","PRIMARYRD","SECONDRD","DISTANCE","DIRECT","INTERSECT_","PROCDATE","JURIS","DATE_","TIME_","BADGE","JURIDIST","SHIFT","POP","SPECIAL","BEATTYPE","LAPDDIV","BEATCLAS","BEATNUMB","WEATHER2","STATEHW","CALTRANC","CALTRAND","STROUTE","ROUTESUF","POSTPRE","POSTMILE","LOCATYPE","RAMP","SIDEHW","TOWAWAY","PARTIES","PCF","VIOLCODE","VIOL","VIOLSUB","HITRUN","ROADSURF","RDCOND1","RDCOND2","LIGHTING","RIGHTWAY","CHPRDTYP","NOTPRIV","STFAULT","CHPFAULT","SEVINJ","OTHERINJ","COP","PEDKILL","PEDINJ","BICKILL","BICINJ","MCKILL","MCINJURE","RAMP1","RAMP2","CITY","COUNTY","STATE","X_CHP","Y_CHP"
"6385324",-121.5439025,38.8181489,2014,"5100","3","7","2","01",0,2,"A",,,,,"Y",1800,2,"F","A","A","RT 99","HOWSLEY RD",1056,"S","N","2015-11-14",9285,"2014-02-02",1710,"014793",,"2","9","0","1",,"1","011","-","Y","SUT",3,99,"-","-",5.61,"H","-","S","Y",1,"A","-",23152,"A","N","A","H","-","B","D","5","Y","A","01",2,0,0,0,0,0,0,0,0,"-","-","UNINCORPORATED","SUTTER","CA",-121.54415,38.80298
"6385320",-121.6346214,39.1194895,2014,"5100","3","2","4","03",0,2,"B",,,,,,900,2,"A","C","A","RT 99","RICHLAND RD",400,"N","N","2015-11-14",9285,"2014-02-11",750,"013966",,"1","9","0","1",,"1","051","E","Y","SUT",3,99,"-","-",29.12,"H","-","S","N",2,"A","-",22350,,"N","B","H","-","A","A","0","Y","A","07",0,0,2,0,0,0,0,0,0,"-","-","UNINCORPORATED","SUTTER","CA",-121.63452,39.11887
"6385169",-121.6721056,38.9687856,2014,"5100","3","7","3","01",0,1,"A",,,,,"Y",600,1,"F","I","A","RT 113","EVERGLADE RD",4600,"S","N","2016-02-22",9285,"2014-01-26",414,"18981",,"3","9","0","1",,"2","031","-","Y","SUT",3,113,"-","-",11.93,"H","-","N","Y",1,"A","-",23152,"A","N","A","H","-","D","D","0","Y","A","01",0,1,0,0,0,0,0,0,0,"-","-","UNINCORPORATED","SUTTER","CA",-121.67161,38.96885
"6382325",-121.6438831,39.1106851,2014,"5102","0","3","3","08",0,2,"B",,,,,,1200,1,"D","C","A","SOUTH WALTON AV","WEST JOSEPH ST",0,,"Y","2014-06-06",5102,"2014-01-29",1058,"5097","5400","5","4","0","0",,"0","007","C","N",,0,0,,,0,,,,"Y",2,"A","-",22100,"B","N","B","H","-","A","A","0","Y","A","01",0,1,1,0,0,0,0,0,0,"-","-","YUBA CITY","SUTTER","CA",0,0
"6381921",-121.610389,39.1371024,2014,"5102","0","3","4","05",0,1,"B",,"Y",,,,1800,2,"D","G","A","BRIDGE ST","BOYD ST",235,"E","N","2014-06-16",5102,"2014-02-12",1704,"4081","5102","5","4","0","0",,"0","004","-","N",,0,0,,,0,,,,"N",2,"A","-",21650,"1","N","A","H","-","A","D","0","Y","L","04",0,0,1,0,0,0,1,0,0,"-","-","YUBA CITY","SUTTER","CA",0,0
"6381838",-121.6229499,39.1305547,2014,"5102","0","2","4","21",0,1,"A",,,,,,1500,2,"B","C","A","B ST","COOPER AV",100,"E","N","2014-06-16",5102,"2014-02-11",1329,"4083","5102","5","4","0","0",,"0","003","-","N",,0,0,,,0,,,,"N",2,"A","-",22106,,"N","A","H","-","A","D","0","Y","A","01",0,0,1,0,0,0,0,0,0,"-","-","YUBA CITY","SUTTER","CA",0,0
"6381834",-121.6345897,39.1376407,2014,"5102","0","5","4","04",0,1,"B",,,"Y",,,1800,2,"C","C","A","RT 99","SUNSWEET BL",500,"N","N","2015-11-14",5102,"2014-02-14",1739,"4081","5102","5","4","0","0",,"0","002","-","Y","SUT",3,99,"-","-",30.34,"H","-","S","N",2,"A","-",21703,,"N","A","H","-","A","D","0","Y","A","01",0,0,1,0,0,0,0,0,1,"-","-","YUBA CITY","SUTTER","CA",0,0
"6381830",-121.6392029,39.1416757,2014,"5102","0","4","4","03",0,1,"A",,,,,,1200,2,"D","C","A","RT 20","CIVIC CENTER DR",0,,"Y","2015-11-10",5102,"2014-02-13",1104,"4083","5102","5","4","0","0",,"0","002","-","Y","SUT",3,20,"-","R",15.354,"I","5","E","N",2,"A","-",22350,,"N","A","H","-","A","A","0","Y","A","01",0,0,1,0,0,0,0,0,0,"-","-","YUBA CITY","SUTTER","CA",0,0
"6381730",-121.6046707,39.1324334,2014,"5102","0","5","4","03",0,4,"A",,,,,,1200,1,"C","C","A","GARDEN HWY","2ND ST",126,"S","N","2014-06-07",5102,"2014-01-24",944,"4054","SUTTE","5","4","0","0",,"0","004","-","N",,0,0,,,0,,,,"N",3,"A","-",22350,,"N","A","H","-","A","A","0","Y","D","22",0,0,4,0,0,0,0,0,0,"-","-","YUBA CITY","SUTTER","CA",0,0
"6381708",-121.6303743,39.1453067,2014,"5102","0","5","4","08",0,1,"A",,,,,,600,1,"E","I","A","BUTTE HOUSE RD","GRAY AV",40,"W","N","2015-01-13",5102,"2014-01-31",551,"4088","5102","5","4","0","0",,"0","003","-","N",,0,0,,,0,,,,"Y",1,"A","-",22107,,"N","B","H","-","C","A","0","Y","A","01",0,0,1,0,0,0,0,0,0,"-","-","YUBA CITY","SUTTER","CA",0,0
"6379659",-121.6446837,39.1323151,2014,"5102","0","3","3","09",0,2,"C",,,,,,1800,1,"D","C","A","BRIDGE ST","WALTON AV",210,"W","N","2014-06-03",5102,"2014-01-29",1528,"4090","5102","5","4","0","0",,"0","001","-","N",,0,0,,,0,,,,"Y",2,"A","-",21804,"A","N","B","H","-","A","D","0","Y","A","08",0,1,1,0,0,0,0,0,0,"-","-","YUBA CITY","SUTTER","CA",0,0
"6378341",-121.6793433,39.232455,2014,"5100","5","1","3","12",0,1,"A",,,,,,2100,2,"E","I","A","BROADWAY","CLARK RD",0,,"Y","2014-06-13",9285,"2014-02-03",2020,"18107",,"2","9","0","3",,"1","007","-","N",,0,0,,,0,,,,"Y",1,"A","-",22450,"A","N","A","H","-","D","A","0","Y","A","01",0,1,0,0,0,0,0,0,0,"-","-","UNINCORPORATED","SUTTER","CA",-121.65873,39.23252
"6378337",-121.6133285,39.0623563,2014,"5100","4","1","4","03",0,1,"A",,,,,,900,2,"C","C","A","GARDEN HWY","OSWALD RD",1056,"S","N","2015-08-12",9285,"2014-02-03",647,"14401",,"1","9","0","2",,"1","052","-","N",,0,0,,,0,,,,"Y",2,"A","-",22350,,"N","A","H","-","B","D","0","Y","A","01",0,0,1,0,0,0,0,0,0,"-","-","UNINCORPORATED","SUTTER","CA",-121.61317,39.06188
"6378252",-121.6344832,39.1310652,2014,"5102","0","1","4","03",0,2,"A",,,,,,1800,2,"C","C","A","RT 99","BRIDGE ST",450,"S","N","2015-11-14",5102,"2014-02-03",1524,"4034","5102","5","4","0","0",,"0","004","-","Y","SUT",3,99,"-","-",29.94,"H","-","N","Y",2,"A","-",22350,,"N","A","H","-","A","A","0","Y","A","01",0,0,2,0,0,0,0,0,0,"-","-","YUBA CITY","SUTTER","CA",0,0
"6377631",-121.6346232,39.1416952,2014,"5102","0","7","4","03",0,2,"A",,,,,,1200,1,"C","C","A","RT 20","RT 99",50,"E","N","2015-11-14",5102,"2014-01-19",1019,"4045","5102","5","4","0","0",,"0","001","-","Y","SUT",3,20,"-","-",15.6,"H","-","E","N",2,"A","-",22350,,"N","A","H","-","A","A","0","Y","A","01",0,0,2,0,0,0,0,0,0,"-","-","YUBA CITY","SUTTER","CA",0,0
"6377249",-121.6331632,39.0690999,2014,"5100","3","2","4","09",0,2,"A",,,,,,1500,2,"D","C","A","RT 99","OSWALD RD",0,,"Y","2015-11-14",9285,"2014-02-18",1335,"18632",,"1","9","0","1",,"1","051","-","Y","SUT",3,99,"-","-",25.62,"I","5","N","Y",2,"A","-",21802,"A","N","A","H","-","A","D","0","Y","A","01",0,0,2,0,0,0,0,0,0,"-","-","UNINCORPORATED","SUTTER","CA",-121.63345,39.06899
"6373309",-121.6075532,39.138095,2014,"5102","0","7","3","09",0,3,"A",,,,,,1500,1,"D","C","A","2ND ST","BRIDGE ST",0,,"Y","2014-06-06",5102,"2014-01-19",1420,"4073","5102","5","4","0","0",,"0","004","-","N",,0,0,,,0,,,,"N",2,"A","-",21801,"A","N","A","H","-","A","D","0","Y","-",,0,2,1,0,0,0,0,0,0,"-","-","YUBA CITY","SUTTER","CA",0,0
"6373305",-121.6241684,39.1414994,2014,"5102","0","3","4","11",0,1,"A","Y",,,,"Y",2100,1,"G","B","D","COLUSA HWY","ORANGE ST",160,"W","N","2015-11-10",5102,"2014-01-08",1912,"4088","5102","5","4","0","0",,"0","003","-","Y","SUT",3,20,"-","-",16.165,"I","5","E","N",2,"A","-",21954,"A","N","A","H","-","C","D","0","Y","N","60",0,0,1,0,1,0,0,0,0,"-","-","YUBA CITY","SUTTER","CA",0,0
"6373301",-121.6302032,39.157768,2014,"5102","0","6","4","08",0,2,"A",,,,,,1500,1,"D","C","A","GRAY AV","ROSEWOOD AV",21,"S","N","2014-06-06",5102,"2014-01-25",1233,"4039","5102","5","4","0","0",,"0","003","-","N",,0,0,,,0,,,,"Y",2,"A","-",22107,,"N","A","H","-","A","D","0","Y","A","07",0,0,2,0,0,0,0,0,0,"-","-","YUBA CITY","SUTTER","CA",0,0
"6373297",-121.6426643,39.1272741,2014,"5102","0","2","3","21",0,1,"A",,,,,,1800,1,"G","B","A","FRANKLIN RD","WALTON AV",360,"E","N","2014-06-06",5102,"2014-01-07",1739,"4058","SUTTE","5","4","0","0",,"0","002","-","N",,0,0,,,0,,,,"N",2,"A","-",22106,,"N","A","H","-","D","A","0","Y","A","01",0,1,0,0,0,0,0,0,0,"-","-","YUBA CITY","SUTTER","CA",0,0
"6373293",-121.6485239,39.1415143,2014,"5102","0","3","4","09",0,1,"A",,,,,,2100,1,"D","C","A","RT 20","THARP RD",0,,"Y","2015-11-10",5102,"2014-01-22",1844,"4081","5102","5","4","0","0",,"0","002","-","Y","SUT",3,20,"-","R",14.846,"I","5","E","N",2,"A","-",21453,"C","N","A","H","-","C","A","0","Y","A","07",0,0,1,0,0,0,0,0,0,"-","-","YUBA CITY","SUTTER","CA",0,0
"6373285",-121.6414983,39.1473303,2014,"5102","0","2","4","03",0,1,"A",,,,,,1800,1,"C","C","A","BUTTE HOUSE RD","DUSTIN DR",150,"W","N","2014-06-06",5102,"2014-01-14",1724,"4073","5102","5","4","0","0",,"0","002","-","N",,0,0,,,0,,,,"N",2,"A","-",22350,,"N","A","H","-","C","D","0","Y","-",,0,0,1,0,0,0,0,0,0,"-","-","YUBA CITY","SUTTER","CA",0,0
"6373281",-121.6304977,39.1453081,2014,"5102","0","5","4","07",0,1,"A",,,,,,1500,1,"B","C","A","BUTTE HOUSE RD","GRAY AV",75,"W","N","2014-06-06",5102,"2014-01-17",1408,"448","YCPD","5","4","0","0",,"0","003","-","N",,0,0,,,0,,,,"N",2,"A","-",21658,"A","N","A","H","-","A","D","0","Y","A","01",0,0,1,0,0,0,0,0,0,"-","-","YUBA CITY","SUTTER","CA",0,0
"6373277",-121.7148916,39.206585,2014,"5100","5","4","4","08",0,2,"B",,,,,,1500,1,"E","I","A","E BUTTE RD","SANDERS RD",1584,"N","N","2014-06-07",9285,"2014-01-30",1307,"017118",,"1","9","0","3",,"1","007","-","N",,0,0,,,0,,,,"N",1,"A","-",22107,,"N","A","H","-","A","D","0","Y","A","01",0,0,2,0,0,0,0,0,0,"-","-","UNINCORPORATED","SUTTER","CA",-121.71497,39.21281
"6370958",-121.6338132,39.1272451,2014,"5102","0","5","4","09",0,6,"A",,,,,,2100,1,"D","C","A","FRANKLIN AV","PALORA AV",0,,"Y","2014-06-23",5102,"2014-01-24",1800,"00001",,"5","4","0","0",,"0",,"-","N",,0,0,,,0,,,,"Y",2,"A","-",21802,"A","N","A","H","-","C","A","0","Y","A","01",0,0,6,0,0,0,0,0,0,"-","-","YUBA CITY","SUTTER","CA",-121.63319,39.12736
"6364059",-121.6283252,39.1416409,2014,"5102","0","4","4","09",0,4,"A",,,,,,1800,1,"D","C","A","RT 20","STAFFORD WY",0,,"Y","2015-11-14",5102,"2014-01-23",1607,"4079","5102","5","4","0","0",,"0","004","-","Y","SUT",3,20,"-","-",15.94,"I","5","E","Y",3,"A","-",21801,"A","N","A","H","-","A","D","0","Y","A","01",0,0,4,0,0,0,0,0,0,"-","-","YUBA CITY","SUTTER","CA",0,0
"6364055",-121.6160496,39.1369025,2014,"5102","0","4","4","01",0,1,"A",,,,,,1200,1,"C","C","A","PLUMAS ST","CENTER ST",30,"N","N","2014-06-10",5102,"2014-01-30",1055,"4039","5102","5","4","0","0",,"0","004","-","N",,0,0,,,0,,,,"Y",2,"A","-",23152,"E","N","A","H","-","A","A","0","Y","A","01",0,0,1,0,0,0,0,0,0,"-","-","YUBA CITY","SUTTER","CA",0,0
"6364047",-121.6167677,39.1291413,2014,"5102","0","2","3","07",0,1,"A","Y",,,,,1200,1,"B","E","F","FRANKLIN AV","PERCY AV",150,"W","N","2014-06-10",5102,"2014-01-28",1146,"4034","5102","5","4","0","0",,"0","004","-","N",,0,0,,,0,,,,"N",3,"A","-",21658,"A","N","A","H","-","A","D","0","Y","A","01",0,1,0,0,1,0,0,0,0,"-","-","YUBA CITY","SUTTER","CA",0,0
"6358082",-121.6209474,39.1412953,2014,"5102","0","4","4","03",0,1,"A",,,,,,1200,1,"C","C","A","RT 20","OLIVE ST",38,"E","N","2015-11-10",5102,"2014-01-16",1132,"4079","5102","5","4","0","0",,"0","003","-","Y","SUT",3,20,"-","-",16.34,"H","-","E","N",2,"A","-",22350,,"N","A","H","-","A","D","0","Y","D","22",0,0,1,0,0,0,0,0,0,"-","-","YUBA CITY","SUTTER","CA",0,0
"6357590",-121.6241181,39.0033675,2014,"5100","3","3","4","08",0,2,"A",,,,,,1500,1,"F","I","A","RT 99","RT 113",400,"S","N","2015-11-14",9285,"2014-01-22",1232,"017118",,"1","9","0","1",,"1","051","-","Y","SUT",3,99,"-","R",20.46,"H","-","S","Y",1,"A","-",22107,,"N","A","H","-","A","D","0","Y","A","01",0,0,2,0,0,0,0,0,0,"-","-","UNINCORPORATED","SUTTER","CA",-121.63254,38.9901
"6356798",-121.7264132,39.127525,2014,"5100","5","2","3","05",0,1,"A",,,,,,900,1,"D","C","A","FRANKLIN AV","HUMPHREY RD",0,,"Y","2014-06-09",9285,"2014-01-21",755,"014878",,"1","9","0","3",,"1","005","-","N",,0,0,,,0,,,,"Y",2,"A","-",21460,"C","N","A","H","-","A","A","0","Y","A","01",0,1,0,0,0,0,0,0,0,"-","-","UNINCORPORATED","SUTTER","CA",-121.72629,39.12742
"6356770",-121.9378832,39.1872937,2014,"5100","5","6","2","01",0,1,"A",,,,,"Y",2400,1,"E","I","A","PASS RD","MARTY RD",870,"W","N","2014-06-05",9285,"2014-01-25",2115,"18981",,"2","9","0","3",,"1","007","-","N",,0,0,,,0,,,,"Y",1,"A","-",23152,"A","N","A","H","-","D","D","0","Y","D","22",1,0,0,0,0,0,0,0,0,"-","-","UNINCORPORATED","SUTTER","CA",-121.93873,39.18724
"6351965",-121.6346382,39.1132724,2014,"5100","3","6","4","03",0,1,"A",,,,,,1200,1,"C","C","A","RT 99","LINCOLN RD",60,"N","N","2015-11-14",9285,"2014-01-04",930,"18286",,"1","9","0","1",,"1","051","-","Y","SUT",3,99,"-","-",28.69,"H","-","S","N",2,"A","-",22350,,"N","A","H","-","A","A","0","Y","A","01",0,0,1,0,0,0,0,0,0,"-","-","UNINCORPORATED","SUTTER","CA",-121.63469,39.11313
"6351962",-121.5406547,38.7498044,2014,"5100","3","7","4","12",0,1,"A",,,,,,1200,1,"D","C","A","RT 99","RIEGO RD",0,,"Y","2015-11-14",9285,"2014-01-19",938,"17118",,"1","9","0","1",,"1","011","-","Y","SUT",3,99,"-","-",0.95,"I","5","S","Y",2,"A","-",21453,"A","N","A","H","-","A","A","5","Y","A","01",0,0,1,0,0,0,0,0,0,"-","-","UNINCORPORATED","SUTTER","CA",-121.54076,38.75045
"6340889",-121.5435932,38.8365302,2014,"5100","3","3","3","18",0,3,"A",,,,,,1500,1,"H","H","A","RT 99","CATLETT RD",1200,"S","N","2015-11-14",9285,"2014-01-01",1305,"16290",,"1","9","0","1",,"1","011","-","Y","SUT",3,99,"-","-",6.85,"H","-","N","Y",1,"C","-",0,,"N","A","H","-","A","D","5","Y","-","-",0,3,0,0,0,0,0,0,0,"-","-","UNINCORPORATED","SUTTER","CA",-121.54377,38.83444
"6337560",-121.8202598,39.1495688,2014,"5100","3","7","4","01",0,2,"A",,,,,"Y",300,1,"B","C","A","RT 20","WEST BUTTE RD",2640,"E","N","2015-11-10",9285,"2014-01-12",5,"19168",,"3","9","0","1",,"1","072","-","Y","SUT",3,20,"-","-",5.51,"H","-","E","Y",2,"A","-",23152,"A","N","A","H","-","D","D","0","Y","A","07",0,0,2,0,0,0,0,0,0,"-","-","UNINCORPORATED","SUTTER","CA",-121.81759,39.14998
"6337513",-121.6392535,39.1322739,2014,"5102","0","2","4","09",0,1,"B",,"Y",,,,1800,1,"D","G","A","JOY WY","BRIDGE ST",15,"S","N","2014-06-06",5102,"2014-01-07",1531,"4079","5102","5","4","0","0",,"0","002","-","N",,0,0,,,0,,,,"N",2,"A","-",21801,"A","N","A","H","-","A","D","0","Y","A","01",0,0,1,0,0,0,1,0,0,"-","-","YUBA CITY","SUTTER","CA",0,0
"6337501",-121.6454866,39.1484643,2014,"5102","0","4","3","01",0,1,"A",,,"Y",,"Y",1800,1,"B","C","A","BUTTE HOUSE RD","STABLER LN",445,"W","N","2014-06-06",5102,"2014-01-09",1724,"4079","5102","5","4","0","0",,"0","001","-","N",,0,0,,,0,,,,,2,"A","-",23152,"B","N","A","H","-","C","D","0","Y","C","02",0,1,0,0,0,0,0,0,1,"-","-","YUBA CITY","SUTTER","CA",0,0
"6337497",-121.6345262,39.1355114,2014,"5102","0","7","3","09",0,3,"A",,,,,,1800,1,"D","C","A","RT 99","SUNSWEET BL",0,,"Y","2015-11-14",5102,"2014-01-12",1557,"4034","5102","5","4","0","0",,"0","002","-","Y","SUT",3,99,"-","-",30.25,"I","5","N","Y",2,"A","-",21453,"C","N","A","H","-","A","A","0","Y","A","01",0,2,1,0,0,0,0,0,0,"-","-","YUBA CITY","SUTTER","CA",0,0
"6337493",-121.6446699,39.1482445,2014,"5102","0","6","2","05",0,1,"A",,,,,,2400,1,"F","J","A","BUTTE HOUSE RD","STABLER LN",200,"W","N","2014-06-06",5102,"2014-01-11",2311,"4088","5102","5","4","0","0",,"0","002","-","N",,0,0,,,0,,,,"Y",1,"A","-",21650,,"N","B","H","-","C","D","0","Y","A","01",1,0,0,0,0,0,0,0,0,"-","-","YUBA CITY","SUTTER","CA",0,0
"6337489",-121.6091333,39.1433288,2014,"5102","0","4","3","08",0,1,"A",,,,,,1800,1,"E","I","A","RT 20","SHASTA ST",600,"E","N","2015-11-10",5102,"2014-01-09",1602,"4016","5102","5","4","0","0",,"0","003","-","Y","SUT",3,20,"-","-",16.97,"H","-","W","N",1,"A","-",22107,,"N","A","H","-","A","D","0","Y","A","01",0,1,0,0,0,0,0,0,0,"-","-","YUBA CITY","SUTTER","CA",0,0
"6335086",-121.6440232,39.1417852,2014,"5102","0","4","4","03",0,1,"A",,,,,,1800,1,"C","C","A","STABLER LN","RT 20",75,"N","N","2015-11-10",5102,"2014-01-09",1648,"4016","5102","5","4","0","0",,"0","002","-","Y","SUT",3,20,"-","R",15.094,"I","6","W","Y",3,"A","-",22350,,"N","A","H","-","A","D","0","Y","D","22",0,0,1,0,0,0,0,0,0,"-","-","YUBA CITY","SUTTER","CA",0,0
"6335082",-121.6181025,39.1344208,2014,"5102","0","2","4","13",0,1,"A",,,,,,900,1,"D","C","A","BRIDGE ST","BENNETT WY",150,"W","N","2014-06-02",5102,"2014-01-14",652,"4034","5102","5","4","0","0",,"0","004","-","N",,0,0,,,0,,,,"Y",3,"A","-",22500,"E","N","A","H","-","C","D","0","Y","D","22",0,0,1,0,0,0,0,0,0,"-","-","YUBA CITY","SUTTER","CA",0,0
"6333510",-121.4882977,38.7716952,2014,"5100","5","3","4","03",0,1,"A",,,,,,1800,1,"C","C","A","PLEASANT GROVE RD","SANKEY RD",3168,"S","N","2014-06-11",9285,"2014-01-15",1540,"014878",,"2","9","0","3",,"1","001","-","N",,0,0,,,0,,,,"Y",2,"A","-",22350,,"N","A","H","-","A","D","0","Y","D","22",0,0,1,0,0,0,0,0,0,"-","-","UNINCORPORATED","SUTTER","CA",-121.48822,38.772
"6333101",-121.6335917,39.0045169,2014,"5100","3","2","4","03",0,3,"A",,,,,,1800,1,"C","C","A","RT 113","RT 99",131,"S","N","2016-02-22",9285,"2014-01-07",1729,"016343",,"2","9","0","1",,"2","031","-","Y","SUT",3,113,"-","-",16.36,"H","-","N","Y",3,"A","-",22350,,"N","A","H","-","D","A","0","Y","D","22",0,0,3,0,0,0,0,0,0,"-","-","UNINCORPORATED","SUTTER","CA",-121.63342,39.00337
"6333097",-121.6346053,39.1215547,2014,"5100","3","1","4","09",0,2,"A",,,,,,2100,1,"D","C","A","RT 99","HUNN RD",0,,"Y","2015-11-14",9285,"2014-01-06",2040,"018981",,"2","9","0","1",,"1","051","-","Y","SUT",3,99,"-","-",29.28,"I","5","N","Y",2,"A","-",21801,"A","N","A","H","-","C","D","0","Y","A","01",0,0,2,0,0,0,0,0,0,"-","-","UNINCORPORATED","SUTTER","CA",-121.63447,39.12184
"6328056",-121.6206932,39.149505,2014,"5102","0","4","3","05",0,1,"A",,"Y",,,,1800,1,"D","G","A","LIVE OAK BL","ALEMAR WY",0,,"Y","2014-06-02",5102,"2014-01-02",1653,"4087","5102","5","4","0","0",,"0","003","-","N",,0,0,,,0,,,,"N",2,"A","-",21650,"1","N","A","H","-","A","D","0","Y","L","04",0,1,0,0,0,0,1,0,0,"-","-","YUBA CITY","SUTTER","CA",0,0
"6328052",-121.6060532,39.1305151,2014,"5102","0","4","3","12",0,2,"A",,,,,,2100,1,"D","C","A","GARDEN HWY","FRANKLIN RD",0,,"Y","2014-06-02",5102,"2014-01-02",1849,"4081","5102","5","4","0","0",,"0","005","-","N",,0,0,,,0,,,,"Y",2,"A","-",21453,"A","N","A","H","-","C","A","0","Y","A","08",0,1,1,0,0,0,0,0,0,"-","-","YUBA CITY","SUTTER","CA",0,0
"6292101",-121.7042228,38.8795883,2014,"5100","3","5","1","06",1,0,"E",,,,,,900,9,"B","C","A","RT 113","SEYMOUR RD",103,"N","N","2016-01-08",9285,"2014-09-26",629,"14825",,"1","9","0","1",,"2","031","-","Y","SUT",3,113,"-","-",5.56,"H","-","S","Y",2,"A","-",21751,,"N","B","H","-","D","D","0","Y","A","01",0,0,0,0,0,0,0,0,0,"-","-","UNINCORPORATED","SUTTER","CA",-121.70416,38.8801
"6291968",-121.634799,39.026098,2014,"5100","3","2","1","01",1,3,"A",,,,,"Y",1800,2,"D","C","A","RT 99","OBANION RD",0,,"Y","2015-12-28",9285,"2014-02-18",1605,"16343",,"2","9","0","1",,"1","051","-","Y","SUT",3,99,"-","-",22.6,"I","5","S","Y",2,"A","-",23152,"A","N","A","H","-","A","A","0","Y","A","07",0,1,2,0,0,0,0,0,0,"-","-","UNINCORPORATED","SUTTER","CA",-121.6348,39.02538
"6291429",-121.6261074,39.1415741,2014,"5102","0","7","1","11",1,0,"A","Y",,,,,2400,8,"G","B","B","RT 20","CLARK AV",9,"E","N","2015-02-11",5102,"2014-08-24",2144,"4045",,"5","4","0","0",,"0","001","-","Y","SUT",3,20,"-","-",16.06,"I","5","E","Y",2,"A","-",21456,"B","N","A","H","-","C","A","0","Y","N","60",0,0,0,1,0,0,0,0,0,"-","-","YUBA CITY","SUTTER","CA",0,0
"6290592",-121.6410338,39.2195271,2014,"5100","3","1","1","09",1,1,"B",,,,,,1500,3,"D","C","A","RT 99","KENT AV",640,"S","N","2015-12-21",9285,"2014-03-03",1200,"13966",,"1","9","0","1",,"1","071","C","Y","SUT",3,99,"-","T",36.07,"H","-","N","Y",2,"A","-",21804,"A","N","B","H","-","A","D","1","Y","D","22",0,1,0,0,0,0,0,0,0,"-","-","UNINCORPORATED","SUTTER","CA",-121.64096,39.21933
"6290590",-121.6463181,39.2340055,2014,"5100","3","7","1","11",1,0,"A","Y",,,,,2100,2,"G","B","D","RT 99","CLARK RD",290,"N","N","2014-06-02",9285,"2014-02-02",1820,"18475",,"2","9","0","1",,"1","071","-","Y","SUT",3,99,"-","-",37.22,"H","-","N","N",2,"A","-",21954,"A","N","A","H","-","D","D","1","Y","N","60",0,0,0,1,0,0,0,0,0,"-","-","UNINCORPORATED","SUTTER","CA",-121.64621,39.23397
"6290180",-121.5978377,38.9108538,2014,"5100","3","1","1","05",1,2,"A",,,,"Y",,900,1,"B","C","A","RT 99","SACRAMENTO AV",3274,"S","N","2015-12-21",9285,"2014-01-13",815,"14401",,"1","9","0","1",,"1","011","-","Y","SUT",3,99,"-","-",13.07,"H","-","S","Y",2,"A","-",21460,"A","N","A","D","H","A","D","0","Y","E","22",1,1,0,0,0,0,0,0,0,"-","-","UNINCORPORATED","SUTTER","CA",-121.59665,38.9101
"6290155",-121.6744095,39.1414711,2014,"5102","0","6","1","11",1,0,"B","Y",,,,"Y",600,3,"G","B","E","RT 20","WESTERN PKWY",2000,"E","N","2014-03-17",5102,"2014-03-01",530,"T9008","SUTTE","5","4","0","0",,"0","001","-","Y","SUT",3,20,"-","-",13.45,"H","-","W","N",2,"A","-",21956,,"N","B","H","-","D","D","0","Y","N","60",0,0,0,1,0,0,0,0,0,"-","-","YUBA CITY","SUTTER","CA",0,0
"6290125",0,0,2014,"5100","5","5","1","03",1,0,"A",,,,,"Y",2500,1,"E","I","A","DEL MONTE AV","KNIGHTS RD",30,"W","N","2015-12-16",9285,"2014-01-03",2500,"17118",,"4","9","0","3",,"1","001","-","N",,0,0,,,0,,,,"Y",1,"A","-",22350,,"N","A","H","-","D","D","0","Y","D","22",0,0,0,0,0,0,0,0,0,"-","-","UNINCORPORATED","SUTTER","CA",-121.71847,38.86975
"6290051",-121.6302222,39.1426711,2014,"5102","0","4","1","10",1,0,"B","Y",,,,,2100,1,"G","B","D","GRAY AV","PLAZA WY",169,"S","N","2014-03-04",5102,"2014-01-30",1904,"4090","5102","5","4","0","0",,"0","003","-","N",,0,0,,,0,,,,"N",2,"A","-",21954,"B","F","A","H","-","C","D","0","Y","A","08",0,0,0,1,0,0,0,0,0,"-","-","YUBA CITY","SUTTER","CA",0,0