"CASEID","POINT_X","POINT_Y","YEAR_","LOCATION","CHPTYPE","DAYWEEK","CRASHSEV","VIOLCAT","KILLED","INJURED","WEATHER1","PEDCOL","BICCOL","MCCOL","TRUCKCOL","ETOH","TIMECAT","MONTH_","CRASHTYP","INVOLVE","PED","PRIMARYRD","SECONDRD","DISTANCE","DIRECT","INTERSECT_","PROCDATE","JURIS","DATE_","TIME_","BADGE","JURIDIST","SHIFT","POP","SPECIAL","BEATTYPE","LAPDDIV","BEATCLAS","BEATNUMB","WEATHER2","STATEHW","CALTRANC","CALTRAND","STROUTE","ROUTESUF","POSTPRE","POSTMILE","LOCATYPE","RAMP","SIDEHW","TOWAWAY","PARTIES","PCF","VIOLCODE","VIOL","VIOLSUB","HITRUN","ROADSURF","RDCOND1","RDCOND2","LIGHTING","RIGHTWAY","CHPRDTYP","NOTPRIV","STFAULT","CHPFAULT","SEVINJ","OTHERINJ","COP","PEDKILL","PEDINJ","BICKILL","BICINJ","MCKILL","MCINJURE","RAMP1","RAMP2","CITY","COUNTY","STATE","X_CHP","Y_CHP"
"90275351",0,0,2016,"5100","5","5","4","00",0,1,"A",,,,,,1800,9,"B","C","A","PLEASANT GROVE ROAD","RIEGO ROAD",700,"S","N","2016-09-26",9285,"2016-09-16",1620,"014793",,"2","9","0","3",,"1","001","-","N",,0,0,,,0,,,,"Y",2,"A","-",21750,"A","N","A","H","-","A","D","0","Y","A","07",0,0,1,0,0,0,0,0,0,"-","-","UNINCORPORATED","SUTTER","CA",-121.48437,38.74953
"90275957",-121.6065468,38.9176614,2016,"5100","3","4","4","08",0,1,"A",,,,,,1500,8,"E","I","A","SR-99","SACRAMENTO AVE.",480,"N","N","2016-09-26",9285,"2016-08-25",1427,"015976",,"2","9","0","1",,"1","011","-","Y",,0,0,,,0,,,,"Y",1,"A","-",22107,,"N","A","H","-","A","D","0","Y","A","01",0,0,1,0,0,0,0,0,0,"-","-","UNINCORPORATED","SUTTER","CA",-121.60664,38.91798
"90275983",-121.4881754,38.7512968,2016,"5100","5","1","4","03",0,3,"A",,,,,,1500,9,"C","C","A","RIEGO ROAD","PLEASANT GROVE RD",45,"E","N","2016-09-26",9285,"2016-09-19",1241,"013174",,"1","9","0","3",,"1","001","-","N",,0,0,,,0,,,,"Y",2,"A","-",22350,,"N","A","H","-","A","A","0","Y","A","07",0,0,3,0,0,0,0,0,0,"-","-","UNINCORPORATED","SUTTER","CA",-121.48771,38.75141
"90276004",-121.6873045,39.2348466,2016,"5100","5","2","4","08",0,1,"A",,,,,,1500,9,"F","A","A","TOWNSHIP ROAD","CLARK ROAD",900,"N","N","2016-09-26",9285,"2016-09-20",1230,"017900",,"1","9","0","3",,"1","007","-","N",,0,0,,,0,,,,"Y",1,"A","-",22107,,"N","A","H","-","A","A","0","Y","A","07",0,0,1,0,0,0,0,0,0,"-","-","UNINCORPORATED","SUTTER","CA",-121.68733,39.23869
"90276197",-121.6340159,39.0982926,2016,"5100","5","6","4","03",0,2,"A",,,,,,1200,9,"C","C","A","BOGUE ROAD","SR-99",110,"E","N","2016-09-26",9285,"2016-09-24",930,"014793",,"1","9","0","3",,"1","005","-","Y",,0,0,,,0,,,,"N",2,"A","-",22350,,"N","A","H","-","A","D","0","Y","D","22",0,0,2,0,0,0,0,0,0,"-","-","UNINCORPORATED","SUTTER","CA",-121.63393,39.0983
"90276206",0,0,2016,"5100","3","6","4","03",0,2,"A",,,,,,1200,9,"C","C","A","SR-99 S/B","HOWSLEY ROAD",2112,"S","N","2016-09-26",9285,"2016-09-24",1150,"014793",,"1","9","0","1",,"1","011","-","Y",,0,0,,,0,,,,"Y",2,"A","-",22350,,"N","A","H","-","A","D","0","Y","A","01",0,0,2,0,0,0,0,0,0,"-","-","UNINCORPORATED","SUTTER","CA",-121.54384,38.81311
"90276241",-121.4943732,38.7512151,2016,"5100","5","2","4","12",0,2,"A",,,,,,900,9,"D","C","A","RIEGO RD","NATOMAS RD",0,,"Y","2016-09-26",9285,"2016-09-20",843,"014401",,"1","9","0","3",,"1","001","-","N",,0,0,,,0,,,,"Y",2,"A","-",22450,"A","N","A","H","-","A","A","0","Y","A","01",0,0,2,0,0,0,0,0,0,"-","-","UNINCORPORATED","SUTTER","CA",-121.49438,39.7511
"90277242",0,0,2016,"5100","5","6","3","01",0,1,"A",,,,,"Y",2400,9,"E","I","A","EAGER RD","SR-99 N/B",96,"E","N","2016-09-27",9285,"2016-09-17",2125,"019760",,"2","9","0","3",,"1","007","-","Y",,0,0,,,0,,,,"Y",1,"A","-",23152,"B","M","A","H","-","C","D","0","Y","A","07",0,1,0,0,0,0,0,0,0,"-","-","UNINCORPORATED","SUTTER","CA",-121.63292,39.18993
"90278840",-121.7167603,38.8216281,2016,"5100","3","5","1","09",1,4,"A",,,,,,1800,8,"D","C","A","SR-113","LEISER RD",195,"N","N","2016-09-29",9285,"2016-08-12",1700,"015976",,"2","9","0","1",,"2","031","-","Y",,0,0,,,0,,,,"Y",2,"A","-",21801,"A","N","A","H","-","A","D","0","Y","A","01",1,0,3,0,0,0,0,0,0,"-","-","UNINCORPORATED","SUTTER","CA",-121.71658,38.82126
"90280921",-121.5436316,38.934896,2016,"5100","3","5","3","03",0,1,"A",,,,"Y",,900,9,"C","C","A","SR-70","BERRY ROAD",6864,"S","N","2016-09-30",9285,"2016-09-23",645,"014793",,"1","9","0","1",,"1","010","-","Y",,0,0,,,0,,,,"Y",2,"A","-",22350,,"N","A","H","-","A","D","0","Y","A","01",0,1,0,0,0,0,0,0,0,"-","-","UNINCORPORATED","SUTTER","CA",-121.54408,38.93313
"90282522",-121.5061249,38.7510089,2016,"5100","5","7","4","08",0,1,"A",,,,,,2100,9,"F","A","A","RIEGO RD","NATOMAS RD",3352,"W","N","2016-10-03",9285,"2016-09-25",1830,"019830",,"2","9","0","3",,"1","001","-","N",,0,0,,,0,,,,"Y",1,"A","-",22107,,"N","A","H","-","A","D","0","Y","A","01",0,0,1,0,0,0,0,0,0,"-","-","UNINCORPORATED","SUTTER","CA",-121.50635,38.75102
"90284111",-121.4875608,38.9700189,2016,"5100","5","4","3","03",0,1,"A","Y",,,,,2100,9,"G","B","E","PLEASANT GROVE RD","GALLAGHER RD",300,"N","N","2016-10-05",9285,"2016-09-22",1838,"018522",,"2","9","0","3",,"1","001","-","N",,0,0,,,0,,,,"N",2,"A","-",22350,,"F","A","H","-","A","D","0","Y","-","99",0,1,0,0,1,0,0,0,0,"-","-","UNINCORPORATED","SUTTER","CA",-121.48753,38.97014
"90285593",-121.5439531,38.837625,2016,"5100","3","5","3","09",0,2,"A",,,,,,1200,9,"D","C","A","SR-99","WEST CATLETT ROAD",0,,"Y","2016-10-06",9285,"2016-09-30",1015,"014793",,"1","9","0","1",,"1","011","-","Y",,0,0,,,0,,,,"Y",2,"A","-",21802,"A","N","A","H","-","A","A","0","Y","A","01",0,1,1,0,0,0,0,0,0,"-","-","UNINCORPORATED","SUTTER","CA",-121.54338,38.83798
"90289299",-121.7214202,39.2755885,2016,"5100","5","7","4","03",0,1,"C",,,,,,1200,10,"E","I","A","PENNINGTON RD","KREHE RD",1003,"E","N","2016-10-11",9285,"2016-10-02",1147,"014401",,"1","9","0","3",,"1","007","-","N",,0,0,,,0,,,,"Y",1,"A","-",22350,,"N","B","H","-","A","D","0","Y","A","01",0,0,1,0,0,0,0,0,0,"-","-","UNINCORPORATED","SUTTER","CA",-121.72147,39.2758
"90289367",0,0,2016,"5100","3","6","3","09",0,1,"A",,,,,,2400,9,"D","C","A","SR-99 S/B","SR-113",5280,"N","N","2016-10-11",9285,"2016-09-24",2250,"018522",,"3","9","0","1",,"1","051","-","Y",,0,0,,,0,,,,"Y",2,"A","-",21801,"A","N","A","H","-","D","D","0","Y","A","01",0,1,0,0,0,0,0,0,0,"-","-","UNINCORPORATED","SUTTER","CA",-121.63485,39.01641
"90289418",-121.6215807,39.0782479,2016,"5100","5","6","4","08",0,1,"A",,,,,,1500,10,"B","C","A","CAMINITO AVENUE","BARRY RD",540,"N","N","2016-10-11",9285,"2016-10-08",1425,"016343",,"2","9","0","3",,"1","005","-","N",,0,0,,,0,,,,"N",2,"A","-",22107,,"N","A","H","-","A","D","0","Y","I","11",0,0,1,0,0,0,0,0,0,"-","-","UNINCORPORATED","SUTTER","CA",-121.62142,39.07811
"90295664",-121.6712432,39.3015251,2016,"5100","4","4","4","09",0,1,"A",,,,"Y",,1500,10,"D","C","A","LIVE OAK BOULEVARD","STATE ROUTE 99",0,,"Y","2016-10-19",9285,"2016-10-13",1455,"017534",,"2","9","0","2",,"1","073","-","Y",,0,0,,,0,,,,"Y",2,"A","-",21802,"A","N","A","H","-","A","A","0","Y","A","01",0,0,1,0,0,0,0,0,0,"-","-","UNINCORPORATED","SUTTER","CA",-121.64155,39.21803
"90296717",-121.6886627,38.920511,2016,"5100","3","5","3","01",0,1,"A",,,,,"Y",300,9,"F","A","A","STATE HIGHWAY 113","SUBACCO RD",1056,"S","N","2016-10-20",9285,"2016-09-16",52,"017129",,"3","9","0","1",,"2","031","-","Y",,0,0,,,0,,,,"Y",1,"A","-",23152,"A","N","A","H","-","D","D","0","Y","A","01",0,1,0,0,0,0,0,0,0,"-","-","UNINCORPORATED","SUTTER","CA",-121.68889,38.92034
"90297218",0,0,2016,"5100","5","7","4","05",0,2,"A",,,,"Y",,900,10,"A","C","A","FRANKLIN AVENUE ","ACACIA AVENUE ",400,"S","N","2016-10-20",9285,"2016-10-09",750,"017118",,"1","9","0","3",,"1","005","-","N",,0,0,,,0,,,,"Y",2,"A","-",21650,,"N","A","H","-","A","D","0","Y","A","01",0,0,2,0,0,0,0,0,0,"-","-","UNINCORPORATED","SUTTER","CA",-121.75442,39.12776
"90299123",-121.6402743,39.2664147,2016,"5100","5","5","3","06",0,3,"A",,,,,,1800,10,"D","C","A","KENT AVENUE","BISHOP AVENUE",2640,"N","N","2016-10-24",9285,"2016-10-21",1725,"014793",,"2","9","0","3",,"1","007","-","N",,0,0,,,0,,,,"Y",2,"A","-",21750,,"N","A","H","-","A","D","0","Y","A","01",0,2,1,0,0,0,0,0,0,"-","-","UNINCORPORATED","SUTTER","CA",-121.6401,39.26678
"90302475",0,0,2016,"5100","3","5","4","09",0,1,"C",,,,,,1800,10,"D","C","A","SR-99 S/B","LINCOLN ROAD",50,"S","N","2016-10-27",9285,"2016-10-14",1506,"018522",,"2","9","0","1",,"1","051","-","Y",,0,0,,,0,,,,"Y",2,"A","-",21804,"A","N","B","H","-","A","D","0","Y","D","22",0,0,1,0,0,0,0,0,0,"-","-","UNINCORPORATED","SUTTER","CA",-121.63479,39.11252
"90302479",0,0,2016,"5100","3","5","4","12",0,1,"C",,,,,,1800,10,"D","C","A","SR-99 S/B","LINCOLN RD",0,,"Y","2016-10-27",9285,"2016-10-14",1505,"018522",,"2","9","0","1",,"1","051","-","Y",,0,0,,,0,,,,"Y",3,"A","-",21453,"A","N","B","H","-","A","A","0","Y","D","22",0,0,1,0,0,0,0,0,0,"-","-","UNINCORPORATED","SUTTER","CA",-121.63474,39.1128
"90307210",-121.6345945,39.0432209,2016,"5100","3","1","4","08",0,3,"B",,,,,,1500,10,"D","C","A","SR-99","HUTCHINSON RD",1246,"N","N","2016-10-31",9285,"2016-10-17",1228,"014401",,"1","9","0","1",,"1","051","-","Y",,0,0,,,0,,,,"Y",3,"A","-",22107,,"N","A","H","-","A","D","0","Y","D","22",0,0,3,0,0,0,0,0,0,"-","-","UNINCORPORATED","SUTTER","CA",-121.63471,39.04335
"90308008",0,0,2016,"5100","3","2","2","08",0,1,"B",,,,,,600,10,"B","C","A","SR-113 N/B","KNIGHTS RD",400,"S","N","2016-11-01",9285,"2016-10-25",550,"013174",,"3","9","0","1",,"2","031","C","Y",,0,0,,,0,,,,"Y",2,"A","-",22107,,"N","B","H","-","D","D","0","Y","A","01",1,0,0,0,0,0,0,0,0,"-","-","UNINCORPORATED","SUTTER","CA",-121.71447,38.81207
"90308190",-121.487881,38.9075921,2016,"5100","5","7","3","08",0,2,"A",,,,,,1800,10,"E","I","A","NICOLAUS AVENUE","PLEASANT GROVE ROAD",25,"W","N","2016-11-01",9285,"2016-10-30",1550,"017534",,"2","9","0","3",,"1","001","-","N",,0,0,,,0,,,,"Y",1,"A","-",22107,,"N","B","H","-","A","A","0","Y","A","01",0,2,0,0,0,0,0,0,0,"-","-","UNINCORPORATED","SUTTER","CA",-121.48795,38.90761
"90310164",-121.6441756,39.2281602,2016,"5100","3","6","3","04",0,3,"A",,,,,,1500,10,"C","C","A","SR-99","KENT AVE",2640,"N","N","2016-11-07",9285,"2016-10-22",1256,"018986",,"1","9","0","1",,"1","071","-","Y",,0,0,,,0,,,,"Y",3,"A","-",21703,,"N","A","H","-","A","D","0","Y","A","01",0,1,2,0,0,0,0,0,0,"-","-","UNINCORPORATED","SUTTER","CA",-121.64435,39.22842
"90312329",-121.7450132,39.1277151,2016,"5100","5","7","3","01",0,1,"A",,,,,"Y",300,10,"E","I","A","CLEMENTS RD","FRANKLIN RD",0,,"Y","2016-11-07",9285,"2016-10-23",36,"019223",,"3","9","0","3",,"1","007","-","N",,0,0,,,0,,,,"Y",1,"A","-",23152,"A","N","A","H","-","B","A","0","Y","D","22",0,1,0,0,0,0,0,0,0,"-","-","UNINCORPORATED","SUTTER","CA",-121.74489,39.12754
"90312347",-121.6556132,39.1127051,2016,"5100","4","5","4","12",0,2,"B",,,,,,1500,10,"D","C","A","LINCOLN ROAD","SANBORN ROAD",0,,"Y","2016-11-07",9285,"2016-10-28",1445,"014793",,"2","9","0","2",,"1","052","-","N",,0,0,,,0,,,,"Y",2,"A","-",22450,"A","N","B","H","-","A","A","0","Y","D","22",0,0,2,0,0,0,0,0,0,"-","-","UNINCORPORATED","SUTTER","CA",-121.65562,39.1127
"90312722",-121.6439855,39.1433818,2016,"5102","S","2","4","03",0,1,"A",,,,,,1800,11,"C","C","A","STABLER LN","STARR DR",34,"S","N","2016-11-07",9285,"2016-11-01",1535,"13174",,"2","4","0","2",,"2","901","-","N",,0,0,,,0,,,,"Y",2,"A","-",22350,,"N","A","H","-","A","D","0","Y","J","48",0,0,1,0,0,0,0,0,0,"-","-","YUBA CITY","SUTTER","CA",-121.64391,39.14338
"90320508",0,0,2016,"5100","3","1","4","08",0,1,"C",,,,,,2100,10,"C","I","A","SR-99 N/B","NICOLAUS AVE",3960,"N","N","2016-11-16",9285,"2016-10-31",1912,"019830",,"2","9","0","1",,"1","011","-","Y",,0,0,,,0,,,,"Y",1,"A","-",22107,,"N","B","H","-","D","D","0","Y","A","01",0,0,1,0,0,0,0,0,0,"-","-","UNINCORPORATED","SUTTER","CA",-121.59374,38.90858
"90322097",-121.6345931,39.1181851,2016,"5100","3","4","3","00",0,2,"A",,,,,,900,11,"D","C","A","SR-99","RICHLAND ROAD",0,,"Y","2016-11-17",9285,"2016-11-17",600,"014793",,"1","9","0","1",,"1","051","-","Y",,0,0,,,0,,,,"Y",2,"D","-",0,,"N","A","H","-","C","A","0","Y","-","-",0,2,0,0,0,0,0,0,0,"-","-","UNINCORPORATED","SUTTER","CA",-121.63434,39.11818
"90325693",-121.5439531,38.837625,2016,"5100","3","3","2","09",0,5,"A",,,,,,1800,11,"D","C","A","STATE ROUTE 99","CATLETT ROAD",0,,"Y","2016-11-21",9285,"2016-11-16",1700,"015491",,"2","9","0","1",,"1","011","-","Y",,0,0,,,0,,,,"Y",2,"A","-",21802,"A","N","A","H","-","C","A","0","Y","A","01",1,0,4,0,0,0,0,0,0,"-","-","UNINCORPORATED","SUTTER","CA",-121.54359,38.83763
"90325699",-121.6712432,39.3015251,2016,"5100","3","5","4","09",0,1,"A",,,,,,1200,11,"D","C","A","SR-99","LIVE OAK BOULEVARD",0,,"Y","2016-11-21",9285,"2016-11-18",1050,"014793",,"1","9","0","1",,"1","071","-","Y",,0,0,,,0,,,,"N",2,"A","-",21802,"A","N","A","H","-","A","A","0","Y","A","01",0,0,1,0,0,0,0,0,0,"-","-","UNINCORPORATED","SUTTER","CA",-121.6419,39.21811
"90326573",-121.7096233,39.1416018,2016,"5100","3","4","3","08",0,1,"A",,,,,,1500,11,"E","I","A","SR-20","LYTLE ROAD",1056,"E","N","2016-11-21",9285,"2016-11-17",1430,"014793",,"2","9","0","1",,"1","072","-","Y",,0,0,,,0,,,,"Y",1,"A","-",22107,,"N","A","H","-","A","D","0","Y","A","01",0,1,0,0,0,0,0,0,0,"-","-","UNINCORPORATED","SUTTER","CA",-121.70924,39.14166
"90328732",-121.633699,39.0982824,2016,"5100","5","4","4","03",0,2,"A",,,,,,1800,11,"C","C","A","BOGUE ROAD","SR-99",200,"E","N","2016-11-23",9285,"2016-11-17",1620,"014793",,"2","9","0","3",,"1","005","-","Y",,0,0,,,0,,,,"Y",2,"A","-",22350,,"N","A","H","-","A","A","0","Y","A","01",0,0,2,0,0,0,0,0,0,"-","-","UNINCORPORATED","SUTTER","CA",-121.63364,39.09832
"90331256",-121.8932007,39.143134,2016,"5100","3","2","4","03",0,2,"B",,,,,,1500,11,"C","C","A","SR-20","FARMLAN RD",134,"E","N","2016-11-28",9285,"2016-11-15",1433,"013174",,"2","9","0","1",,"1","072","-","Y",,0,0,,,0,,,,"Y",2,"A","-",22350,,"N","A","H","-","A","D","0","Y","A","07",0,0,2,0,0,0,0,0,0,"-","-","UNINCORPORATED","SUTTER","CA",-121.89345,39.14341
"90331262",0,0,2016,"5100","5","2","4","08",0,1,"A",,,,,,900,11,"E","I","A","EL CENTRO BLVD","CORNELIUS AVE",1300,"N","N","2016-11-28",9285,"2016-11-15",715,"013174",,"1","9","0","3",,"1","001","-","N",,0,0,,,0,,,,"Y",1,"A","-",22107,,"N","A","H","-","D","D","0","Y","A","01",0,0,1,0,0,0,0,0,0,"-","-","UNINCORPORATED","SUTTER","CA",-121.54218,38.92789
"90331476",-121.5764004,38.8913413,2016,"5100","3","4","4","01",0,1,"B",,,,,"Y",1800,11,"E","I","A","SR-99","POWERLINE RD",2655,"N","N","2016-11-29",9285,"2016-11-10",1720,"015976",,"2","9","0","1",,"1","011","-","Y",,0,0,,,0,,,,"Y",1,"A","-",23152,"A","N","A","H","-","B","D","0","Y","A","01",0,0,1,0,0,0,0,0,0,"-","-","UNINCORPORATED","SUTTER","CA",-121.57584,38.89074
"90334200",0,0,2016,"5100","3","6","2","03",0,1,"C",,,"Y",,,1200,11,"F","A","A","SR-99 N/B","RIEGO ROAD",2640,"S","N","2016-12-01",9285,"2016-11-19",1030,"016343",,"1","9","0","1",,"1","011","-","Y",,0,0,,,0,,,,"Y",1,"A","-",22350,,"N","B","H","-","A","D","0","Y","C","02",1,0,0,0,0,0,0,0,1,"-","-","UNINCORPORATED","SUTTER","CA",-121.54021,38.74329
"90334514",-121.6522983,39.2501961,2016,"5100","3","3","2","22",0,3,"A",,,,,,2100,6,"D","C","A","SR-99","PASEO ROAD",84,"N","N","2016-12-01",9285,"2016-06-22",1920,"018107",,"2","9","0","1",,"1","071","-","Y",,0,0,,,0,,,,"Y",2,"B","-",0,,"N","A","H","-","A","D","0","Y","J","48",1,1,1,0,0,0,0,0,0,"-","-","UNINCORPORATED","SUTTER","CA",-121.65226,39.2503
"90336496",-121.6346347,39.0901244,2016,"5100","3","4","2","05",0,2,"A",,,,,,900,11,"A","C","A","SR-99","STEWART RD.",1056,"N","N","2016-12-05",9285,"2016-11-17",600,"015976",,"1","9","0","1",,"1","051","-","Y",,0,0,,,0,,,,"Y",2,"A","-",21650,,"N","A","H","-","C","D","0","Y","A","07",1,0,1,0,0,0,0,0,0,"-","-","UNINCORPORATED","SUTTER","CA",-121.63482,39.0899
"90336721",-121.6344421,39.0969324,2016,"5100","3","1","4","03",0,1,"B",,,,,,1800,11,"C","C","A","NORTHBOUND STATE ROUTE 99","BOGUE RD",500,"S","N","2016-12-05",9285,"2016-11-21",1710,"017534",,"2","9","0","1",,"1","051","-","Y",,0,0,,,0,,,,"Y",4,"A","-",22350,,"N","B","H","-","C","D","0","Y","A","01",0,0,1,0,0,0,0,0,0,"-","-","UNINCORPORATED","SUTTER","CA",-121.63442,39.09683
"90339976",-121.6559279,39.1543057,2016,"5100","5","1","4","08",0,1,"A",,,,,,2100,11,"E","I","A","ELMER AVE","BUTTE HOUSE RD",1060,"N","N","2016-12-08",9285,"2016-11-28",1825,"018475",,"2","9","0","3",,"1","007","-","N",,0,0,,,0,,,,"Y",1,"A","-",22107,,"N","A","H","-","D","D","0","Y","A","01",0,0,1,0,0,0,0,0,0,"-","-","UNINCORPORATED","SUTTER","CA",-121.65591,39.15464
"90340010",-121.7133431,39.1417351,2016,"5100","3","1","4","09",0,1,"A",,,,,,900,12,"D","C","A","SR-20","LYTLE RD",0,,"Y","2016-12-08",9285,"2016-12-05",748,"014401",,"1","9","0","1",,"1","072","-","Y",,0,0,,,0,,,,"N",2,"A","-",21804,"A","N","A","H","-","A","D","0","Y","A","01",0,0,1,0,0,0,0,0,0,"-","-","UNINCORPORATED","SUTTER","CA",-121.71334,39.14157
"90342376",0,0,2016,"5100","3","3","4","03",0,3,"A",,,,,,1500,12,"C","C","A","SR-99 N/B","LINCOLN RD",18,"S","N","2016-12-12",9285,"2016-12-07",1400,"018475",,"2","9","0","1",,"1","051","-","Y",,0,0,,,0,,,,"N",2,"A","-",22350,,"N","A","H","-","A","A","0","Y","E","22",0,0,3,0,0,0,0,0,0,"-","-","UNINCORPORATED","SUTTER","CA",-121.63461,39.11255
"90344253",-121.7416524,39.1681326,2016,"5100","4","7","2","03",0,1,"B",,,"Y",,,1500,12,"F","A","A","BUTTE HOUSE ROAD","CYPRESS STREET",6,"E","N","2016-12-14",9285,"2016-12-11",1453,"017534",,"2","9","0","2",,"1","073","-","N",,0,0,,,0,,,,"Y",1,"A","-",22350,,"N","A","H","-","A","D","0","Y","C","02",1,0,0,0,0,0,0,0,1,"-","-","UNINCORPORATED","SUTTER","CA",-121.74127,39.16803
"90344393",-121.6344136,39.0992388,2016,"5100","3","3","4","03",0,1,"A",,,,"Y",,1800,11,"C","C","A","SR-99","BOGUE RD",340,"N","N","2016-12-14",9285,"2016-11-23",1710,"015976",,"2","9","0","1",,"1","051","-","Y",,0,0,,,0,,,,"Y",2,"A","-",22350,,"N","A","H","-","C","A","0","Y","A","01",0,0,1,0,0,0,0,0,0,"-","-","UNINCORPORATED","SUTTER","CA",-121.63464,39.09952
"90347621",0,0,2016,"5100","3","4","3","01",0,4,"C",,,,,"Y",1800,12,"C","C","A","SR-99 S/B","RICHLAND ROAD",500,"N","N","2016-12-19",9285,"2016-12-15",1645,"018522",,"2","9","0","1",,"1","051","-","Y",,0,0,,,0,,,,"Y",3,"A","-",23152,"A","N","A","H","-","D","D","0","Y","A","01",0,2,2,0,0,0,0,0,0,"-","-","UNINCORPORATED","SUTTER","CA",-121.63468,39.1197
"90349970",0,0,2016,"5100","3","4","4","03",0,1,"C",,,,,,1200,12,"C","C","A","SR-99 N/B","BARRY RD",0,,"Y","2016-12-21",9285,"2016-12-15",1015,"018522",,"1","9","0","1",,"1","051","-","Y",,0,0,,,0,,,,"Y",2,"A","-",22350,,"N","B","H","-","A","A","0","Y","D","22",0,0,1,0,0,0,0,0,0,"-","-","UNINCORPORATED","SUTTER","CA",-121.63482,39.07619
"90350565",-121.6719048,39.0165652,2016,"5100","4","4","4","08",0,1,"B",,,,,,1200,12,"E","I","A","S. GEORGE WASHINGTON BLVD.","OBANION RD.",3168,"S","N","2016-12-21",9285,"2016-12-08",955,"015976",,"1","9","0","2",,"1","052","C","N",,0,0,,,0,,,,"Y",1,"A","-",22107,,"N","B","H","-","A","D","0","Y","A","01",0,0,1,0,0,0,0,0,0,"-","-","UNINCORPORATED","SUTTER","CA",-121.67181,39.01801
"90350793",-121.6331632,39.0691051,2016,"5100","3","4","2","09",0,3,"B",,,,"Y",,1500,12,"D","C","A","SR-99","OSWALD RD",0,,"Y","2016-12-21",9285,"2016-12-08",1405,"015976",,"2","9","0","1",,"1","051","C","Y",,0,0,,,0,,,,"Y",2,"A","-",21802,"A","N","B","H","-","A","A","0","Y","G","27",2,0,1,0,0,0,0,0,0,"-","-","UNINCORPORATED","SUTTER","CA",-121.63317,39.06908
"90357306",-121.6067223,38.9277852,2016,"5100","3","4","4","03",0,1,"E",,,,,,600,12,"C","C","A","SR-99","LAUREL AVE",1056,"S","N","2016-12-29",9285,"2016-12-22",550,"015976",,"3","9","0","1",,"1","011","-","Y",,0,0,,,0,,,,"Y",3,"A","-",22350,,"N","B","H","-","D","D","0","Y","A","07",0,0,1,0,0,0,0,0,0,"-","-","UNINCORPORATED","SUTTER","CA",-121.60654,39.92621
"90359770",-121.6889632,39.1414351,2016,"5100","3","1","4","00",0,2,"A",,,,,,1200,12,"D","C","A","STATE ROUTE 20","NORTH TOWNSHIP ROAD",0,,"Y","2017-01-03",9285,"2016-12-19",1115,"017534",,"1","9","0","1",,"1","072","-","Y",,0,0,,,0,,,,"Y",2,"D","-",0,,"N","A","H","-","A","A","0","Y","-","-",0,0,2,0,0,0,0,0,0,"-","-","UNINCORPORATED","SUTTER","CA",-121.6889,39.14144
"90360693",-121.8460842,39.1884992,2016,"5100","5","5","3","08",0,2,"B",,,,,,1200,12,"E","I","A","PASS ROAD","WEST BUTTE RD",12144,"E","N","2017-01-04",9285,"2016-12-23",1125,"018522",,"1","9","0","3",,"1","007","-","N",,0,0,,,0,,,,"Y",1,"A","-",22107,,"N","B","H","-","A","D","0","Y","A","01",0,1,1,0,0,0,0,0,0,"-","-","UNINCORPORATED","SUTTER","CA",-121.8352,39.18717
"90360776",0,0,2016,"5100","5","2","3","01",0,1,"A",,,,,"Y",1800,12,"F","A","A","KEMPTON ROAD","WHEATLAND ROAD",1630,"W","N","2017-01-04",9285,"2016-12-27",1550,"017534",,"2","9","0","3",,"1","001","-","N",,0,0,,,0,,,,"Y",1,"A","-",23152,"F","N","B","H","-","A","D","0","Y","A","01",0,1,0,0,0,0,0,0,0,"-","-","UNINCORPORATED","SUTTER","CA",-121.42029,38.95526
"90370369",-121.5382173,38.779638,2016,"5100","5","5","3","08",0,1,"C",,,,"Y",,1200,12,"F","I","A","SANKEY RD.","SR-99",1584,"E","N","2017-01-17",9285,"2016-12-23",945,"015976",,"1","9","0","3",,"1","001","-","N",,0,0,,,0,,,,"Y",1,"A","-",22107,,"N","B","H","-","A","D","0","Y","F","26",0,1,0,0,0,0,0,0,0,"-","-","UNINCORPORATED","SUTTER","CA",-121.53554,38.77969
"90372584",0,0,2016,"5100","3","1","1","05",1,1,"A",,,,,,600,12,"A","C","A","SR-20 E/B","SOUTHRIDGE BLVD",1090,"E","N","2017-01-19",9285,"2016-12-19",437,"020170",,"3","9","0","1",,"1","072","-","Y",,0,0,,,0,,,,"Y",2,"A","-",21460,"A","N","A","H","-","D","D","0","Y","D","22",0,1,0,0,0,0,0,0,0,"-","-","UNINCORPORATED","SUTTER","CA",-121.79139,39.14934
"90375270",-121.7140868,38.8536427,2016,"5100","3","6","1","03",1,1,"E",,,,,,1200,12,"C","C","A","STATE ROUTE 113","BYINGTON ROAD",1056,"N","N","2017-01-23",9285,"2016-12-24",950,"017534",,"1","9","0","1",,"2","031","-","Y",,0,0,,,0,,,,"Y",2,"A","-",22350,,"N","A","H","-","A","D","0","Y","D","22",0,0,1,0,0,0,0,0,0,"-","-","UNINCORPORATED","SUTTER","CA",-121.5547,38.12791